case,window,horizon,test_fold,run_id,test_year,test_month,train_start_date,train_end_date,test_start_date,test_end_date,train_rows,train_dates,train_symbols,test_rows,test_dates,test_symbols,features,model_name,alpha,model_target_col,model_test_r2,ic_mode,selection_mode,top_n,stock_pool_enabled,stock_pool_name,stock_pool_path,stock_pool_date_lag_sessions,stock_pool_filter_train,stock_pool_filter_selection,stock_pool_add_feature,rows,dates,symbols,sample_grain,ic_grouping,ic_groups,overall_ic,overall_rank_ic,group_ic_mean,group_ic_std,group_ic_ir,group_rank_ic_mean,group_rank_ic_std,group_rank_ic_ir,daily_ic_mean,daily_ic_std,daily_ic_ir,daily_rank_ic_mean,daily_rank_ic_std,daily_rank_ic_ir,mean_label,win_rate,top_score_trades,top_score_groups,top_score_group_cols,top_score_mean_return,top_score_median_return,top_score_win_rate,top_score_return_std
w0931_0940_h1m,09:31-09:40,1m,2022-01,nn_ds350_w0931_0940_h1m_36m_grouped_gated_v2_mse_max30_v1,2022,2022-01,2019-01-02,2021-12-31,2022-01-04,2022-06-30,28460161,730,4648,5380330,117,4751,350,torch_mlp,1.0,target_label,0.0576721608406934,cross_section,cross_section,100,False,,,0,False,False,False,5380330,117,4751,date x symbol x opening_tick,"date,decision_target_timestamp",1170,0.2400257542022328,0.1711757754843696,0.2576520688907727,0.0611263556386206,4.215073288746566,0.1916444220067433,0.0593890982069292,3.226929315191774,0.2417903814620019,0.040849483016554,5.919056095863387,0.1742052005148025,0.0408794186633509,4.261440260425726,-0.0009627722902223,0.3793165103255748,117000,1170,"date,decision_target_timestamp",0.0025839123409241,0.0014938067179173,0.5786666666666667,0.0113270981237292
w0931_0940_h1m,09:31-09:40,1m,2022-07,nn_ds350_w0931_0940_h1m_36m_grouped_gated_v2_mse_max30_v1,2022,2022-07,2019-07-01,2022-06-30,2022-07-01,2022-12-30,29678007,729,4798,5951569,125,4906,350,torch_mlp,1.0,target_label,0.0382597021756102,cross_section,cross_section,100,False,,,0,False,False,False,5951569,125,4906,date x symbol x opening_tick,"date,decision_target_timestamp",1250,0.2027019316524217,0.1626958335998031,0.2117728489971187,0.0511514623039745,4.140113292140696,0.172866403058849,0.0605430021615603,2.855266453380544,0.2026220900351719,0.0279406307041674,7.251879607891246,0.1621895961373216,0.0310091378157452,5.230380705875935,-0.0009624289814382,0.3655306693075389,125000,1250,"date,decision_target_timestamp",0.001837870106101,0.0009950181702151,0.557592,0.0101497527211904
w0931_0940_h1m,09:31-09:40,1m,2023-01,nn_ds350_w0931_0940_h1m_36m_grouped_gated_v2_mse_max30_v1,2023,2023-01,2020-01-02,2022-12-30,2023-01-03,2023-06-30,31086033,728,4983,5780488,118,5036,350,torch_mlp,1.0,target_label,0.0451791313526686,cross_section,cross_section,100,False,,,0,False,False,False,5780488,118,5036,date x symbol x opening_tick,"date,decision_target_timestamp",1180,0.2137548828370294,0.1647803761752639,0.2206123631045606,0.0587868795264079,3.752748315301518,0.1700534807669548,0.0519456461248752,3.273681115798485,0.2111282504015734,0.0302657246411118,6.975820103602767,0.1604846603653073,0.0268973241476054,5.966566022873115,-0.000839582295157,0.3571419921639834,118000,1180,"date,decision_target_timestamp",0.0015526645584031,0.0007296881522051,0.5481949152542372,0.0095774047076702
w0931_0940_h1m,09:31-09:40,1m,2023-07,nn_ds350_w0931_0940_h1m_36m_grouped_gated_v2_mse_max30_v1,2023,2023-07,2020-07-01,2023-06-30,2023-07-03,2023-12-29,32495338,729,5109,6223665,124,5111,350,torch_mlp,1.0,target_label,0.0419546295067654,cross_section,cross_section,100,False,,,0,False,False,False,6223665,124,5111,date x symbol x opening_tick,"date,decision_target_timestamp",1240,0.2013824927069998,0.1477490130983756,0.2155064818281879,0.0648801510330836,3.321608818670859,0.161189814450855,0.0552610944731497,2.9168769816742217,0.1986616463017405,0.0340172721736869,5.840022835676095,0.143041853625282,0.0296480315566861,4.824666128400136,-0.0007912864093668,0.3661432612455844,124000,1240,"date,decision_target_timestamp",0.0013927053660154,0.0004529144498519,0.5287580645161291,0.0103172054514288
w0931_0940_h1m,09:31-09:40,1m,2024-01,nn_ds350_w0931_0940_h1m_36m_grouped_gated_v2_mse_max30_v1,2024,2024-01,2021-01-04,2023-12-29,2024-01-02,2024-06-28,33766250,727,5202,5916143,117,5127,350,torch_mlp,1.0,target_label,0.0421153169407869,cross_section,cross_section,100,False,,,0,False,False,False,5916143,117,5127,date x symbol x opening_tick,"date,decision_target_timestamp",1170,0.1865699016571033,0.1387754028810461,0.2165919369632078,0.0713291719753764,3.0365127053203063,0.1621203297167538,0.0776597274575758,2.087572735885756,0.1948628037979508,0.0443646087734239,4.392302990727172,0.1389733509936577,0.0483136298137788,2.876483334605983,-0.0009418379049748,0.382575776143342,117000,1170,"date,decision_target_timestamp",0.0015455932589247,0.0005556296091526,0.535974358974359,0.010869588702917
w0931_0940_h1m,09:31-09:40,1m,2024-07,nn_ds350_w0931_0940_h1m_36m_grouped_gated_v2_mse_max30_v1,2024,2024-07,2021-07-01,2024-06-28,2024-07-01,2024-12-31,34776925,726,5226,6295947,125,5136,350,torch_mlp,1.0,target_label,0.0304051557292166,cross_section,cross_section,100,False,,,0,False,False,False,6295947,125,5136,date x symbol x opening_tick,"date,decision_target_timestamp",1250,0.1865628640130712,0.143113915180868,0.2091080657004563,0.0739073945631729,2.8293253596122847,0.1671137420551651,0.0893972666798494,1.869338384289028,0.1878325994941473,0.0454303560485343,4.1345174423348405,0.1409098507128415,0.0611080686336666,2.305912359259365,-0.0009550883551128,0.3785559185933426,125000,1250,"date,decision_target_timestamp",0.0016114934114739,0.0003371713683009,0.521952,0.0124000934883952
w0931_0940_h1m,09:31-09:40,1m,2025-01,nn_ds350_w0931_0940_h1m_36m_grouped_gated_v2_mse_max30_v1,2025,2025-01,2022-01-04,2024-12-31,2025-01-02,2025-06-30,35548142,726,5260,5952000,117,5167,350,torch_mlp,1.0,target_label,0.0203479002580152,cross_section,cross_section,100,False,,,0,False,False,False,5952000,117,5167,date x symbol x opening_tick,"date,decision_target_timestamp",1170,0.1475806743385829,0.1205043440602305,0.1611659921666295,0.0706852090941176,2.280052563076334,0.1360627085768945,0.082612115757733,1.6470067051170785,0.1447514093193149,0.0386154600787783,3.7485351469077832,0.1163608029266617,0.0415314865960428,2.8017490454519085,-0.0008046282455325,0.3781586021505376,117000,1170,"date,decision_target_timestamp",0.0008796931942924,-0.0001126389106502,0.491025641025641,0.0108807729557156
w0931_0940_h1m,09:31-09:40,1m,2025-07,nn_ds350_w0931_0940_h1m_36m_grouped_gated_v2_mse_max30_v1,2025,2025-07,2022-07-01,2025-06-30,2025-07-01,2025-12-31,36119812,726,5266,6451329,126,5195,350,torch_mlp,1.0,target_label,0.0197153447876377,cross_section,cross_section,100,False,,,0,False,False,False,6451329,126,5195,date x symbol x opening_tick,"date,decision_target_timestamp",1260,0.1400282247941756,0.1253638902725773,0.1499541439476401,0.0723716239608939,2.0720019220332557,0.1372165770680022,0.0760896277631927,1.8033545583249488,0.1396674589593152,0.0439095193258368,3.180801363888613,0.1259960886350574,0.0433119150329764,2.909039892120391,-0.0006317308871075,0.3768098015153157,126000,1260,"date,decision_target_timestamp",0.0006766170845367,-0.000192301813513,0.4853412698412698,0.0106374574825167
w0931_0940_h3m,09:31-09:40,3m,2022-01,nn_ds350_w0931_0940_h3m_36m_grouped_gated_v2_mse_max30_v1,2022,2022-01,2019-01-02,2021-12-31,2022-01-04,2022-06-30,28429508,730,4648,5375724,117,4751,350,torch_mlp,1.0,target_label,0.0302026571557221,cross_section,cross_section,100,False,,,0,False,False,False,5375724,117,4751,date x symbol x opening_tick,"date,decision_target_timestamp",1170,0.1812040063274509,0.1283817467089694,0.1907900032722936,0.0568127052205597,3.358227750845587,0.1395840218795011,0.0593975963295483,2.3499944527227075,0.1836692849667943,0.0361514896071182,5.080545420475004,0.1313191319042156,0.0413511808528261,3.175704519094537,-0.0008618325809948,0.4126298150723512,117000,1170,"date,decision_target_timestamp",0.0030877029057592,0.0014632805250585,0.5567264957264957,0.0156909301877021
w0931_0940_h3m,09:31-09:40,3m,2022-07,nn_ds350_w0931_0940_h3m_36m_grouped_gated_v2_mse_max30_v1,2022,2022-07,2019-07-01,2022-06-30,2022-07-01,2022-12-30,29645636,729,4798,5947192,125,4906,350,torch_mlp,1.0,target_label,0.0164534947703777,cross_section,cross_section,100,False,,,0,False,False,False,5947192,125,4906,date x symbol x opening_tick,"date,decision_target_timestamp",1250,0.1443008561632289,0.1169202620055063,0.1495849462488595,0.0473511090462024,3.1590589800738,0.1243940010198716,0.0534412019248331,2.3276797029160394,0.1448780327193111,0.0283936942427825,5.102472101041869,0.1167114511532859,0.0320941560259949,3.636532802381666,-0.0008937518578022,0.3985364857902687,125000,1250,"date,decision_target_timestamp",0.002091568429023,0.0007973990868777,0.53244,0.0141710406169295
w0931_0940_h3m,09:31-09:40,3m,2023-01,nn_ds350_w0931_0940_h3m_36m_grouped_gated_v2_mse_max30_v1,2023,2023-01,2020-01-02,2022-12-30,2023-01-03,2023-06-30,31056994,728,4983,5774957,118,5036,350,torch_mlp,1.0,target_label,0.0206398757383894,cross_section,cross_section,100,False,,,0,False,False,False,5774957,118,5036,date x symbol x opening_tick,"date,decision_target_timestamp",1180,0.1474010037459238,0.1093549229955334,0.1507998261676738,0.0548445437220051,2.749586666853221,0.1142366613230612,0.0530370308994336,2.1539037797887204,0.145962442517599,0.0293546640395577,4.9723765300431655,0.1068338460632203,0.0312910397519856,3.4141993014610863,-0.0006942255422472,0.3997234957766785,118000,1180,"date,decision_target_timestamp",0.001816744916141,0.0005096502718515,0.5256101694915254,0.0134543105959892
w0931_0940_h3m,09:31-09:40,3m,2023-07,nn_ds350_w0931_0940_h3m_36m_grouped_gated_v2_mse_max30_v1,2023,2023-07,2020-07-01,2023-06-30,2023-07-03,2023-12-29,32466314,729,5109,6219315,124,5111,350,torch_mlp,1.0,target_label,0.0208370537910264,cross_section,cross_section,100,False,,,0,False,False,False,6219315,124,5111,date x symbol x opening_tick,"date,decision_target_timestamp",1240,0.1442400975592817,0.1015048816709553,0.1534682286310756,0.0555103732909715,2.764676573631262,0.114761122643327,0.0572239269778503,2.005474435331006,0.1430751695071391,0.0296593818352338,4.823943071435596,0.1000721619269555,0.0351503134727969,2.846977794505362,-0.0007051394786685,0.4025507632271399,124000,1240,"date,decision_target_timestamp",0.0016597540816292,0.0002618576399981,0.5129193548387097,0.014190562069416
w0931_0940_h3m,09:31-09:40,3m,2024-01,nn_ds350_w0931_0940_h3m_36m_grouped_gated_v2_mse_max30_v1,2024,2024-01,2021-01-04,2023-12-29,2024-01-02,2024-06-28,33737732,727,5202,5912478,117,5127,350,torch_mlp,1.0,target_label,0.0208535921847556,cross_section,cross_section,100,False,,,0,False,False,False,5912478,117,5127,date x symbol x opening_tick,"date,decision_target_timestamp",1170,0.126853914817874,0.0856202570859267,0.1532333125573408,0.0679678136468644,2.2544981857660487,0.1030985075783281,0.0768979706538339,1.3407181841304918,0.1396921625976242,0.0408910374867527,3.4162048992491254,0.0857136766187698,0.0511542786186972,1.6755915425506736,-0.0009591226116754,0.4093434258867433,117000,1170,"date,decision_target_timestamp",0.0017784119118005,0.0001279010612051,0.5093247863247863,0.015495398081839
w0931_0940_h3m,09:31-09:40,3m,2024-07,nn_ds350_w0931_0940_h3m_36m_grouped_gated_v2_mse_max30_v1,2024,2024-07,2021-07-01,2024-06-28,2024-07-01,2024-12-31,34749484,726,5226,6291166,125,5136,350,torch_mlp,1.0,target_label,0.0027393213383107,cross_section,cross_section,100,False,,,0,False,False,False,6291166,125,5136,date x symbol x opening_tick,"date,decision_target_timestamp",1250,0.12269292185987,0.0905623916625345,0.1391938381501939,0.0696370903806422,1.998846266972796,0.1100170341241799,0.0890719130489883,1.2351484363389844,0.1270404872230298,0.0453430136283726,2.801765411188647,0.0949088722043529,0.0654524106305984,1.4500439523916298,-0.0008088800823315,0.4184430994190902,125000,1250,"date,decision_target_timestamp",0.0018383332062512,2.610747833386995e-05,0.505984,0.0165622942149639
w0931_0940_h3m,09:31-09:40,3m,2025-01,nn_ds350_w0931_0940_h3m_36m_grouped_gated_v2_mse_max30_v1,2025,2025-01,2022-01-04,2024-12-31,2025-01-02,2025-06-30,35520832,726,5260,5949488,117,5167,350,torch_mlp,1.0,target_label,0.0093415516952799,cross_section,cross_section,100,False,,,0,False,False,False,5949488,117,5167,date x symbol x opening_tick,"date,decision_target_timestamp",1170,0.0994349273714698,0.0670316902180853,0.1132212028408589,0.0608491857880498,1.8606855847707076,0.0799436073393008,0.0766748685351722,1.0426311628122205,0.1039324254059902,0.0368645020083796,2.81930908445109,0.0653937099614242,0.0483277579444548,1.3531293969106528,-0.0006866391631774,0.4168656193608593,117000,1170,"date,decision_target_timestamp",0.0011788085103034,-0.0003039854054804,0.4834188034188034,0.0145253483206033
w0931_0940_h3m,09:31-09:40,3m,2025-07,nn_ds350_w0931_0940_h3m_36m_grouped_gated_v2_mse_max30_v1,2025,2025-07,2022-07-01,2025-06-30,2025-07-01,2025-12-31,36094596,726,5266,6449988,126,5195,350,torch_mlp,1.0,target_label,0.00671385963878,cross_section,cross_section,100,False,,,0,False,False,False,6449988,126,5195,date x symbol x opening_tick,"date,decision_target_timestamp",1260,0.0934507193543295,0.0787426815061645,0.1003462575973544,0.0581053434100216,1.7269712509787414,0.0865783281870718,0.069557794427648,1.2446962831337045,0.095773408364547,0.0333046501196546,2.875676760466146,0.0793275423587251,0.0459491095216663,1.7264217562544908,-0.000484672433231,0.4147772057870495,126000,1260,"date,decision_target_timestamp",0.0011025967542082,-0.0003111744881607,0.4837063492063492,0.0149253960698843
w0931_0940_h5m,09:31-09:40,5m,2022-01,nn_ds350_w0931_0940_h5m_36m_grouped_gated_v2_mse_max30_v1,2022,2022-01,2019-01-02,2021-12-31,2022-01-04,2022-06-30,28400134,730,4648,5371645,117,4751,350,torch_mlp,1.0,target_label,0.0168468327813677,cross_section,cross_section,100,False,,,0,False,False,False,5371645,117,4751,date x symbol x opening_tick,"date,decision_target_timestamp",1170,0.1585540699677909,0.1179490103635398,0.1613095540236562,0.053397217607999,3.020935570236372,0.1201873482754213,0.056722633292986,2.1188605200083845,0.1585922487739505,0.0333205080216355,4.759598763349404,0.1176878511518222,0.0403184548810654,2.918957373217481,-0.0007944192038848,0.4241799299842041,117000,1170,"date,decision_target_timestamp",0.0033526308834552,0.0013469000114127,0.5453931623931624,0.0182268023490905
w0931_0940_h5m,09:31-09:40,5m,2022-07,nn_ds350_w0931_0940_h5m_36m_grouped_gated_v2_mse_max30_v1,2022,2022-07,2019-07-01,2022-06-30,2022-07-01,2022-12-30,29615667,729,4798,5942728,125,4906,350,torch_mlp,1.0,target_label,0.010029805503576,cross_section,cross_section,100,False,,,0,False,False,False,5942728,125,4906,date x symbol x opening_tick,"date,decision_target_timestamp",1250,0.1233520251391263,0.0998479537242259,0.1269367944309624,0.0458220959416392,2.770209258708593,0.1060696942615928,0.0478741001741557,2.2155966143642183,0.1260515311878735,0.0299054634884476,4.2150000864078505,0.1043035672331535,0.0315687388205097,3.3040143867067915,-0.0008262821356765,0.4107177713669547,125000,1250,"date,decision_target_timestamp",0.0022869915701448,0.0005966525059193,0.522608,0.0164940562099218
w0931_0940_h5m,09:31-09:40,5m,2023-01,nn_ds350_w0931_0940_h5m_36m_grouped_gated_v2_mse_max30_v1,2023,2023-01,2020-01-02,2022-12-30,2023-01-03,2023-06-30,31028339,728,4983,5770590,118,5036,350,torch_mlp,1.0,target_label,0.0120455409412657,cross_section,cross_section,100,False,,,0,False,False,False,5770590,118,5036,date x symbol x opening_tick,"date,decision_target_timestamp",1180,0.1225684217122301,0.0905378639034541,0.1246509095126545,0.0512806483050876,2.430759236331409,0.094126154699327,0.0495218524531907,1.900699388987868,0.1219648240069296,0.0303207463356415,4.022487529060653,0.0892328513905062,0.0342161915430801,2.6079130191376483,-0.0005592267843894,0.4186847445408528,118000,1180,"date,decision_target_timestamp",0.0020512007176876,0.0002605681656859,0.5125508474576271,0.0163417793810367
w0931_0940_h5m,09:31-09:40,5m,2023-07,nn_ds350_w0931_0940_h5m_36m_grouped_gated_v2_mse_max30_v1,2023,2023-07,2020-07-01,2023-06-30,2023-07-03,2023-12-29,32437127,729,5109,6215850,124,5111,350,torch_mlp,1.0,target_label,0.0140345779301395,cross_section,cross_section,100,False,,,0,False,False,False,6215850,124,5111,date x symbol x opening_tick,"date,decision_target_timestamp",1240,0.1213857553323004,0.0788632770699089,0.1283702506597981,0.0530283184780617,2.4207867483655154,0.0913659615194561,0.0541530082174907,1.6871816456162458,0.1214107964061447,0.0310273705524226,3.913022413582027,0.0795726068868596,0.0387013110214355,2.0560700603343043,-0.0006694326875731,0.4115667205611461,124000,1240,"date,decision_target_timestamp",0.0019655937794595,0.0001592699554748,0.5081935483870967,0.016657780855894
w0931_0940_h5m,09:31-09:40,5m,2024-01,nn_ds350_w0931_0940_h5m_36m_grouped_gated_v2_mse_max30_v1,2024,2024-01,2021-01-04,2023-12-29,2024-01-02,2024-06-28,33708468,727,5202,5909581,117,5127,350,torch_mlp,1.0,target_label,0.0098885223046393,cross_section,cross_section,100,False,,,0,False,False,False,5909581,117,5127,date x symbol x opening_tick,"date,decision_target_timestamp",1170,0.0952565589492495,0.0691998069417562,0.1234547112336727,0.0694395187321727,1.777873946820339,0.0828809949904785,0.076349540916435,1.0855467367013012,0.1175126301797942,0.0433276975677273,2.7121826632053385,0.0716513868116744,0.0547363167681112,1.3090282840042626,-0.001017891918309,0.4176829118680326,117000,1170,"date,decision_target_timestamp",0.0018585950601845,3.667978276666872e-08,0.5062649572649572,0.0174813792109489
w0931_0940_h5m,09:31-09:40,5m,2024-07,nn_ds350_w0931_0940_h5m_36m_grouped_gated_v2_mse_max30_v1,2024,2024-07,2021-07-01,2024-06-28,2024-07-01,2024-12-31,34722119,726,5226,6288286,125,5136,350,torch_mlp,1.0,target_label,-0.0023027271150415,cross_section,cross_section,100,False,,,0,False,False,False,6288286,125,5136,date x symbol x opening_tick,"date,decision_target_timestamp",1250,0.109916156050154,0.0721472801303784,0.1165740182212854,0.0682630212221576,1.7077184123143738,0.0868055810647763,0.0882873971550235,0.983215995283615,0.1106234437755459,0.0452626974725158,2.4440311769469347,0.0797739099793744,0.0671001256871336,1.1888786967603404,-0.0007250906201079,0.435779002418147,125000,1250,"date,decision_target_timestamp",0.0021967478096485,0.0,0.499528,0.0195493176579475
w0931_0940_h5m,09:31-09:40,5m,2025-01,nn_ds350_w0931_0940_h5m_36m_grouped_gated_v2_mse_max30_v1,2025,2025-01,2022-01-04,2024-12-31,2025-01-02,2025-06-30,35498680,726,5260,5947491,117,5167,350,torch_mlp,1.0,target_label,0.0035880763445892,cross_section,cross_section,100,False,,,0,False,False,False,5947491,117,5167,date x symbol x opening_tick,"date,decision_target_timestamp",1170,0.0859558362241529,0.0526333971262918,0.0956214291785118,0.0590381115968756,1.6196559576877154,0.0624860280829889,0.0732083791817479,0.8535365593583278,0.0913296078763269,0.0343155658822385,2.661462969596496,0.0527133868614592,0.0513358701605594,1.026833414853814,-0.0005146987386979,0.4398252977600134,117000,1170,"date,decision_target_timestamp",0.0015561513137072,-0.000303738808725,0.4848119658119658,0.0175169222056865
w0931_0940_h5m,09:31-09:40,5m,2025-07,nn_ds350_w0931_0940_h5m_36m_grouped_gated_v2_mse_max30_v1,2025,2025-07,2022-07-01,2025-06-30,2025-07-01,2025-12-31,36074526,726,5266,6448899,126,5195,350,torch_mlp,1.0,target_label,0.0042696519907324,cross_section,cross_section,100,False,,,0,False,False,False,6448899,126,5195,date x symbol x opening_tick,"date,decision_target_timestamp",1260,0.080751567540751,0.0600360122656585,0.0870668111229261,0.055820010017098,1.5597777767552703,0.0689677608365391,0.0741237054377909,0.9304413538044324,0.0850110835308602,0.0338809760172896,2.509109639801361,0.0632805293029304,0.0530998434014532,1.1917272302388475,-0.0003998740285169,0.4286516194469785,126000,1260,"date,decision_target_timestamp",0.0013335003750398,-0.0003486925852485,0.4827142857142857,0.017213974148035
w0931_0940_h10m,09:31-09:40,10m,2022-01,nn_ds350_w0931_0940_h10m_36m_grouped_gated_v2_mse_max30_v1,2022,2022-01,2019-01-02,2021-12-31,2022-01-04,2022-06-30,28332894,730,4648,5361487,117,4751,350,torch_mlp,1.0,target_label,0.0048480717461066,cross_section,cross_section,100,False,,,0,False,False,False,5361487,117,4751,date x symbol x opening_tick,"date,decision_target_timestamp",1170,0.1352766431937088,0.1028171298854048,0.1334411007042014,0.050630545954337,2.635584866585285,0.0976005447742833,0.0549808191496962,1.7751744387173725,0.1335896306774478,0.036653593378541,3.644653043912968,0.0984824920439121,0.0460071128646837,2.1405927455949945,-0.0005650711827911,0.4426204894276532,117000,1170,"date,decision_target_timestamp",0.0039770011790096,0.0013391633983701,0.5371025641025641,0.0225355457514524
w0931_0940_h10m,09:31-09:40,10m,2022-07,nn_ds350_w0931_0940_h10m_36m_grouped_gated_v2_mse_max30_v1,2022,2022-07,2019-07-01,2022-06-30,2022-07-01,2022-12-30,29545469,729,4798,5928910,125,4906,350,torch_mlp,1.0,target_label,0.0011113847882175,cross_section,cross_section,100,False,,,0,False,False,False,5928910,125,4906,date x symbol x opening_tick,"date,decision_target_timestamp",1250,0.0954612994665646,0.0740800405253381,0.0991096750061542,0.0465325819812857,2.1298984665414378,0.0814364283693399,0.0469543069124372,1.7343761142339218,0.0996005039600716,0.031537361109926,3.158174953602048,0.0806189367591656,0.0333851776913132,2.414812271019974,-0.0007679384434595,0.4165794387163913,125000,1250,"date,decision_target_timestamp",0.0026780164334923,0.0003126309602521,0.512,0.020413277670741
w0931_0940_h10m,09:31-09:40,10m,2023-01,nn_ds350_w0931_0940_h10m_36m_grouped_gated_v2_mse_max30_v1,2023,2023-01,2020-01-02,2022-12-30,2023-01-03,2023-06-30,30960137,728,4983,5756400,118,5036,350,torch_mlp,1.0,target_label,-7.420492641685428e-06,cross_section,cross_section,100,False,,,0,False,False,False,5756400,118,5036,date x symbol x opening_tick,"date,decision_target_timestamp",1180,0.089187890855662,0.0667206350478015,0.0911254472480148,0.0506248323879838,1.8000147941160225,0.0700233726508595,0.0455495825533283,1.53729998664374,0.0897915876822436,0.0333868578546195,2.6894291182846293,0.0654527770164531,0.0337134952148851,1.9414414494630785,-0.0002828820142894,0.4431411993607115,118000,1180,"date,decision_target_timestamp",0.0022762732114642,2.793185771565732e-08,0.5017033898305084,0.0203276518732309
w0931_0940_h10m,09:31-09:40,10m,2023-07,nn_ds350_w0931_0940_h10m_36m_grouped_gated_v2_mse_max30_v1,2023,2023-07,2020-07-01,2023-06-30,2023-07-03,2023-12-29,32365798,729,5109,6205900,124,5111,350,torch_mlp,1.0,target_label,0.0027460117432535,cross_section,cross_section,100,False,,,0,False,False,False,6205900,124,5111,date x symbol x opening_tick,"date,decision_target_timestamp",1240,0.0943585865906479,0.062157292325321,0.0976071400029745,0.0550210442085269,1.7739965027389963,0.0707503459358341,0.0576309597901068,1.2276447623553106,0.0950923430807614,0.0337035591731052,2.821433267399348,0.0643559027105901,0.0449417358772655,1.4319852461049587,-0.0007105362019501,0.409689972445576,124000,1240,"date,decision_target_timestamp",0.0023594812955707,-3.730755082642645e-08,0.4970322580645161,0.0200020093470811
w0931_0940_h10m,09:31-09:40,10m,2024-01,nn_ds350_w0931_0940_h10m_36m_grouped_gated_v2_mse_max30_v1,2024,2024-01,2021-01-04,2023-12-29,2024-01-02,2024-06-28,33635735,727,5202,5902749,117,5127,350,torch_mlp,1.0,target_label,-0.0117741670393425,cross_section,cross_section,100,False,,,0,False,False,False,5902749,117,5127,date x symbol x opening_tick,"date,decision_target_timestamp",1170,0.0517508479620963,0.0546883880976576,0.0828368673854059,0.0779069813513236,1.0632791304267175,0.0560380265108287,0.0893862247966347,0.6269201617846879,0.0829265082778019,0.0575848830715912,1.440074266968734,0.0546385059249014,0.0684921980891503,0.7977332812969913,-0.0013146793935447,0.4225251658168084,117000,1170,"date,decision_target_timestamp",0.0013384465128183,-0.0002954344672616,0.4827692307692308,0.0214766953140497
w0931_0940_h10m,09:31-09:40,10m,2024-07,nn_ds350_w0931_0940_h10m_36m_grouped_gated_v2_mse_max30_v1,2024,2024-07,2021-07-01,2024-06-28,2024-07-01,2024-12-31,34652676,726,5226,6278419,125,5136,350,torch_mlp,1.0,target_label,-0.0225652865112677,cross_section,cross_section,100,False,,,0,False,False,False,6278419,125,5136,date x symbol x opening_tick,"date,decision_target_timestamp",1250,0.076277716504168,0.0515152809179139,0.0814097062889205,0.0648944482711603,1.2544941587106404,0.0599514970981035,0.0816766626468071,0.7340101218061594,0.0836255411803465,0.0447578921831114,1.8683976635499628,0.0643724396008359,0.066488399300552,0.9681755054719968,-0.0004704183374997,0.4621561574657569,125000,1250,"date,decision_target_timestamp",0.0025598539505153,-5.0292645603633446e-09,0.498872,0.0238733906298875
w0931_0940_h10m,09:31-09:40,10m,2025-01,nn_ds350_w0931_0940_h10m_36m_grouped_gated_v2_mse_max30_v1,2025,2025-01,2022-01-04,2024-12-31,2025-01-02,2025-06-30,35433865,726,5260,5941837,117,5167,350,torch_mlp,1.0,target_label,-0.0052502725059093,cross_section,cross_section,100,False,,,0,False,False,False,5941837,117,5167,date x symbol x opening_tick,"date,decision_target_timestamp",1170,0.0603072563406184,0.0405312666939391,0.0683392266613498,0.0542745909420141,1.2591384932658831,0.0466841385875645,0.0643080020042797,0.7259460274392873,0.0678172779026153,0.0357807664478235,1.89535565152044,0.0426738593272964,0.0498780209154552,0.8555644058057132,-0.0002297638566233,0.4616116194368846,117000,1170,"date,decision_target_timestamp",0.0018450011266395,-0.0002628113725222,0.4844102564102564,0.0208174604922533
w0931_0940_h10m,09:31-09:40,10m,2025-07,nn_ds350_w0931_0940_h10m_36m_grouped_gated_v2_mse_max30_v1,2025,2025-07,2022-07-01,2025-06-30,2025-07-01,2025-12-31,36014215,726,5266,6445091,126,5195,350,torch_mlp,1.0,target_label,-0.0076437562714102,cross_section,cross_section,100,False,,,0,False,False,False,6445091,126,5195,date x symbol x opening_tick,"date,decision_target_timestamp",1260,0.0562211417560019,0.0480665056467121,0.0598638861074755,0.0591356365770174,1.0123149013456487,0.0510338829415045,0.078649779460635,0.6488750927400561,0.0606234322369246,0.0375671399957054,1.613735627568532,0.0523804425689568,0.0591481235173049,0.8855808004396271,-0.0002939051482826,0.4401919228138128,126000,1260,"date,decision_target_timestamp",0.0013348058564588,-0.000634788069874,0.4770396825396825,0.0217071250081062
w0931_0940_h1h,09:31-09:40,1h,2022-01,nn_ds350_w0931_0940_h1h_36m_grouped_gated_v2_mse_max30_v1,2022,2022-01,2019-01-02,2021-12-31,2022-01-04,2022-06-30,27494576,730,4648,5215178,117,4751,350,torch_mlp,1.0,target_label,-0.0131457354616091,cross_section,cross_section,100,False,,,0,False,False,False,5215178,117,4751,date x symbol x opening_tick,"date,decision_target_timestamp",1170,0.0920337253842909,0.070040511546979,0.0870330830816586,0.0506648040379814,1.717821369967467,0.0527147381904171,0.0499386632091391,1.055589693493635,0.0892428658355018,0.0410694803602594,2.172972851194311,0.0562181383349107,0.0439661500797605,1.2786686628900512,-8.435444760834798e-05,0.4578158214350498,117000,1170,"date,decision_target_timestamp",0.0056634079664945,0.0008949091425165,0.5198803418803419,0.0339553877711296
w0931_0940_h1h,09:31-09:40,1h,2022-07,nn_ds350_w0931_0940_h1h_36m_grouped_gated_v2_mse_max30_v1,2022,2022-07,2019-07-01,2022-06-30,2022-07-01,2022-12-30,28643835,729,4798,5776247,125,4906,350,torch_mlp,1.0,target_label,-0.0072802988106981,cross_section,cross_section,100,False,,,0,False,False,False,5776247,125,4906,date x symbol x opening_tick,"date,decision_target_timestamp",1250,0.0638893669045665,0.0486074178739158,0.0644323435604894,0.0425419070929932,1.5145617101660604,0.0443539921146262,0.0445433407954312,0.9957491136178004,0.0651742932620709,0.0327481290403575,1.990168451509172,0.0449944580373932,0.0373814762794778,1.2036565303359863,-0.0002190014347434,0.4548879229021889,125000,1250,"date,decision_target_timestamp",0.0040125595405697,0.000116878101835,0.507048,0.0304131899029016
w0931_0940_h1h,09:31-09:40,1h,2023-01,nn_ds350_w0931_0940_h1h_36m_grouped_gated_v2_mse_max30_v1,2023,2023-01,2020-01-02,2022-12-30,2023-01-03,2023-06-30,30087100,728,4983,5616799,118,5036,350,torch_mlp,1.0,target_label,-0.0078145635187196,cross_section,cross_section,100,False,,,0,False,False,False,5616799,118,5036,date x symbol x opening_tick,"date,decision_target_timestamp",1180,0.0588716349982486,0.0363944099315395,0.0574738146799498,0.04958191220142,1.159168981754272,0.0312757673195104,0.0526044359488654,0.5945461966346772,0.0576084672169124,0.0407663211126545,1.4131387293377755,0.0297177687465422,0.0473613705001918,0.6274685135309144,-0.0005019362433813,0.4365310206044404,118000,1180,"date,decision_target_timestamp",0.0027601781766861,-0.0009512440301477,0.4789067796610169,0.0300909429788589
w0931_0940_h1h,09:31-09:40,1h,2023-07,nn_ds350_w0931_0940_h1h_36m_grouped_gated_v2_mse_max30_v1,2023,2023-07,2020-07-01,2023-06-30,2023-07-03,2023-12-29,31483747,729,5109,6068960,124,5111,350,torch_mlp,1.0,target_label,-0.0069099726839545,cross_section,cross_section,100,False,,,0,False,False,False,6068960,124,5111,date x symbol x opening_tick,"date,decision_target_timestamp",1240,0.0604051051844651,0.0313071499234468,0.0623057981987813,0.0544402135893495,1.1444811489676183,0.0333777205065535,0.0501943289298287,0.6649699521476895,0.0619206056628818,0.0431506269158591,1.4349873938940216,0.0297589700995495,0.0440283022322078,0.675905465139195,-0.000366929161828,0.4285735941578129,124000,1240,"date,decision_target_timestamp",0.0036079683341085,-0.000402889738325,0.4876451612903226,0.0304227154701948
w0931_0940_h1h,09:31-09:40,1h,2024-01,nn_ds350_w0931_0940_h1h_36m_grouped_gated_v2_mse_max30_v1,2024,2024-01,2021-01-04,2023-12-29,2024-01-02,2024-06-28,32739998,727,5202,5782617,117,5127,350,torch_mlp,1.0,target_label,-0.0165712641296831,cross_section,cross_section,100,False,,,0,False,False,False,5782617,117,5127,date x symbol x opening_tick,"date,decision_target_timestamp",1170,0.0495503744888536,0.0487166235921657,0.0537614023580323,0.0697693675895504,0.7705588314101945,0.0269377010898351,0.0963206489641685,0.2796669393273709,0.0556196281732498,0.0596154476279337,0.9329734219287884,0.0285599151717942,0.0866344059659643,0.3296601950847844,-0.0010670472402125,0.4500325717577353,117000,1170,"date,decision_target_timestamp",0.00260143680498,-0.0002291112323291,0.4866837606837607,0.0316061340272426
w0931_0940_h1h,09:31-09:40,1h,2024-07,nn_ds350_w0931_0940_h1h_36m_grouped_gated_v2_mse_max30_v1,2024,2024-07,2021-07-01,2024-06-28,2024-07-01,2024-12-31,33812969,726,5226,6103425,125,5136,350,torch_mlp,1.0,target_label,-0.0363541455820575,cross_section,cross_section,100,False,,,0,False,False,False,6103425,125,5136,date x symbol x opening_tick,"date,decision_target_timestamp",1250,0.05495065498855,0.0457803366932409,0.0500228469897587,0.0594199316691948,0.8418529874495323,0.0260070746339792,0.0685230249802857,0.3795377486831843,0.05176730885665,0.0443366221641606,1.1675970412219607,0.0273831736379247,0.0630430609927425,0.4343566636314992,-0.0003135740989819,0.4733126072655926,125000,1250,"date,decision_target_timestamp",0.0040118005126714,-2.9119824773715663e-08,0.494032,0.0366631932556629
w0931_0940_h1h,09:31-09:40,1h,2025-01,nn_ds350_w0931_0940_h1h_36m_grouped_gated_v2_mse_max30_v1,2025,2025-01,2022-01-04,2024-12-31,2025-01-02,2025-06-30,34563226,726,5260,5848831,117,5167,350,torch_mlp,1.0,target_label,-0.026977438322681,cross_section,cross_section,100,False,,,0,False,False,False,5848831,117,5167,date x symbol x opening_tick,"date,decision_target_timestamp",1170,0.0334406165359643,0.0203238715223199,0.0419309703334937,0.0526135026592578,0.7969621525685593,0.0172298008584467,0.0615122505264502,0.2801035681670905,0.0423393991357437,0.0443199907762043,0.9553115511584434,0.0135287899054267,0.0560396294484619,0.241414692398507,0.0011156133841723,0.4901895780541445,117000,1170,"date,decision_target_timestamp",0.003911015111953,-2.807249302350101e-06,0.4921623931623932,0.0327506028115749
w0931_0940_h1h,09:31-09:40,1h,2025-07,nn_ds350_w0931_0940_h1h_36m_grouped_gated_v2_mse_max30_v1,2025,2025-07,2022-07-01,2025-06-30,2025-07-01,2025-12-31,35196879,726,5266,6379764,126,5195,350,torch_mlp,1.0,target_label,-0.0192794580005102,cross_section,cross_section,100,False,,,0,False,False,False,6379764,126,5195,date x symbol x opening_tick,"date,decision_target_timestamp",1260,0.0325766789979959,0.0181144400544634,0.0354245249671488,0.0441414992745659,0.8025220155483092,0.018701267521389,0.0494529848793227,0.3781625632310097,0.0360084352834887,0.0334421183408372,1.0767390664818517,0.0199898328834214,0.0433659417112148,0.4609569651810858,-9.896845585899428e-05,0.4625233786077353,126000,1260,"date,decision_target_timestamp",0.0021161374170333,-0.0017112034838646,0.4672063492063492,0.0333808846771717
w0931_0940_hclose,09:31-09:40,close,2022-01,nn_ds350_w0931_0940_hclose_36m_grouped_gated_v2_mse_max30_v1,2022,2022-01,2019-01-02,2021-12-31,2022-01-04,2022-06-30,28716556,730,4648,5419484,117,4751,350,torch_mlp,1.0,target_label,-0.0122066374764737,cross_section,cross_section,100,False,,,0,False,False,False,5419484,117,4751,date x symbol x opening_tick,"date,decision_target_timestamp",1170,0.068196039190488,0.0559897808185491,0.0734777058810728,0.0441409539849461,1.6646152664967726,0.0502116803696005,0.0466625270141211,1.0760600332340626,0.0739824631937645,0.036568540729047,2.023117732313527,0.051203939262073,0.0438758189764182,1.1670195669645158,-0.0005301491473801,0.4601445451264364,117000,1170,"date,decision_target_timestamp",0.0052301995456218,0.0,0.4924102564102564,0.0449063964188098
w0931_0940_hclose,09:31-09:40,close,2022-07,nn_ds350_w0931_0940_hclose_36m_grouped_gated_v2_mse_max30_v1,2022,2022-07,2019-07-01,2022-06-30,2022-07-01,2022-12-30,29947355,729,4798,5987888,125,4906,350,torch_mlp,1.0,target_label,-0.009546381842431,cross_section,cross_section,100,False,,,0,False,False,False,5987888,125,4906,date x symbol x opening_tick,"date,decision_target_timestamp",1250,0.0506621183527078,0.0389901851820698,0.0540651960382672,0.0401290762537461,1.3472823470044408,0.0396386581569758,0.0454025537221427,0.8730490888146704,0.0544085384660451,0.0307571960909671,1.7689693919148886,0.0404684551982807,0.039815072343185,1.0164104399827265,-0.0007603103877045,0.4372703697864756,125000,1250,"date,decision_target_timestamp",0.0032884571701288,0.0,0.47716,0.0393810309469699
w0931_0940_hclose,09:31-09:40,close,2023-01,nn_ds350_w0931_0940_hclose_36m_grouped_gated_v2_mse_max30_v1,2023,2023-01,2020-01-02,2022-12-30,2023-01-03,2023-06-30,31331979,728,4983,5812259,118,5036,350,torch_mlp,1.0,target_label,-0.0104874433116872,cross_section,cross_section,100,False,,,0,False,False,False,5812259,118,5036,date x symbol x opening_tick,"date,decision_target_timestamp",1180,0.0471292150108368,0.0328918186955241,0.0471673758379659,0.0388125337971353,1.2152614432363409,0.0305166742444782,0.0409701750761976,0.7448509601856081,0.0468435156394673,0.0316575671757388,1.4796941085026427,0.0293708614569462,0.0371162312070485,0.7913212225967747,0.0003900043375324,0.4504584190071364,118000,1180,"date,decision_target_timestamp",0.0044392491690814,0.0,0.4778305084745762,0.0397830605506897
w0931_0940_hclose,09:31-09:40,close,2023-07,nn_ds350_w0931_0940_hclose_36m_grouped_gated_v2_mse_max30_v1,2023,2023-07,2020-07-01,2023-06-30,2023-07-03,2023-12-29,32743950,729,5109,6249915,124,5111,350,torch_mlp,1.0,target_label,-0.0101320376263236,cross_section,cross_section,100,False,,,0,False,False,False,6249915,124,5111,date x symbol x opening_tick,"date,decision_target_timestamp",1240,0.049878806695984,0.0371489097357182,0.0493562709849834,0.0626398262606148,0.7879375459892748,0.0307424287909529,0.0464276590176385,0.6621576327868156,0.0490505615433396,0.0460279585940939,1.0656688465352353,0.0288424289245278,0.0415194936086914,0.6946719821864622,-0.0004102731181774,0.4243275308544196,124000,1240,"date,decision_target_timestamp",0.0033409444149583,-0.0016569728031754,0.462266129032258,0.045587882399559
w0931_0940_hclose,09:31-09:40,close,2024-01,nn_ds350_w0931_0940_hclose_36m_grouped_gated_v2_mse_max30_v1,2024,2024-01,2021-01-04,2023-12-29,2024-01-02,2024-06-28,33996800,727,5202,5939795,117,5127,350,torch_mlp,1.0,target_label,-0.0139245595402091,cross_section,cross_section,100,False,,,0,False,False,False,5939795,117,5127,date x symbol x opening_tick,"date,decision_target_timestamp",1170,0.0714100215479705,0.0652321476382198,0.0526589839284235,0.0665255542399235,0.791560243729945,0.0342186665987487,0.0879142426208585,0.3892277926606405,0.05290249107929,0.0600946013202836,0.8803201937781048,0.0335819368245329,0.082974537904412,0.4047258071291686,-0.0011159006971865,0.4457815463328279,117000,1170,"date,decision_target_timestamp",0.0039145373739302,0.0,0.4708632478632478,0.0464859493076801
w0931_0940_hclose,09:31-09:40,close,2024-07,nn_ds350_w0931_0940_hclose_36m_grouped_gated_v2_mse_max30_v1,2024,2024-07,2021-07-01,2024-06-28,2024-07-01,2024-12-31,34981256,726,5226,6325242,125,5136,350,torch_mlp,1.0,target_label,-0.0464132656374323,cross_section,cross_section,100,False,,,0,False,False,False,6325242,125,5136,date x symbol x opening_tick,"date,decision_target_timestamp",1250,0.0468812637639778,0.0454286434783176,0.045017504705067,0.0512494947073193,0.8783989961687895,0.0288030655547151,0.0513825793227826,0.5605609125570724,0.045808110816149,0.0409295838202991,1.1191931737510223,0.0312864104312959,0.0468428708262211,0.6679012169720133,0.0004743651079479,0.4730830852005346,125000,1250,"date,decision_target_timestamp",0.0045406124554574,0.0,0.479584,0.0488761961460113
w0931_0940_hclose,09:31-09:40,close,2025-01,nn_ds350_w0931_0940_hclose_36m_grouped_gated_v2_mse_max30_v1,2025,2025-01,2022-01-04,2024-12-31,2025-01-02,2025-06-30,35734583,726,5260,5962354,117,5167,350,torch_mlp,1.0,target_label,-0.0262039782030376,cross_section,cross_section,100,False,,,0,False,False,False,5962354,117,5167,date x symbol x opening_tick,"date,decision_target_timestamp",1170,0.0270793411036631,0.0196752663482276,0.0374181806965105,0.0529608258398225,0.7065256272566441,0.0143179866835058,0.0722304496365025,0.1982264648158861,0.0370423585458256,0.0462246011042671,0.8013559373345476,0.0116455415735101,0.0686001627118014,0.1697596785948549,0.0010565316770225,0.4673957634853616,117000,1170,"date,decision_target_timestamp",0.0041493251919746,-0.0010963382665067,0.4628547008547009,0.0432747490704059
w0931_0940_hclose,09:31-09:40,close,2025-07,nn_ds350_w0931_0940_hclose_36m_grouped_gated_v2_mse_max30_v1,2025,2025-07,2022-07-01,2025-06-30,2025-07-01,2025-12-31,36277453,726,5266,6458053,126,5195,350,torch_mlp,1.0,target_label,-0.0202059657227302,cross_section,cross_section,100,False,,,0,False,False,False,6458053,126,5195,date x symbol x opening_tick,"date,decision_target_timestamp",1260,0.0317213357753337,0.020486981278987,0.0334411169870173,0.047229133491974,0.7080612010952986,0.0180909464629542,0.0671177181289776,0.2695405470756547,0.0339330339286584,0.04050392684772,0.8377714599434842,0.0199272379251631,0.0638303782817639,0.3121905033556145,0.0009367096354253,0.4723295085995733,126000,1260,"date,decision_target_timestamp",0.0035495837219059,-0.0017575094243511,0.461063492063492,0.0421923324465751
w1001_1010_h1m,10:01-10:10,1m,2022-01,nn_ds350_w1001_1010_h1m_36m_grouped_gated_v2_mse_max30_v1,2022,2022-01,2019-01-02,2021-12-31,2022-01-04,2022-06-30,27896457,730,4646,5286262,117,4751,350,torch_mlp,1.0,target_label,0.0939217291549059,cross_section,cross_section,100,False,,,0,False,False,False,5286262,117,4751,date x symbol x opening_tick,"date,decision_target_timestamp",1170,0.310590169999262,0.236740863620458,0.3191293072523068,0.0878242509849284,3.6337264898174073,0.2568778634408271,0.0578108711945191,4.44341796158887,0.3058461011607807,0.0717853771300943,4.260562713301704,0.2391188194589155,0.0362650910653031,6.59363626106247,-0.0008733557187952,0.3149121250516906,117000,1170,"date,decision_target_timestamp",0.000993272755295,0.0003267836873419,0.5397179487179488,0.0058386204764246
w1001_1010_h1m,10:01-10:10,1m,2022-07,nn_ds350_w1001_1010_h1m_36m_grouped_gated_v2_mse_max30_v1,2022,2022-07,2019-07-01,2022-06-30,2022-07-01,2022-12-30,29084281,729,4798,5853712,125,4906,350,torch_mlp,1.0,target_label,0.0649313051415857,cross_section,cross_section,100,False,,,0,False,False,False,5853712,125,4906,date x symbol x opening_tick,"date,decision_target_timestamp",1250,0.2582635712398619,0.2460582200468482,0.2783837230538597,0.059842631374144,4.651929847692822,0.260706153563684,0.0564104542594631,4.621592876464903,0.267064617969615,0.0339042738690937,7.877019251341772,0.2454641576666301,0.0338228610143555,7.25734459785784,-0.0008589483913965,0.2980850441565967,125000,1250,"date,decision_target_timestamp",0.000740181421861,0.0002094931551255,0.530056,0.005017199087888
w1001_1010_h1m,10:01-10:10,1m,2023-01,nn_ds350_w1001_1010_h1m_36m_grouped_gated_v2_mse_max30_v1,2023,2023-01,2020-01-02,2022-12-30,2023-01-03,2023-06-30,30506564,728,4983,5695926,118,5036,350,torch_mlp,1.0,target_label,0.0983276768243252,cross_section,cross_section,100,False,,,0,False,False,False,5695926,118,5036,date x symbol x opening_tick,"date,decision_target_timestamp",1180,0.3232354843606948,0.2559875095145755,0.3255418763624376,0.0701853087831015,4.638319357808654,0.2658405587108133,0.0585208043143029,4.542667549185406,0.3180885895884588,0.0537471935031978,5.918236262318201,0.2566218885359582,0.0362024875137272,7.088515352395391,-0.0008080148254521,0.2894809377790371,118000,1180,"date,decision_target_timestamp",0.000617736543063,9.565766958985478e-05,0.5153474576271186,0.0047794445417821
w1001_1010_h1m,10:01-10:10,1m,2023-07,nn_ds350_w1001_1010_h1m_36m_grouped_gated_v2_mse_max30_v1,2023,2023-07,2020-07-01,2023-06-30,2023-07-03,2023-12-29,31923618,729,5109,6147330,124,5111,350,torch_mlp,1.0,target_label,0.0884280455832398,cross_section,cross_section,100,False,,,0,False,False,False,6147330,124,5111,date x symbol x opening_tick,"date,decision_target_timestamp",1240,0.3009047773261095,0.2444641660372653,0.3139069760309792,0.0716826896316773,4.379118273099235,0.2634699549852109,0.0648603472219519,4.06211138653972,0.3011423346145838,0.0475804103325494,6.329124370929909,0.2463616097504044,0.0428732007357813,5.746284520922053,-0.0006301514804363,0.3232265064670352,124000,1240,"date,decision_target_timestamp",0.0007659341208636,0.0001319887524005,0.5197016129032258,0.0051927585154771
w1001_1010_h1m,10:01-10:10,1m,2024-01,nn_ds350_w1001_1010_h1m_36m_grouped_gated_v2_mse_max30_v1,2024,2024-01,2021-01-04,2023-12-29,2024-01-02,2024-06-28,33200219,727,5202,5851180,117,5127,350,torch_mlp,1.0,target_label,0.104526347002643,cross_section,cross_section,100,False,,,0,False,False,False,5851180,117,5127,date x symbol x opening_tick,"date,decision_target_timestamp",1170,0.2936156681038641,0.2349561672061424,0.3324486059541761,0.090462159934478,3.675001859285358,0.2775609175169037,0.0780873188541677,3.554494143092088,0.3055749739678568,0.0767386202534507,3.9820233014173296,0.2449842162724002,0.0630278679164499,3.8869189831576185,-0.0010228934697806,0.3003219863343804,117000,1170,"date,decision_target_timestamp",0.0006121343467384,1.977146530407481e-05,0.5057264957264958,0.0056471331045031
w1001_1010_h1m,10:01-10:10,1m,2024-07,nn_ds350_w1001_1010_h1m_36m_grouped_gated_v2_mse_max30_v1,2024,2024-07,2021-07-01,2024-06-28,2024-07-01,2024-12-31,34255126,726,5226,6207877,125,5136,350,torch_mlp,1.0,target_label,0.0851747131321718,cross_section,cross_section,100,False,,,0,False,False,False,6207877,125,5136,date x symbol x opening_tick,"date,decision_target_timestamp",1250,0.2827742531159926,0.2339277779712356,0.3125340054232312,0.093944605964533,3.3267903166385326,0.2683828131327133,0.0839302154353223,3.197690030231513,0.2888149720388817,0.0784794275612808,3.680136068950808,0.2367944548344286,0.0688026610720363,3.441646749484078,-0.0007952802698127,0.3335452683743573,125000,1250,"date,decision_target_timestamp",0.0009077340946532,9.98293107841164e-05,0.51472,0.0062551470473408
w1001_1010_h1m,10:01-10:10,1m,2025-01,nn_ds350_w1001_1010_h1m_36m_grouped_gated_v2_mse_max30_v1,2025,2025-01,2022-01-04,2024-12-31,2025-01-02,2025-06-30,35042287,726,5260,5884988,117,5167,350,torch_mlp,1.0,target_label,0.079220363369298,cross_section,cross_section,100,False,,,0,False,False,False,5884988,117,5167,date x symbol x opening_tick,"date,decision_target_timestamp",1170,0.2697735912003524,0.2452737306319594,0.2922199893032566,0.0870924709700772,3.3552841715061232,0.2717800344389293,0.0762816405400238,3.5628498877961383,0.2773415926586506,0.0651201014250895,4.258924457875555,0.2502194968797415,0.0560852521578193,4.461413424257136,-0.0006948898662813,0.3140178025851539,117000,1170,"date,decision_target_timestamp",0.0006277046049945,2.058637619484216e-05,0.5052307692307693,0.0056659504771232
w1001_1010_h1m,10:01-10:10,1m,2025-07,nn_ds350_w1001_1010_h1m_36m_grouped_gated_v2_mse_max30_v1,2025,2025-07,2022-07-01,2025-06-30,2025-07-01,2025-12-31,35641013,726,5266,6402817,126,5195,350,torch_mlp,1.0,target_label,0.0617859185426884,cross_section,cross_section,100,False,,,0,False,False,False,6402817,126,5195,date x symbol x opening_tick,"date,decision_target_timestamp",1260,0.253800575016903,0.2265494888340431,0.2595710713973341,0.0870220207163963,2.982820546574908,0.2434952125532577,0.0817887289125388,2.977124302954268,0.2515008414256358,0.0628302391745452,4.002863027895777,0.2307064127147656,0.0468389605926506,4.925523747659018,-0.0006150879198685,0.3173756176382989,126000,1260,"date,decision_target_timestamp",0.0004317902203183,-3.79204357159324e-05,0.4945714285714285,0.0052654347382485
w1001_1010_h3m,10:01-10:10,3m,2022-01,nn_ds350_w1001_1010_h3m_36m_grouped_gated_v2_mse_max30_v1,2022,2022-01,2019-01-02,2021-12-31,2022-01-04,2022-06-30,27857054,730,4646,5277640,117,4751,350,torch_mlp,1.0,target_label,0.0477356760260356,cross_section,cross_section,100,False,,,0,False,False,False,5277640,117,4751,date x symbol x opening_tick,"date,decision_target_timestamp",1170,0.2145602621231644,0.1677838629840893,0.2288150515459552,0.0770384183273118,2.970142125371689,0.1919876115527395,0.0650986394200985,2.949180094437814,0.2191704852799969,0.0579838041277109,3.7798569544914256,0.1776475564145738,0.0430916982521976,4.122547117425659,-0.0008617899147793,0.3553616768100893,117000,1170,"date,decision_target_timestamp",0.001043313066475,0.0001743317116051,0.515931623931624,0.0085030533373355
w1001_1010_h3m,10:01-10:10,3m,2022-07,nn_ds350_w1001_1010_h3m_36m_grouped_gated_v2_mse_max30_v1,2022,2022-07,2019-07-01,2022-06-30,2022-07-01,2022-12-30,29039020,729,4798,5845870,125,4906,350,torch_mlp,1.0,target_label,0.0304120682269396,cross_section,cross_section,100,False,,,0,False,False,False,5845870,125,4906,date x symbol x opening_tick,"date,decision_target_timestamp",1250,0.1781469463435226,0.1738180387731545,0.1928021863118703,0.0605949271166528,3.18182058278083,0.1872031158573281,0.0665186822453611,2.814293812478273,0.1834725852452499,0.0340021656837189,5.395908806276442,0.1741997401068402,0.0396708694554658,4.391124835375623,-0.0009224723908118,0.3361749405990896,125000,1250,"date,decision_target_timestamp",0.0007223202264867,2.649095343087993e-08,0.501456,0.0072370204143226
w1001_1010_h3m,10:01-10:10,3m,2023-01,nn_ds350_w1001_1010_h3m_36m_grouped_gated_v2_mse_max30_v1,2023,2023-01,2020-01-02,2022-12-30,2023-01-03,2023-06-30,30462404,728,4983,5689321,118,5036,350,torch_mlp,1.0,target_label,0.0480052229781952,cross_section,cross_section,100,False,,,0,False,False,False,5689321,118,5036,date x symbol x opening_tick,"date,decision_target_timestamp",1180,0.2181968790512615,0.177428676997265,0.2241958957936664,0.0642593121506593,3.4889246132611462,0.1878719260250314,0.0606097203152636,3.099699603426789,0.2168995420568449,0.0457701974480051,4.738881502603141,0.1777891587382838,0.0372326430453454,4.775088314889578,-0.0008044901769608,0.3373727726032685,118000,1180,"date,decision_target_timestamp",0.000589026720263,-1.9859362510032952e-05,0.4959830508474576,0.0068244663998484
w1001_1010_h3m,10:01-10:10,3m,2023-07,nn_ds350_w1001_1010_h3m_36m_grouped_gated_v2_mse_max30_v1,2023,2023-07,2020-07-01,2023-06-30,2023-07-03,2023-12-29,31879330,729,5109,6140740,124,5111,350,torch_mlp,1.0,target_label,0.0398936612344839,cross_section,cross_section,100,False,,,0,False,False,False,6140740,124,5111,date x symbol x opening_tick,"date,decision_target_timestamp",1240,0.2009024551166663,0.1748393755386095,0.2116382240263156,0.068478018461141,3.0906008786807013,0.1895194341826618,0.0706674321266714,2.681849735857785,0.2020059378989277,0.0446806307380088,4.521107570826783,0.1752914206002574,0.0505479686381164,3.4678232443959427,-0.0005614671390503,0.368430514889085,124000,1240,"date,decision_target_timestamp",0.0008222151664085,2.4006196326809004e-05,0.5040645161290322,0.0073572448454797
w1001_1010_h3m,10:01-10:10,3m,2024-01,nn_ds350_w1001_1010_h3m_36m_grouped_gated_v2_mse_max30_v1,2024,2024-01,2021-01-04,2023-12-29,2024-01-02,2024-06-28,33155460,727,5202,5845725,117,5127,350,torch_mlp,1.0,target_label,0.0480404612480867,cross_section,cross_section,100,False,,,0,False,False,False,5845725,117,5127,date x symbol x opening_tick,"date,decision_target_timestamp",1170,0.1877629859606631,0.1558793092078154,0.2276611315537647,0.0832621891054392,2.7342679071945324,0.1970742050450969,0.0806553803803948,2.443410521599874,0.2107801712867995,0.0673248839563429,3.130791453327727,0.1769067121779135,0.0638237639146925,2.771800052631943,-0.0011487457668408,0.3360676391722156,117000,1170,"date,decision_target_timestamp",0.0003219443315174,-0.0002378596400376,0.4738034188034188,0.0078436741605401
w1001_1010_h3m,10:01-10:10,3m,2024-07,nn_ds350_w1001_1010_h3m_36m_grouped_gated_v2_mse_max30_v1,2024,2024-07,2021-07-01,2024-06-28,2024-07-01,2024-12-31,34212863,726,5226,6201809,125,5136,350,torch_mlp,1.0,target_label,0.0350116419204785,cross_section,cross_section,100,False,,,0,False,False,False,6201809,125,5136,date x symbol x opening_tick,"date,decision_target_timestamp",1250,0.1780542154815255,0.1548934115891165,0.2116966476909295,0.0870767408033404,2.431150336334228,0.1937537252592095,0.0892049358393108,2.1720067778337686,0.1949631705187667,0.0682478685557388,2.8566924454137066,0.168744542356494,0.0712313846748829,2.368963387791556,-0.0007205034489743,0.3845797250447409,125000,1250,"date,decision_target_timestamp",0.0008226911886595,-1.2251883163116872e-05,0.495152,0.0091363014653325
w1001_1010_h3m,10:01-10:10,3m,2025-01,nn_ds350_w1001_1010_h3m_36m_grouped_gated_v2_mse_max30_v1,2025,2025-01,2022-01-04,2024-12-31,2025-01-02,2025-06-30,35001105,726,5260,5881108,117,5167,350,torch_mlp,1.0,target_label,0.0386680431176341,cross_section,cross_section,100,False,,,0,False,False,False,5881108,117,5167,date x symbol x opening_tick,"date,decision_target_timestamp",1170,0.1819064057830897,0.169482014970741,0.203082786331984,0.0817863966364575,2.48308758771574,0.1964978487846233,0.0906587312264792,2.1674453869615933,0.1930950235671582,0.0592488179344612,3.2590527591749168,0.1804243299179223,0.0669735703988826,2.693963138643307,-0.0006356490193866,0.3606330643817457,117000,1170,"date,decision_target_timestamp",0.0006763193523511,-8.51767254061997e-05,0.4885982905982906,0.0078642480075359
w1001_1010_h3m,10:01-10:10,3m,2025-07,nn_ds350_w1001_1010_h3m_36m_grouped_gated_v2_mse_max30_v1,2025,2025-07,2022-07-01,2025-06-30,2025-07-01,2025-12-31,35604573,726,5266,6400085,126,5195,350,torch_mlp,1.0,target_label,0.0268174921028043,cross_section,cross_section,100,False,,,0,False,False,False,6400085,126,5195,date x symbol x opening_tick,"date,decision_target_timestamp",1260,0.1665359076324417,0.1553931617086649,0.1735408751272489,0.0766324640318258,2.2645869126063403,0.1716452632312386,0.0893763943620887,1.920476479906492,0.168701008994086,0.0537284240797664,3.1398838116604506,0.1640744996396639,0.0545179147571846,3.009552004518685,-0.0005921142292208,0.3608073955267781,126000,1260,"date,decision_target_timestamp",0.0005146177136339,-0.000153150584083,0.4859444444444444,0.0074337273836135
w1001_1010_h5m,10:01-10:10,5m,2022-01,nn_ds350_w1001_1010_h5m_36m_grouped_gated_v2_mse_max30_v1,2022,2022-01,2019-01-02,2021-12-31,2022-01-04,2022-06-30,27817594,730,4646,5269557,117,4751,350,torch_mlp,1.0,target_label,0.0284249745819025,cross_section,cross_section,100,False,,,0,False,False,False,5269557,117,4751,date x symbol x opening_tick,"date,decision_target_timestamp",1170,0.1713315848166026,0.138825039046991,0.1852083272512327,0.0711245125724991,2.6040013569505303,0.1608964625086001,0.0643880107236963,2.4988574844941787,0.1787548747526501,0.0499621389741414,3.577806683680355,0.1505844028607668,0.0429500306038438,3.506037149302756,-0.0008477814262732,0.3732120176326017,117000,1170,"date,decision_target_timestamp",0.0010887625394389,3.035264671780169e-05,0.5046324786324786,0.01003575976938
w1001_1010_h5m,10:01-10:10,5m,2022-07,nn_ds350_w1001_1010_h5m_36m_grouped_gated_v2_mse_max30_v1,2022,2022-07,2019-07-01,2022-06-30,2022-07-01,2022-12-30,28996639,729,4798,5840031,125,4906,350,torch_mlp,1.0,target_label,0.0187230221809299,cross_section,cross_section,100,False,,,0,False,False,False,5840031,125,4906,date x symbol x opening_tick,"date,decision_target_timestamp",1250,0.1464512822988338,0.1451968892154158,0.1547885554256257,0.0570961101233496,2.7110175297620582,0.1552280871597559,0.0649068870826553,2.391550329044149,0.1485542850513055,0.035557025008196,4.177916600645387,0.1452556660491374,0.0442464032607004,3.282880761929706,-0.000953477458097,0.3532203853027492,125000,1250,"date,decision_target_timestamp",0.0006446538027375,-0.0001156446815002,0.488736,0.0085192443802952
w1001_1010_h5m,10:01-10:10,5m,2023-01,nn_ds350_w1001_1010_h5m_36m_grouped_gated_v2_mse_max30_v1,2023,2023-01,2020-01-02,2022-12-30,2023-01-03,2023-06-30,30423872,728,4983,5684293,118,5036,350,torch_mlp,1.0,target_label,0.0320855137473133,cross_section,cross_section,100,False,,,0,False,False,False,5684293,118,5036,date x symbol x opening_tick,"date,decision_target_timestamp",1180,0.1765184040963161,0.1460478955560705,0.1831609975053137,0.0627667048579277,2.9181235165984605,0.154696714443342,0.0652609639313892,2.370432569858749,0.1779879896254986,0.0429473357717811,4.144331340395901,0.1467636587120639,0.0423030503343269,3.469339859706808,-0.0007753949612379,0.3593942113821367,118000,1180,"date,decision_target_timestamp",0.0006755089852958,-8.354245801456273e-05,0.4911016949152542,0.0084637058898806
w1001_1010_h5m,10:01-10:10,5m,2023-07,nn_ds350_w1001_1010_h5m_36m_grouped_gated_v2_mse_max30_v1,2023,2023-07,2020-07-01,2023-06-30,2023-07-03,2023-12-29,31842468,729,5109,6135154,124,5111,350,torch_mlp,1.0,target_label,0.0260807802237764,cross_section,cross_section,100,False,,,0,False,False,False,6135154,124,5111,date x symbol x opening_tick,"date,decision_target_timestamp",1240,0.1642087454697708,0.1451863839836132,0.1725317947376172,0.0666677204984468,2.5879360123260366,0.155970079037459,0.0701939147404339,2.221988609898905,0.1650714217101229,0.0463543274049255,3.5610789963178857,0.14419280729832,0.0560208749549469,2.573912089275339,-0.0005209749215282,0.3854969247715705,124000,1240,"date,decision_target_timestamp",0.0008799971546977,-5.522099672816694e-05,0.4930564516129032,0.0089698052033782
w1001_1010_h5m,10:01-10:10,5m,2024-01,nn_ds350_w1001_1010_h5m_36m_grouped_gated_v2_mse_max30_v1,2024,2024-01,2021-01-04,2023-12-29,2024-01-02,2024-06-28,33117929,727,5202,5840680,117,5127,350,torch_mlp,1.0,target_label,0.0371495557535459,cross_section,cross_section,100,False,,,0,False,False,False,5840680,117,5127,date x symbol x opening_tick,"date,decision_target_timestamp",1170,0.1578441678709375,0.1233556591070055,0.1953262576763884,0.0797505595023913,2.4492148882106783,0.1615133478506779,0.0859802242554999,1.8784941450108656,0.1828294607800544,0.0639889110316939,2.857205378749114,0.1467979149466186,0.069489372065536,2.112523261948205,-0.0012435286771506,0.3512678318278008,117000,1170,"date,decision_target_timestamp",0.0003405727038625,-0.0004517947090789,0.4652905982905982,0.0095196813344955
w1001_1010_h5m,10:01-10:10,5m,2024-07,nn_ds350_w1001_1010_h5m_36m_grouped_gated_v2_mse_max30_v1,2024,2024-07,2021-07-01,2024-06-28,2024-07-01,2024-12-31,34177146,726,5226,6195454,125,5136,350,torch_mlp,1.0,target_label,0.0226205251294089,cross_section,cross_section,100,False,,,0,False,False,False,6195454,125,5136,date x symbol x opening_tick,"date,decision_target_timestamp",1250,0.1379506513331425,0.1221843439036637,0.1729064607415641,0.0806346123886683,2.144320604012263,0.16074169623166,0.0919880744739906,1.7474188600078735,0.1619557872395491,0.0635021700503154,2.55039768107491,0.143224571590698,0.0743841625910444,1.9254713181101504,-0.0006873959209769,0.4048145624194773,125000,1250,"date,decision_target_timestamp",0.0007583017577417,-0.0001078242567018,0.488216,0.0101711377501487
w1001_1010_h5m,10:01-10:10,5m,2025-01,nn_ds350_w1001_1010_h5m_36m_grouped_gated_v2_mse_max30_v1,2025,2025-01,2022-01-04,2024-12-31,2025-01-02,2025-06-30,34965169,726,5260,5878481,117,5167,350,torch_mlp,1.0,target_label,0.0277539733506975,cross_section,cross_section,100,False,,,0,False,False,False,5878481,117,5167,date x symbol x opening_tick,"date,decision_target_timestamp",1170,0.1506587725909812,0.1385285487828574,0.171427820509882,0.0782196622874232,2.191620565682824,0.163304167240366,0.0933359356785909,1.7496387222464431,0.1663730398914285,0.0590957015448947,2.8153154212922886,0.1545062792047105,0.0729157287283906,2.118970514307589,-0.0005541475838981,0.3847686162462718,117000,1170,"date,decision_target_timestamp",0.0007759185391478,-0.0001277167903026,0.4845897435897436,0.0088394274935126
w1001_1010_h5m,10:01-10:10,5m,2025-07,nn_ds350_w1001_1010_h5m_36m_grouped_gated_v2_mse_max30_v1,2025,2025-07,2022-07-01,2025-06-30,2025-07-01,2025-12-31,35574093,726,5266,6398492,126,5195,350,torch_mlp,1.0,target_label,0.0192246639441169,cross_section,cross_section,100,False,,,0,False,False,False,6398492,126,5195,date x symbol x opening_tick,"date,decision_target_timestamp",1260,0.1380288860853004,0.1267592327007879,0.1434504148349089,0.0721343267412749,1.988656736887892,0.1411018075060446,0.0885338977011598,1.5937602564649789,0.1427812087333803,0.0513858273795031,2.7786106795340446,0.1395306678220745,0.0597899466160507,2.3336810905366696,-0.0005843937979079,0.3788448903272833,126000,1260,"date,decision_target_timestamp",0.0005293276626616,-0.0001711820514174,0.4858730158730158,0.0083339586853981
w1001_1010_h10m,10:01-10:10,10m,2022-01,nn_ds350_w1001_1010_h10m_36m_grouped_gated_v2_mse_max30_v1,2022,2022-01,2019-01-02,2021-12-31,2022-01-04,2022-06-30,27726169,730,4646,5253174,117,4751,350,torch_mlp,1.0,target_label,0.0071450935268596,cross_section,cross_section,100,False,,,0,False,False,False,5253174,117,4751,date x symbol x opening_tick,"date,decision_target_timestamp",1170,0.1228834784977469,0.1033209715180046,0.1350587147414554,0.0628905021488721,2.1475216467782263,0.1226155016344978,0.0549724881183001,2.230488483086861,0.1342097006002479,0.0487965306611781,2.7503943165988893,0.1200562603707079,0.0442051435162686,2.7158889400850894,-0.0009020165889523,0.3876186092446205,117000,1170,"date,decision_target_timestamp",0.0011188352946192,-0.0001397296000504,0.4898205128205128,0.0132045587524771
w1001_1010_h10m,10:01-10:10,10m,2022-07,nn_ds350_w1001_1010_h10m_36m_grouped_gated_v2_mse_max30_v1,2022,2022-07,2019-07-01,2022-06-30,2022-07-01,2022-12-30,28903857,729,4798,5823616,125,4906,350,torch_mlp,1.0,target_label,0.0038610851662796,cross_section,cross_section,100,False,,,0,False,False,False,5823616,125,4906,date x symbol x opening_tick,"date,decision_target_timestamp",1250,0.1026539973606692,0.1151807559438718,0.1074045992283349,0.049040629418305,2.1901146152142323,0.1181718212929167,0.0573844125244758,2.059301752762799,0.1034324737298134,0.0322324010050396,3.208959633929892,0.1111773599447996,0.0453313625814635,2.452548381818579,-0.0009680417715571,0.3778289983405499,125000,1250,"date,decision_target_timestamp",0.0006326042348518,-0.0003839632263407,0.476704,0.01110165938735
w1001_1010_h10m,10:01-10:10,10m,2023-01,nn_ds350_w1001_1010_h10m_36m_grouped_gated_v2_mse_max30_v1,2023,2023-01,2020-01-02,2022-12-30,2023-01-03,2023-06-30,30333218,728,4983,5667392,118,5036,350,torch_mlp,1.0,target_label,0.0127287678512105,cross_section,cross_section,100,False,,,0,False,False,False,5667392,118,5036,date x symbol x opening_tick,"date,decision_target_timestamp",1180,0.1236469339414297,0.1120092067973119,0.1297256785080403,0.0568966727318624,2.280022227651164,0.1188244517214697,0.0593278354524332,2.0028448841141104,0.1271066198730897,0.0407322246436466,3.12054205202651,0.1141932015924273,0.0469554213062312,2.431949249218498,-0.0007293870439752,0.3808732482242273,118000,1180,"date,decision_target_timestamp",0.000770999060478,-0.0002814790059346,0.4821864406779661,0.0112326182425022
w1001_1010_h10m,10:01-10:10,10m,2023-07,nn_ds350_w1001_1010_h10m_36m_grouped_gated_v2_mse_max30_v1,2023,2023-07,2020-07-01,2023-06-30,2023-07-03,2023-12-29,31748654,729,5109,6120041,124,5111,350,torch_mlp,1.0,target_label,0.0100994806055112,cross_section,cross_section,100,False,,,0,False,False,False,6120041,124,5111,date x symbol x opening_tick,"date,decision_target_timestamp",1240,0.1117788285873559,0.0984796399208198,0.1182899335172149,0.0637334220480558,1.856011017704696,0.105756183264669,0.0679310891486358,1.5568156581925316,0.1130389844629123,0.0468373342545828,2.413437618983449,0.0955519242486139,0.0614188957735808,1.5557414871290365,-0.0004276999097783,0.4047708177118421,124000,1240,"date,decision_target_timestamp",0.0010780427837744,-0.0002181453164666,0.4857661290322581,0.0118998792022466
w1001_1010_h10m,10:01-10:10,10m,2024-01,nn_ds350_w1001_1010_h10m_36m_grouped_gated_v2_mse_max30_v1,2024,2024-01,2021-01-04,2023-12-29,2024-01-02,2024-06-28,33019783,727,5202,5830042,117,5127,350,torch_mlp,1.0,target_label,0.0066397648147112,cross_section,cross_section,100,False,,,0,False,False,False,5830042,117,5127,date x symbol x opening_tick,"date,decision_target_timestamp",1170,0.0978490832868545,0.0963770554787807,0.1246652445710711,0.0725147334380336,1.7191712450767247,0.1179890016691547,0.0831876809953003,1.418347046791947,0.1207258067156167,0.057057447924465,2.1158641177824578,0.1113261053917101,0.0703708997595281,1.5819906491480755,-0.0012044687755405,0.3753147919002985,117000,1170,"date,decision_target_timestamp",0.0001765179331414,-0.0007398137822747,0.4575384615384615,0.0123278386890888
w1001_1010_h10m,10:01-10:10,10m,2024-07,nn_ds350_w1001_1010_h10m_36m_grouped_gated_v2_mse_max30_v1,2024,2024-07,2021-07-01,2024-06-28,2024-07-01,2024-12-31,34086890,726,5226,6174704,125,5136,350,torch_mlp,1.0,target_label,-0.0120571112650387,cross_section,cross_section,100,False,,,0,False,False,False,6174704,125,5136,date x symbol x opening_tick,"date,decision_target_timestamp",1250,0.0729872366415602,0.0809894616985792,0.1075162117643945,0.0739783606786314,1.453346773003723,0.1148302516619894,0.0903366756809993,1.2711365654795934,0.1062234164916079,0.0576842523505173,1.8414630018283529,0.1096006415330291,0.0810131495152135,1.3528747146467517,-0.000634437194094,0.4188662322922686,125000,1250,"date,decision_target_timestamp",0.0005875641945749,-0.0005777949118055,0.466664,0.0136089967563748
w1001_1010_h10m,10:01-10:10,10m,2025-01,nn_ds350_w1001_1010_h10m_36m_grouped_gated_v2_mse_max30_v1,2025,2025-01,2022-01-04,2024-12-31,2025-01-02,2025-06-30,34868969,726,5260,5871547,117,5167,350,torch_mlp,1.0,target_label,0.0090719900776554,cross_section,cross_section,100,False,,,0,False,False,False,5871547,117,5167,date x symbol x opening_tick,"date,decision_target_timestamp",1170,0.0976422421761364,0.0957727741952953,0.1184064609586024,0.0732664264274851,1.616108042007403,0.1157348588800847,0.0990903289938741,1.1679733033002604,0.1159216954279214,0.0577255967886498,2.0081506623888936,0.1086619421011603,0.0848684083904505,1.2803579584200984,-0.0003110168327111,0.4185394411387663,117000,1170,"date,decision_target_timestamp",0.0010187411680817,-0.0002469507162459,0.483051282051282,0.0118928924202919
w1001_1010_h10m,10:01-10:10,10m,2025-07,nn_ds350_w1001_1010_h10m_36m_grouped_gated_v2_mse_max30_v1,2025,2025-07,2022-07-01,2025-06-30,2025-07-01,2025-12-31,35487342,726,5266,6391768,126,5195,350,torch_mlp,1.0,target_label,-0.0022873699105911,cross_section,cross_section,100,False,,,0,False,False,False,6391768,126,5195,date x symbol x opening_tick,"date,decision_target_timestamp",1260,0.079837386446311,0.0894727486143107,0.0837161321856373,0.0606723704416075,1.379806517798866,0.0988640412297936,0.0820603593746989,1.2047722186831609,0.083134737397087,0.0430664577734069,1.930382522623484,0.0981938843696468,0.0683578579111726,1.4364681306609175,-0.0005582080921158,0.3994760135223932,126000,1260,"date,decision_target_timestamp",0.0004590293392539,-0.0006149763939902,0.4664047619047619,0.0119960689917206
w1001_1010_h1h,10:01-10:10,1h,2022-01,nn_ds350_w1001_1010_h1h_36m_grouped_gated_v2_mse_max30_v1,2022,2022-01,2019-01-02,2021-12-31,2022-01-04,2022-06-30,26862682,730,4646,5127551,117,4751,350,torch_mlp,1.0,target_label,-0.0202213388217784,cross_section,cross_section,100,False,,,0,False,False,False,5127551,117,4751,date x symbol x opening_tick,"date,decision_target_timestamp",1170,0.0553966548649992,0.051437039050058,0.0592445756502514,0.0452197090245342,1.3101494221934946,0.0547335247824512,0.0488810416413003,1.119729100375922,0.0590841842646159,0.0380690780437114,1.552025615035246,0.0531600374108207,0.0451964498481307,1.176199404808325,-0.0007710874197073,0.4231409887488198,117000,1170,"date,decision_target_timestamp",0.0019948035478591,-0.0009479443542659,0.4692649572649572,0.0228232089430093
w1001_1010_h1h,10:01-10:10,1h,2022-07,nn_ds350_w1001_1010_h1h_36m_grouped_gated_v2_mse_max30_v1,2022,2022-07,2019-07-01,2022-06-30,2022-07-01,2022-12-30,28004716,729,4798,5665191,125,4906,350,torch_mlp,1.0,target_label,-0.0309230128206545,cross_section,cross_section,100,False,,,0,False,False,False,5665191,125,4906,date x symbol x opening_tick,"date,decision_target_timestamp",1250,0.0255238875897231,0.0500954643953941,0.0412197444277257,0.0430583192397481,0.9573003581076812,0.0433367048184812,0.0485849373666457,0.891978196687613,0.0401872464500907,0.0355924014539328,1.1290962342651976,0.0400205325245656,0.0448623158056465,0.8920746021659564,-0.0003338017268106,0.4454153443370223,125000,1250,"date,decision_target_timestamp",0.0009735523490235,-0.0012203376973047,0.462632,0.0208522733300924
w1001_1010_h1h,10:01-10:10,1h,2023-01,nn_ds350_w1001_1010_h1h_36m_grouped_gated_v2_mse_max30_v1,2023,2023-01,2020-01-02,2022-12-30,2023-01-03,2023-06-30,29457277,728,4983,5525329,118,5036,350,torch_mlp,1.0,target_label,-0.0080380992000317,cross_section,cross_section,100,False,,,0,False,False,False,5525329,118,5036,date x symbol x opening_tick,"date,decision_target_timestamp",1180,0.0525505234377688,0.0458868938591826,0.0530523423563281,0.0514037602817327,1.032071234975027,0.0428456811152722,0.0538645103904713,0.7954343370927893,0.0530252746443574,0.0447999833138324,1.1836003212971142,0.0417602155574954,0.0500051782191973,0.8351178226870796,-0.0010058125481009,0.3980124984412693,118000,1180,"date,decision_target_timestamp",0.0008857015636749,-0.0015994417481124,0.4527033898305084,0.0217411648482084
w1001_1010_h1h,10:01-10:10,1h,2023-07,nn_ds350_w1001_1010_h1h_36m_grouped_gated_v2_mse_max30_v1,2023,2023-07,2020-07-01,2023-06-30,2023-07-03,2023-12-29,30876292,729,5109,5969870,124,5111,350,torch_mlp,1.0,target_label,-0.0148164725475994,cross_section,cross_section,100,False,,,0,False,False,False,5969870,124,5111,date x symbol x opening_tick,"date,decision_target_timestamp",1240,0.0336685162298372,0.0307061755592002,0.0357239602659952,0.0581308414167156,0.6145440078856798,0.0305160643466943,0.0674562879543992,0.4523827988774506,0.0344673702182502,0.0486500039135932,0.708476206486383,0.0255265559650558,0.0640505422339294,0.3985377028008003,-0.0005237889708951,0.4131373044974178,124000,1240,"date,decision_target_timestamp",0.0006797151872888,-0.0019252602942287,0.4400645161290322,0.0212273113429546
w1001_1010_h1h,10:01-10:10,1h,2024-01,nn_ds350_w1001_1010_h1h_36m_grouped_gated_v2_mse_max30_v1,2024,2024-01,2021-01-04,2023-12-29,2024-01-02,2024-06-28,32133550,727,5202,5699890,117,5127,350,torch_mlp,1.0,target_label,-0.0163673203145644,cross_section,cross_section,100,False,,,0,False,False,False,5699890,117,5127,date x symbol x opening_tick,"date,decision_target_timestamp",1170,0.0495742610279356,0.0670152016355749,0.0493605004366952,0.0559459534884462,0.8822890192923243,0.0543677098603789,0.0764492374478336,0.7111609176936222,0.049383227413214,0.0496911935121519,0.9938024008446764,0.051878266949188,0.0730548421469275,0.7101276989258397,-0.0012382110580801,0.4112284623036585,117000,1170,"date,decision_target_timestamp",-9.542334737489e-05,-0.0023847296833992,0.4304188034188034,0.0219805277884006
w1001_1010_h1h,10:01-10:10,1h,2024-07,nn_ds350_w1001_1010_h1h_36m_grouped_gated_v2_mse_max30_v1,2024,2024-07,2021-07-01,2024-06-28,2024-07-01,2024-12-31,33238103,726,5226,5997777,125,5136,350,torch_mlp,1.0,target_label,-0.0350931880488984,cross_section,cross_section,100,False,,,0,False,False,False,5997777,125,5136,date x symbol x opening_tick,"date,decision_target_timestamp",1250,0.0334391531659769,0.0348802576496897,0.0483146521266237,0.0559968030223947,0.862810902031342,0.0529282077880804,0.0655229078030377,0.8077817295163852,0.0484454389417645,0.0455190237623621,1.0642899372069154,0.0479964133721616,0.0631735476160474,0.7597549161536958,0.0009223088272847,0.4887932645711902,125000,1250,"date,decision_target_timestamp",0.0025681357365101,-0.0001977717765839,0.48828,0.02482963912189
w1001_1010_h1h,10:01-10:10,1h,2025-01,nn_ds350_w1001_1010_h1h_36m_grouped_gated_v2_mse_max30_v1,2025,2025-01,2022-01-04,2024-12-31,2025-01-02,2025-06-30,33985608,726,5260,5767208,117,5167,350,torch_mlp,1.0,target_label,-0.0198913671294624,cross_section,cross_section,100,False,,,0,False,False,False,5767208,117,5167,date x symbol x opening_tick,"date,decision_target_timestamp",1170,0.0396368298856938,0.0480707398595016,0.0416456910320381,0.0495431484893051,0.840594356675336,0.0403832244445805,0.0623950789975168,0.6472180994624215,0.0421038998096753,0.0389488623043271,1.081004612681528,0.0388983246345944,0.0587186016906321,0.6624531837378588,-0.0004056872276123,0.4334657255295803,117000,1170,"date,decision_target_timestamp",0.0009699160582385,-0.0016364988405257,0.4515555555555555,0.0220380648970603
w1001_1010_h1h,10:01-10:10,1h,2025-07,nn_ds350_w1001_1010_h1h_36m_grouped_gated_v2_mse_max30_v1,2025,2025-07,2022-07-01,2025-06-30,2025-07-01,2025-12-31,34625265,726,5266,6304818,126,5195,350,torch_mlp,1.0,target_label,-0.0217361818906165,cross_section,cross_section,100,False,,,0,False,False,False,6304818,126,5195,date x symbol x opening_tick,"date,decision_target_timestamp",1260,0.0248317878600955,0.0252830618299405,0.0274016707661802,0.0403107002480166,0.6797617158121286,0.0299456213469688,0.0555743615914471,0.5388387826586839,0.0276812033813155,0.0296881937442397,0.9323976938370124,0.0291975296018427,0.0517538976983266,0.5641609791794829,-0.000235066836467,0.4403138996240652,126000,1260,"date,decision_target_timestamp",0.0003774771175812,-0.0021832482889294,0.4389365079365079,0.0224387906491756
w1001_1010_hclose,10:01-10:10,close,2022-01,nn_ds350_w1001_1010_hclose_36m_grouped_gated_v2_mse_max30_v1,2022,2022-01,2019-01-02,2021-12-31,2022-01-04,2022-06-30,28613709,730,4646,5396967,117,4751,350,torch_mlp,1.0,target_label,-0.0213680244992588,cross_section,cross_section,100,False,,,0,False,False,False,5396967,117,4751,date x symbol x opening_tick,"date,decision_target_timestamp",1170,0.0455269129018954,0.0375649978817885,0.0553067953897669,0.044120123012205,1.253550344237873,0.0470964319930578,0.0423606825985976,1.1117958706977245,0.0553540386810789,0.0386544737697793,1.4320215303087516,0.0472683699903354,0.0405674401141034,1.1651800029132813,-0.0009198383195325,0.4379587646172378,117000,1170,"date,decision_target_timestamp",0.0020485883578658,-0.0012511421227827,0.4542564102564103,0.034752570092678
w1001_1010_hclose,10:01-10:10,close,2022-07,nn_ds350_w1001_1010_hclose_36m_grouped_gated_v2_mse_max30_v1,2022,2022-07,2019-07-01,2022-06-30,2022-07-01,2022-12-30,29837418,729,4798,5962803,125,4906,350,torch_mlp,1.0,target_label,-0.0142647925665808,cross_section,cross_section,100,False,,,0,False,False,False,5962803,125,4906,date x symbol x opening_tick,"date,decision_target_timestamp",1250,0.0497645479152803,0.0492391652333793,0.0483142291807162,0.0440602272483239,1.0965497047579165,0.0399266415859415,0.0458826596032511,0.8701902185093113,0.0481657444541429,0.0387882573769316,1.2417609790015554,0.039587989819142,0.044104021156894,0.8976049979278119,-0.0010098781203851,0.4214571569780185,125000,1250,"date,decision_target_timestamp",0.0010217203525826,-0.0020963840652257,0.446088,0.0312666036188602
w1001_1010_hclose,10:01-10:10,close,2023-01,nn_ds350_w1001_1010_hclose_36m_grouped_gated_v2_mse_max30_v1,2023,2023-01,2020-01-02,2022-12-30,2023-01-03,2023-06-30,31208053,728,4983,5800511,118,5036,350,torch_mlp,1.0,target_label,-0.0152972512140339,cross_section,cross_section,100,False,,,0,False,False,False,5800511,118,5036,date x symbol x opening_tick,"date,decision_target_timestamp",1180,0.0390780187555744,0.0448476046847406,0.0412415825327829,0.0416484351627949,0.9902312625091028,0.0434222525622659,0.0398260973377847,1.0902964504400323,0.0408763974085411,0.0353155298512449,1.1574623849824568,0.043202279294804,0.0377397325766665,1.144742592095494,-0.0001821852492867,0.4270582367656918,118000,1180,"date,decision_target_timestamp",0.0024270329158753,-0.0004492469306569,0.4680762711864407,0.0309449173510074
w1001_1010_hclose,10:01-10:10,close,2023-07,nn_ds350_w1001_1010_hclose_36m_grouped_gated_v2_mse_max30_v1,2023,2023-07,2020-07-01,2023-06-30,2023-07-03,2023-12-29,32626128,729,5109,6237231,124,5111,350,torch_mlp,1.0,target_label,-0.0098935805653039,cross_section,cross_section,100,False,,,0,False,False,False,6237231,124,5111,date x symbol x opening_tick,"date,decision_target_timestamp",1240,0.0592814081818254,0.0498149856541003,0.0542952782151078,0.0587189982094291,0.9246628837477182,0.029397207827955,0.0556198957434569,0.5285376291165261,0.053629308072444,0.0503609549427728,1.064898553519988,0.0274166120038846,0.0540864941593901,0.5069031082526675,-0.0006570414407178,0.4116446865604304,124000,1240,"date,decision_target_timestamp",0.0016260979464277,-0.0021421071141958,0.4418387096774193,0.0462313629686832
w1001_1010_hclose,10:01-10:10,close,2024-01,nn_ds350_w1001_1010_hclose_36m_grouped_gated_v2_mse_max30_v1,2024,2024-01,2021-01-04,2023-12-29,2024-01-02,2024-06-28,33881404,727,5202,5922549,117,5127,350,torch_mlp,1.0,target_label,-0.0175762941524322,cross_section,cross_section,100,False,,,0,False,False,False,5922549,117,5127,date x symbol x opening_tick,"date,decision_target_timestamp",1170,0.0532302898097686,0.0811282664621038,0.0544099918866232,0.0534823488368703,1.0173448449802085,0.0516466567586617,0.0738605189418755,0.6992457878518977,0.0546034040998039,0.046917385019572,1.16382027849646,0.0510875017249586,0.0708296101042435,0.7212732309237702,-0.0012905957410112,0.4237798623531861,117000,1170,"date,decision_target_timestamp",0.001326210796833,-0.0017452073516324,0.4461196581196581,0.0373716875910759
w1001_1010_hclose,10:01-10:10,close,2024-07,nn_ds350_w1001_1010_hclose_36m_grouped_gated_v2_mse_max30_v1,2024,2024-07,2021-07-01,2024-06-28,2024-07-01,2024-12-31,34869039,726,5226,6301624,125,5136,350,torch_mlp,1.0,target_label,-0.0476645840176181,cross_section,cross_section,100,False,,,0,False,False,False,6301624,125,5136,date x symbol x opening_tick,"date,decision_target_timestamp",1250,0.043218526705402,0.0452269130845914,0.0516444765540528,0.053984766025589,0.95664907632596,0.049950558639584,0.0558129252604965,0.8949639963583514,0.0518156115938315,0.0482427175830636,1.074060794867455,0.048648081858688,0.0542997388847113,0.8959174179820121,0.000597916485276,0.460391638726779,125000,1250,"date,decision_target_timestamp",0.0022895205765962,-0.0007040525088086,0.461832,0.0392750725150108
w1001_1010_hclose,10:01-10:10,close,2025-01,nn_ds350_w1001_1010_hclose_36m_grouped_gated_v2_mse_max30_v1,2025,2025-01,2022-01-04,2024-12-31,2025-01-02,2025-06-30,35621685,726,5260,5941462,117,5167,350,torch_mlp,1.0,target_label,-0.0239010603705402,cross_section,cross_section,100,False,,,0,False,False,False,5941462,117,5167,date x symbol x opening_tick,"date,decision_target_timestamp",1170,0.0503597544043361,0.0545481788769047,0.0507719749564628,0.0493495819711221,1.0288227970436108,0.040269500910258,0.0683699466217871,0.5889941838483981,0.0507664181159851,0.0423404955173521,1.1990038731403112,0.0390667993921031,0.0663855370245282,0.5884835936126981,-0.0001171253825305,0.4372046812720505,117000,1170,"date,decision_target_timestamp",0.0021110668312758,-0.0018197911558672,0.4517264957264957,0.0346743613481521
w1001_1010_hclose,10:01-10:10,close,2025-07,nn_ds350_w1001_1010_hclose_36m_grouped_gated_v2_mse_max30_v1,2025,2025-07,2022-07-01,2025-06-30,2025-07-01,2025-12-31,36166180,726,5266,6436433,126,5195,350,torch_mlp,1.0,target_label,-0.0212140945998908,cross_section,cross_section,100,False,,,0,False,False,False,6436433,126,5195,date x symbol x opening_tick,"date,decision_target_timestamp",1260,0.0359161050565128,0.0292996614412756,0.0370182444547975,0.0482059969333674,0.7679178278579295,0.0278885844421757,0.0711183463295719,0.3921433199942005,0.037248780133377,0.0419090097253974,0.8888012476897957,0.0279631525768243,0.0692424571460775,0.4038440247409454,0.000752042455133,0.4664414280394125,126000,1260,"date,decision_target_timestamp",0.0023826793767511,-0.0014456077478826,0.457063492063492,0.0331649519503116
w1401_1410_h1m,14:01-14:10,1m,2022-01,nn_ds350_w1401_1410_h1m_36m_grouped_gated_v2_mse_max30_v1,2022,2022-01,2019-01-02,2021-12-31,2022-01-04,2022-06-30,26952225,730,4646,5122523,117,4751,350,torch_mlp,1.0,target_label,0.1808998772073011,cross_section,cross_section,100,False,,,0,False,False,False,5122523,117,4751,date x symbol x opening_tick,"date,decision_target_timestamp",1170,0.4218425210348053,0.323087397692879,0.4378572877832336,0.094943423491118,4.61177058592368,0.3682691219430321,0.046478061818214,7.923504284309748,0.4174252139822508,0.0831283567271897,5.02145393481258,0.3384612061876696,0.041833471349918,8.090679431228523,-0.0009053452522493,0.2565544361635858,117000,1170,"date,decision_target_timestamp",0.0005545791354961,2.6623401936376467e-05,0.5121623931623932,0.003982069902122
w1401_1410_h1m,14:01-14:10,1m,2022-07,nn_ds350_w1401_1410_h1m_36m_grouped_gated_v2_mse_max30_v1,2022,2022-07,2019-07-01,2022-06-30,2022-07-01,2022-12-30,28077108,729,4798,5678493,125,4906,350,torch_mlp,1.0,target_label,0.1538075991224821,cross_section,cross_section,100,False,,,0,False,False,False,5678493,125,4906,date x symbol x opening_tick,"date,decision_target_timestamp",1250,0.3832537766270113,0.3450782834097927,0.4113407768663151,0.0549859506179451,7.480834144787344,0.3860095539947753,0.0452967775251395,8.521788415975976,0.3949366062465856,0.0387037714569369,10.204085839179893,0.3623784638998328,0.0392377303418396,9.235459358703652,-0.0008075631340034,0.2534985954900358,125000,1250,"date,decision_target_timestamp",0.0003957288572564,4.566014411011565e-08,0.508832,0.0031989214476197
w1401_1410_h1m,14:01-14:10,1m,2023-01,nn_ds350_w1401_1410_h1m_36m_grouped_gated_v2_mse_max30_v1,2023,2023-01,2020-01-02,2022-12-30,2023-01-03,2023-06-30,29479863,728,4983,5535246,118,5036,350,torch_mlp,1.0,target_label,0.1973905340436603,cross_section,cross_section,100,False,,,0,False,False,False,5535246,118,5036,date x symbol x opening_tick,"date,decision_target_timestamp",1180,0.452911391753208,0.359217382445205,0.4640049798195397,0.0745787746754764,6.221676098040232,0.3853871764952195,0.0424143343406438,9.086248375373405,0.4535458783993167,0.0646369941851663,7.016815743319354,0.3698943552327298,0.0343874053392206,10.75668116229886,-0.000718806288205,0.2478164475436141,118000,1180,"date,decision_target_timestamp",0.0003650792059488,4.17342107539298e-06,0.5106694915254237,0.0028482140041887
w1401_1410_h1m,14:01-14:10,1m,2023-07,nn_ds350_w1401_1410_h1m_36m_grouped_gated_v2_mse_max30_v1,2023,2023-07,2020-07-01,2023-06-30,2023-07-03,2023-12-29,30875862,729,5109,5996861,124,5111,350,torch_mlp,1.0,target_label,0.1873054760760353,cross_section,cross_section,100,False,,,0,False,False,False,5996861,124,5111,date x symbol x opening_tick,"date,decision_target_timestamp",1240,0.4272487955065722,0.3417499050455201,0.4576159787935991,0.0786340288210789,5.819566740435517,0.3894190787590094,0.051974495879198,7.492503239745101,0.4376547621391345,0.0635053336084889,6.891622124801063,0.3596127861274671,0.0445606966788722,8.070178720925874,-0.0006717251380905,0.2619417058357697,124000,1240,"date,decision_target_timestamp",0.0003651544102467,-5.475621946970932e-06,0.4883548387096774,0.0033353755716234
w1401_1410_h1m,14:01-14:10,1m,2024-01,nn_ds350_w1401_1410_h1m_36m_grouped_gated_v2_mse_max30_v1,2024,2024-01,2021-01-04,2023-12-29,2024-01-02,2024-06-28,32152352,727,5202,5715923,117,5127,350,torch_mlp,1.0,target_label,0.1943409823818334,cross_section,cross_section,100,False,,,0,False,False,False,5715923,117,5127,date x symbol x opening_tick,"date,decision_target_timestamp",1170,0.3842042356788174,0.2953453251102325,0.4573353967801803,0.0913770969808272,5.004923683186592,0.3856624720541887,0.0699597923806796,5.512630311360028,0.4171851620549465,0.0843278798651616,4.947179541594262,0.3335587390521763,0.0707700593927092,4.713274821506505,-0.0008432744652964,0.281570098127634,117000,1170,"date,decision_target_timestamp",0.0004610333708114,3.526684722032769e-08,0.5053760683760684,0.0038127787411212
w1401_1410_h1m,14:01-14:10,1m,2024-07,nn_ds350_w1401_1410_h1m_36m_grouped_gated_v2_mse_max30_v1,2024,2024-07,2021-07-01,2024-06-28,2024-07-01,2024-12-31,33277997,726,5226,6014047,125,5136,350,torch_mlp,1.0,target_label,0.170951403304723,cross_section,cross_section,100,False,,,0,False,False,False,6014047,125,5136,date x symbol x opening_tick,"date,decision_target_timestamp",1250,0.3892583845353474,0.330492388509134,0.4414044357552938,0.10112037268251,4.36513853782147,0.3942534904691935,0.0707517797357057,5.572347323868503,0.4120829681055221,0.0879691612739329,4.684402603570471,0.3510142722427585,0.0650906675029181,5.392697382109685,-0.0009136649314314,0.253941480670171,125000,1250,"date,decision_target_timestamp",0.0005468762828968,-1.1153741070302203e-05,0.489648,0.0043544890359044
w1401_1410_h1m,14:01-14:10,1m,2025-01,nn_ds350_w1401_1410_h1m_36m_grouped_gated_v2_mse_max30_v1,2025,2025-01,2022-01-04,2024-12-31,2025-01-02,2025-06-30,34063093,726,5260,5751721,117,5167,350,torch_mlp,1.0,target_label,0.1654449073850397,cross_section,cross_section,100,False,,,0,False,False,False,5751721,117,5167,date x symbol x opening_tick,"date,decision_target_timestamp",1170,0.3784039105423499,0.3171283708750324,0.4202254364498928,0.0902169430951133,4.65794364154924,0.3786665704536716,0.061989303348736,6.108579222505371,0.3989254895206284,0.0717587981945881,5.559255444034378,0.3466413947763827,0.0517769028714148,6.694904012262919,-0.0006693191826343,0.2745938128779195,117000,1170,"date,decision_target_timestamp",0.0004784837074112,1.2548346361995756e-08,0.5016581196581197,0.0039119129069149
w1401_1410_h1m,14:01-14:10,1m,2025-07,nn_ds350_w1401_1410_h1m_36m_grouped_gated_v2_mse_max30_v1,2025,2025-07,2022-07-01,2025-06-30,2025-07-01,2025-12-31,34692291,726,5266,6299870,126,5195,350,torch_mlp,1.0,target_label,0.1378762402649771,cross_section,cross_section,100,False,,,0,False,False,False,6299870,126,5195,date x symbol x opening_tick,"date,decision_target_timestamp",1260,0.3645435308282658,0.3123065920653676,0.3871662002100251,0.0868962357637231,4.455500250468346,0.352876705843568,0.0693675355500615,5.087058420706068,0.3720354510465842,0.0689923616627892,5.392415074366707,0.331444275182587,0.0510296389738502,6.49513266892664,-0.0005801795632578,0.2727546758901374,126000,1260,"date,decision_target_timestamp",0.000283485482214,-2.3024065740173683e-05,0.4871428571428571,0.0031827960629016
w1401_1410_h3m,14:01-14:10,3m,2022-01,nn_ds350_w1401_1410_h3m_36m_grouped_gated_v2_mse_max30_v1,2022,2022-01,2019-01-02,2021-12-31,2022-01-04,2022-06-30,26956262,730,4646,5119867,117,4751,350,torch_mlp,1.0,target_label,0.1042621260566246,cross_section,cross_section,100,False,,,0,False,False,False,5119867,117,4751,date x symbol x opening_tick,"date,decision_target_timestamp",1170,0.3006005904369651,0.2468750597746344,0.3308677662614983,0.0949529688032372,3.484543668635857,0.308043571953587,0.0520707200484948,5.915869257553917,0.3144302917461106,0.0794693180187924,3.956625016861928,0.2834418655269845,0.0492753770504401,5.752200845400796,-0.0009562178165651,0.3027482940474821,117000,1170,"date,decision_target_timestamp",0.0006189109990373,1.5368761523859575e-05,0.509059829059829,0.005817565601319
w1401_1410_h3m,14:01-14:10,3m,2022-07,nn_ds350_w1401_1410_h3m_36m_grouped_gated_v2_mse_max30_v1,2022,2022-07,2019-07-01,2022-06-30,2022-07-01,2022-12-30,28076795,729,4798,5677042,125,4906,350,torch_mlp,1.0,target_label,0.0897944082292414,cross_section,cross_section,100,False,,,0,False,False,False,5677042,125,4906,date x symbol x opening_tick,"date,decision_target_timestamp",1250,0.2785142168953182,0.2701456501802951,0.3129956781683446,0.055000329470797,5.6907964221293,0.3196600427176244,0.0491378300505249,6.505375642126255,0.3003416809031161,0.0375574517864108,7.996859920400325,0.3008454298906215,0.0377387494730341,7.97179117197796,-0.0008378025377169,0.3021270584223263,125000,1250,"date,decision_target_timestamp",0.0004288044292479,3.4212533250865824e-08,0.507664,0.004631221294403
w1401_1410_h3m,14:01-14:10,3m,2023-01,nn_ds350_w1401_1410_h3m_36m_grouped_gated_v2_mse_max30_v1,2023,2023-01,2020-01-02,2022-12-30,2023-01-03,2023-06-30,29475135,728,4983,5538549,118,5036,350,torch_mlp,1.0,target_label,0.116467468312665,cross_section,cross_section,100,False,,,0,False,False,False,5538549,118,5036,date x symbol x opening_tick,"date,decision_target_timestamp",1180,0.3339684424976183,0.2858252082281215,0.3549837550409156,0.073949075889945,4.8003812186811015,0.3232148501004314,0.0496109673548461,6.514987861224581,0.3456622006905467,0.0595340045957736,5.806130513771714,0.3107512172060473,0.0351404487308816,8.84312034789007,-0.0007128949509933,0.2997443915364836,118000,1180,"date,decision_target_timestamp",0.0004420106997713,2.2251493646763265e-05,0.5136440677966102,0.0041687809862196
w1401_1410_h3m,14:01-14:10,3m,2023-07,nn_ds350_w1401_1410_h3m_36m_grouped_gated_v2_mse_max30_v1,2023,2023-07,2020-07-01,2023-06-30,2023-07-03,2023-12-29,30876387,729,5109,5996951,124,5111,350,torch_mlp,1.0,target_label,0.1095935926152987,cross_section,cross_section,100,False,,,0,False,False,False,5996951,124,5111,date x symbol x opening_tick,"date,decision_target_timestamp",1240,0.3079747669317783,0.2679856109646399,0.3506336593770608,0.0785604642633867,4.463233035404484,0.3303378391371533,0.059087225028264,5.590681217118217,0.3334605334295344,0.0581299500598206,5.736466883015986,0.304661992838909,0.0443191884235681,6.874268317532986,-0.0006536389118991,0.3143035519216348,124000,1240,"date,decision_target_timestamp",0.0004396807926241,1.1149729743920034e-06,0.5060725806451613,0.004703402519226
w1401_1410_h3m,14:01-14:10,3m,2024-01,nn_ds350_w1401_1410_h3m_36m_grouped_gated_v2_mse_max30_v1,2024,2024-01,2021-01-04,2023-12-29,2024-01-02,2024-06-28,32152765,727,5202,5712797,117,5127,350,torch_mlp,1.0,target_label,0.1207622675163252,cross_section,cross_section,100,False,,,0,False,False,False,5712797,117,5127,date x symbol x opening_tick,"date,decision_target_timestamp",1170,0.2751708660490257,0.2218865006320105,0.3593480999971318,0.0869886793378907,4.130975464075196,0.3227690042275483,0.0754718849242733,4.276678720180462,0.3309719480565641,0.0720906650972122,4.591051388002285,0.2915755487599742,0.063221207323713,4.611989569686848,-0.0008501095580868,0.3277550383813743,117000,1170,"date,decision_target_timestamp",0.0005568650085479,4.8287308374028726e-08,0.5139572649572649,0.0051096375100314
w1401_1410_h3m,14:01-14:10,3m,2024-07,nn_ds350_w1401_1410_h3m_36m_grouped_gated_v2_mse_max30_v1,2024,2024-07,2021-07-01,2024-06-28,2024-07-01,2024-12-31,33275143,726,5226,6007662,125,5136,350,torch_mlp,1.0,target_label,0.1048946728189291,cross_section,cross_section,100,False,,,0,False,False,False,6007662,125,5136,date x symbol x opening_tick,"date,decision_target_timestamp",1250,0.2865549741093126,0.2634621642893751,0.3433171554472981,0.0946332631678383,3.6278697780758393,0.3389974657403621,0.0715041722296644,4.740946649260345,0.3243466100045809,0.0752067158234736,4.31273466010525,0.3102376687747379,0.0613251629535802,5.058896769823032,-0.0010195011273026,0.2908519154373198,125000,1250,"date,decision_target_timestamp",0.0005592628731392,-7.690921677294682e-09,0.497416,0.0057750912383198
w1401_1410_h3m,14:01-14:10,3m,2025-01,nn_ds350_w1401_1410_h3m_36m_grouped_gated_v2_mse_max30_v1,2025,2025-01,2022-01-04,2024-12-31,2025-01-02,2025-06-30,34052868,726,5260,5749021,117,5167,350,torch_mlp,1.0,target_label,0.0879127059790306,cross_section,cross_section,100,False,,,0,False,False,False,5749021,117,5167,date x symbol x opening_tick,"date,decision_target_timestamp",1170,0.2561534656431453,0.2406655849300834,0.3039825545115778,0.0884973383804313,3.434934429381604,0.3136511322411512,0.0674524735456948,4.649957455284014,0.2892995037131118,0.0643836877440201,4.493366469831971,0.2911760511853279,0.0511913264897685,5.687995821782905,-0.0006480511510744,0.3282618031835333,117000,1170,"date,decision_target_timestamp",0.0005264529609121,2.925381270557636e-09,0.5001025641025642,0.0053208945319056
w1401_1410_h3m,14:01-14:10,3m,2025-07,nn_ds350_w1401_1410_h3m_36m_grouped_gated_v2_mse_max30_v1,2025,2025-07,2022-07-01,2025-06-30,2025-07-01,2025-12-31,34682022,726,5266,6298785,126,5195,350,torch_mlp,1.0,target_label,0.0747315595446727,cross_section,cross_section,100,False,,,0,False,False,False,6298785,126,5195,date x symbol x opening_tick,"date,decision_target_timestamp",1260,0.2554950222412949,0.2406013161938365,0.2814067101020923,0.0850435953476429,3.308970051792288,0.284159851313434,0.071205885891484,3.990679250118263,0.2726278445975036,0.0612039482165728,4.454415973832247,0.2725446518326602,0.0512743394462236,5.315420047848774,-0.000593802658841,0.3157943952682938,126000,1260,"date,decision_target_timestamp",0.0002672982518561,-3.813894727500156e-05,0.4817142857142857,0.0046720118261873
w1401_1410_h5m,14:01-14:10,5m,2022-01,nn_ds350_w1401_1410_h5m_36m_grouped_gated_v2_mse_max30_v1,2022,2022-01,2019-01-02,2021-12-31,2022-01-04,2022-06-30,26959420,730,4646,5121703,117,4751,350,torch_mlp,1.0,target_label,0.078306327667455,cross_section,cross_section,100,False,,,0,False,False,False,5121703,117,4751,date x symbol x opening_tick,"date,decision_target_timestamp",1170,0.2518404684424861,0.2140348057191325,0.2849063378257842,0.0899308150579985,3.1680613329484597,0.2765672382681169,0.0527699358647901,5.241000083395057,0.2742000023221475,0.0735308746811713,3.729045839738399,0.2595293143143046,0.0455746209654789,5.69460170630686,-0.0009724165429361,0.3269990469966727,117000,1170,"date,decision_target_timestamp",0.0006061255116946,1.7091279502778892e-08,0.5037777777777778,0.0062612821348011
w1401_1410_h5m,14:01-14:10,5m,2022-07,nn_ds350_w1401_1410_h5m_36m_grouped_gated_v2_mse_max30_v1,2022,2022-07,2019-07-01,2022-06-30,2022-07-01,2022-12-30,28081290,729,4798,5682210,125,4906,350,torch_mlp,1.0,target_label,0.0654512889685254,cross_section,cross_section,100,False,,,0,False,False,False,5682210,125,4906,date x symbol x opening_tick,"date,decision_target_timestamp",1250,0.2315948995883486,0.2328474644778984,0.2662700195673788,0.0567764970030572,4.689793023916937,0.2843532156235681,0.0507868162598999,5.598957299634599,0.2573008611322369,0.0394774131883466,6.517672774167228,0.2705216013584928,0.0412724426211251,6.554533344242324,-0.000860767555423,0.3277589177450323,125000,1250,"date,decision_target_timestamp",0.0003783901338465,5.418604231977042e-09,0.500888,0.005480081308633
w1401_1410_h5m,14:01-14:10,5m,2023-01,nn_ds350_w1401_1410_h5m_36m_grouped_gated_v2_mse_max30_v1,2023,2023-01,2020-01-02,2022-12-30,2023-01-03,2023-06-30,29485763,728,4983,5543426,118,5036,350,torch_mlp,1.0,target_label,0.0843331299568028,cross_section,cross_section,100,False,,,0,False,False,False,5543426,118,5036,date x symbol x opening_tick,"date,decision_target_timestamp",1180,0.277172961223691,0.2499439346831184,0.3005973383856249,0.0714787156381052,4.205410459633059,0.2860120031673536,0.0494917736253936,5.778980671256528,0.2930420071846062,0.0530889800942514,5.519827404187352,0.2758981790887878,0.0338966914010142,8.139383747657813,-0.0006892828387208,0.3309229707404771,118000,1180,"date,decision_target_timestamp",0.0004282338777557,1.4449611285272113e-08,0.5034237288135593,0.0050461911596357
w1401_1410_h5m,14:01-14:10,5m,2023-07,nn_ds350_w1401_1410_h5m_36m_grouped_gated_v2_mse_max30_v1,2023,2023-07,2020-07-01,2023-06-30,2023-07-03,2023-12-29,30895303,729,5109,5996925,124,5111,350,torch_mlp,1.0,target_label,0.080387860048664,cross_section,cross_section,100,False,,,0,False,False,False,5996925,124,5111,date x symbol x opening_tick,"date,decision_target_timestamp",1240,0.2551687083534486,0.2360166416843891,0.2976707848391018,0.0755052405599046,3.94238575536932,0.2933346969794705,0.0589380816541976,4.97699770244522,0.2849790963432485,0.0549819386945727,5.183140193115429,0.2736261721461694,0.0432161274542321,6.331575461867846,-0.0006170562119223,0.343686806154821,124000,1240,"date,decision_target_timestamp",0.0004647318564821,3.022207550884559e-08,0.5052177419354839,0.0056614801287651
w1401_1410_h5m,14:01-14:10,5m,2024-01,nn_ds350_w1401_1410_h5m_36m_grouped_gated_v2_mse_max30_v1,2024,2024-01,2021-01-04,2023-12-29,2024-01-02,2024-06-28,32168479,727,5202,5714291,117,5127,350,torch_mlp,1.0,target_label,0.0890496801805155,cross_section,cross_section,100,False,,,0,False,False,False,5714291,117,5127,date x symbol x opening_tick,"date,decision_target_timestamp",1170,0.2300177225762126,0.1913635078989868,0.3070149382699284,0.0849383760609253,3.614560961816719,0.2857899519116166,0.0786123608013727,3.6354327614420914,0.2898948000029764,0.0666714611754657,4.348109294320583,0.2681223054563071,0.0653056438957244,4.105652887894752,-0.0008586751646362,0.346141104819478,117000,1170,"date,decision_target_timestamp",0.000564431073144,2.010759203585621e-08,0.5053931623931623,0.0060299420729279
w1401_1410_h5m,14:01-14:10,5m,2024-07,nn_ds350_w1401_1410_h5m_36m_grouped_gated_v2_mse_max30_v1,2024,2024-07,2021-07-01,2024-06-28,2024-07-01,2024-12-31,33291188,726,5226,6012405,125,5136,350,torch_mlp,1.0,target_label,0.0513931964404092,cross_section,cross_section,100,False,,,0,False,False,False,6012405,125,5136,date x symbol x opening_tick,"date,decision_target_timestamp",1250,0.219623196996741,0.2325058048560833,0.2706049061950143,0.0973126221449581,2.780779103782835,0.302654377962284,0.0727118923199551,4.162377959172206,0.2608701387808068,0.0780063981105592,3.344214642638325,0.2912209991175873,0.0631950049523998,4.60829142013586,-0.0011239948216825,0.3018948324339428,125000,1250,"date,decision_target_timestamp",0.0003113420098088,-0.0001252256333827,0.47224,0.0068057933822274
w1401_1410_h5m,14:01-14:10,5m,2025-01,nn_ds350_w1401_1410_h5m_36m_grouped_gated_v2_mse_max30_v1,2025,2025-01,2022-01-04,2024-12-31,2025-01-02,2025-06-30,34070960,726,5260,5751515,117,5167,350,torch_mlp,1.0,target_label,0.0602849663026789,cross_section,cross_section,100,False,,,0,False,False,False,5751515,117,5167,date x symbol x opening_tick,"date,decision_target_timestamp",1170,0.2035720995538158,0.1997195077336955,0.253190676442252,0.0868165604871572,2.916386862385623,0.276882652687196,0.0726622905524252,3.810541211709084,0.2463095482593083,0.0639388883827125,3.8522651001531054,0.2681426312898357,0.0542082697583103,4.9465262862172095,-0.0006068451912142,0.3592333498217426,117000,1170,"date,decision_target_timestamp",0.000528251461219,0.0,0.4998119658119658,0.0058103986084461
w1401_1410_h5m,14:01-14:10,5m,2025-07,nn_ds350_w1401_1410_h5m_36m_grouped_gated_v2_mse_max30_v1,2025,2025-07,2022-07-01,2025-06-30,2025-07-01,2025-12-31,34700772,726,5266,6301109,126,5195,350,torch_mlp,1.0,target_label,0.0465140675306535,cross_section,cross_section,100,False,,,0,False,False,False,6301109,126,5195,date x symbol x opening_tick,"date,decision_target_timestamp",1260,0.2017370258754499,0.202475121973226,0.2268207468418178,0.0833090733933965,2.7226415755549214,0.2473738016501927,0.0734438105970869,3.3682048853277275,0.2224749135815483,0.0604309626337295,3.681472276554036,0.2440509297783973,0.0568108070249104,4.295853950312408,-0.0006093041738495,0.334921995477304,126000,1260,"date,decision_target_timestamp",0.0001531886518932,-0.0001196729353978,0.4684444444444444,0.0054963049478828
