case,window,horizon,pool,year,half,months,short_internal_excess_bps,next_internal_excess_bps,short_rank_ic,next_rank_ic,short_positive_months,next_positive_months
w0931_0940_h1m,09:31-09:40,1m,universe,2022,H1,6,35.182377,9.921900953826151,0.1907119947537863,0.0219948444788268,6,3
w0931_0940_h1m,09:31-09:40,1m,universe,2022,H2,6,27.86537,7.537521394415958,0.1726710451256179,0.0139233670751418,6,3
w0931_0940_h1m,09:31-09:40,1m,universe,2023,H1,6,23.904776,25.4603133903407,0.1700232070594954,0.0216280480453918,6,5
w0931_0940_h1m,09:31-09:40,1m,universe,2023,H2,6,21.77066,-3.146223062444282,0.1606137970467017,0.0016785739126968,6,2
w0931_0940_h1m,09:31-09:40,1m,universe,2024,H1,6,24.984533,4.542488152817329,0.160936815991265,0.0339477631991706,6,3
w0931_0940_h1m,09:31-09:40,1m,universe,2024,H2,6,26.077066,0.7590730456330211,0.1663766335698235,-0.0007857231623005,6,2
w0931_0940_h1m,09:31-09:40,1m,universe,2025,H1,6,16.854261,-6.664607836621301,0.1360399807668508,0.0089782030718229,6,3
w0931_0940_h1m,09:31-09:40,1m,universe,2025,H2,6,13.030301,-7.594527136988636,0.136045129728547,0.0151828563454079,6,3
w0931_0940_h1m,09:31-09:40,1m,pool_L,2022,H1,6,18.81061,26.937086143812,0.1710838996782395,0.0177172623139697,6,6
w0931_0940_h1m,09:31-09:40,1m,pool_L,2022,H2,6,15.076885,10.94560823569047,0.1516439075702044,0.0118420597392956,6,4
w0931_0940_h1m,09:31-09:40,1m,pool_L,2023,H1,6,13.146274,33.32790623285691,0.1508592430204503,0.0150767609422538,6,6
w0931_0940_h1m,09:31-09:40,1m,pool_L,2023,H2,6,9.579726,10.406703086537386,0.1386595761833107,-0.0063939038082206,6,5
w0931_0940_h1m,09:31-09:40,1m,pool_L,2024,H1,6,12.167918,20.4738366462971,0.1449718980543156,0.028969166697013,6,4
w0931_0940_h1m,09:31-09:40,1m,pool_L,2024,H2,6,12.504359,12.288905149428452,0.1559125449858297,-0.0056803063131474,6,4
w0931_0940_h1m,09:31-09:40,1m,pool_L,2025,H1,6,7.5651107,16.975244926408667,0.1340000740636365,0.0060708444530276,6,4
w0931_0940_h1m,09:31-09:40,1m,pool_L,2025,H2,6,7.2194138,14.92442038756291,0.1276256988878073,0.0104588883708764,6,4
w0931_0940_h3m,09:31-09:40,3m,universe,2022,H1,6,39.24261,25.78556973788848,0.1387517974037366,0.0254345488000812,6,4
w0931_0940_h3m,09:31-09:40,3m,universe,2022,H2,6,29.731905,14.59561324751574,0.1244895788990473,0.0202197591350581,6,4
w0931_0940_h3m,09:31-09:40,3m,universe,2023,H1,6,25.182154,28.750212720863956,0.1146037293992208,0.0253588509885376,6,5
w0931_0940_h3m,09:31-09:40,3m,universe,2023,H2,6,23.535406,4.655846948864426,0.1141441253514416,0.0050727534689754,6,3
w0931_0940_h3m,09:31-09:40,3m,universe,2024,H1,6,27.421392,10.254246304300734,0.1021030907573238,0.0345208679889161,6,3
w0931_0940_h3m,09:31-09:40,3m,universe,2024,H2,6,26.809908,6.984868352825302,0.1094090267380801,0.0031274715279766,6,3
w0931_0940_h3m,09:31-09:40,3m,universe,2025,H1,6,18.69527,-5.2578550965239605,0.080145647581188,0.0055832608226115,6,3
w0931_0940_h3m,09:31-09:40,3m,universe,2025,H2,6,15.718398,-3.0014477027809936,0.0856214571598537,0.0111024027185277,6,3
w0931_0940_h3m,09:31-09:40,3m,pool_L,2022,H1,6,21.813799,32.999671786690406,0.1226635375434792,0.0199484281493062,6,6
w0931_0940_h3m,09:31-09:40,3m,pool_L,2022,H2,6,15.701098,12.32969632527791,0.1079306703094045,0.0171981855952368,6,3
w0931_0940_h3m,09:31-09:40,3m,pool_L,2023,H1,6,13.885016,35.145773991741635,0.0989990526447142,0.016482887279038,6,6
w0931_0940_h3m,09:31-09:40,3m,pool_L,2023,H2,6,11.392751,14.199555073984548,0.0963362047332063,-0.0038680022058727,6,5
w0931_0940_h3m,09:31-09:40,3m,pool_L,2024,H1,6,12.410127,22.346538661668976,0.0894420875398345,0.0274968457966139,6,5
w0931_0940_h3m,09:31-09:40,3m,pool_L,2024,H2,6,12.036172,16.276574215900478,0.1021239796760505,-0.0012704729802256,6,4
w0931_0940_h3m,09:31-09:40,3m,pool_L,2025,H1,6,6.834732,17.3594699281493,0.0776199120866171,0.005097735148997,6,4
w0931_0940_h3m,09:31-09:40,3m,pool_L,2025,H2,6,8.849422,18.615889846968617,0.0779703887689138,0.0069613566800465,6,4
w0931_0940_h5m,09:31-09:40,5m,universe,2022,H1,6,41.26027,26.65766877941094,0.1193612097887509,0.0277663414387806,6,5
w0931_0940_h5m,09:31-09:40,5m,universe,2022,H2,6,31.072493,15.592656086906436,0.1061859881441726,0.0246646652294166,6,5
w0931_0940_h5m,09:31-09:40,5m,universe,2023,H1,6,26.23876,29.634910487856043,0.0946760862192945,0.026031916375566,6,5
w0931_0940_h5m,09:31-09:40,5m,universe,2023,H2,6,26.296423,5.703950705677284,0.0908335126939593,0.0064013636666083,6,4
w0931_0940_h5m,09:31-09:40,5m,universe,2024,H1,6,28.853027,12.353629917243106,0.0819668789083719,0.0283657453422487,6,3
w0931_0940_h5m,09:31-09:40,5m,universe,2024,H2,6,29.645048,0.4129736536505106,0.0862051492522354,-0.0001534285631707,6,3
w0931_0940_h5m,09:31-09:40,5m,universe,2025,H1,6,20.801964,-4.721519675559096,0.0627178479204526,0.0038624105254053,6,3
w0931_0940_h5m,09:31-09:40,5m,universe,2025,H2,6,17.082428,-2.55423967995008,0.0678554416209346,0.0076847152118068,6,3
w0931_0940_h5m,09:31-09:40,5m,pool_L,2022,H1,6,23.178133,35.58755065730016,0.1040278441579974,0.0212194393098956,6,6
w0931_0940_h5m,09:31-09:40,5m,pool_L,2022,H2,6,16.069605,12.621212121194864,0.0915725023050254,0.0208242081819825,6,4
w0931_0940_h5m,09:31-09:40,5m,pool_L,2023,H1,6,14.308517,34.99465706212112,0.0812350077410618,0.0177049634242264,6,6
w0931_0940_h5m,09:31-09:40,5m,pool_L,2023,H2,6,13.171147,13.731275921777565,0.0750114726241556,-0.0022627023435742,6,5
w0931_0940_h5m,09:31-09:40,5m,pool_L,2024,H1,6,12.468726,21.64765641474487,0.0689184724250669,0.0213284742247727,6,4
w0931_0940_h5m,09:31-09:40,5m,pool_L,2024,H2,6,12.520962,13.394024347031232,0.0805317185641216,-0.0018837269795473,6,4
w0931_0940_h5m,09:31-09:40,5m,pool_L,2025,H1,6,7.2256913,17.410519805747132,0.060895084524923,0.0045467198711178,6,4
w0931_0940_h5m,09:31-09:40,5m,pool_L,2025,H2,6,8.838983,16.526923729208008,0.0604586343698396,0.005029028435329,6,4
w0931_0940_h10m,09:31-09:40,10m,universe,2022,H1,6,45.534412,26.109565355303573,0.096926857574645,0.0287309726512249,6,5
w0931_0940_h10m,09:31-09:40,10m,universe,2022,H2,6,34.609608,15.091715347167316,0.0817913883554957,0.0230006993629482,6,5
w0931_0940_h10m,09:31-09:40,10m,universe,2023,H1,6,25.78305,27.8261886806368,0.0702999570064808,0.0252646281908531,6,5
w0931_0940_h10m,09:31-09:40,10m,universe,2023,H2,6,30.632067,0.7753442773538382,0.0702791468918473,0.0056968403621349,6,2
w0931_0940_h10m,09:31-09:40,10m,universe,2024,H1,6,26.505636,7.427598205051743,0.0556489820572122,0.0262158717948995,6,3
w0931_0940_h10m,09:31-09:40,10m,universe,2024,H2,6,30.783325,-0.3285103363202377,0.0589814235557037,0.0039554592787833,6,3
w0931_0940_h10m,09:31-09:40,10m,universe,2025,H1,6,20.930399,-4.32999915779795,0.0466254027868816,0.0067634196028394,6,3
w0931_0940_h10m,09:31-09:40,10m,universe,2025,H2,6,15.787201,-2.89023688747441,0.0500571566259811,0.0008363752368711,6,3
w0931_0940_h10m,09:31-09:40,10m,pool_L,2022,H1,6,26.230265,38.69326782668054,0.0829803993678092,0.0246114712522335,6,6
w0931_0940_h10m,09:31-09:40,10m,pool_L,2022,H2,6,17.778316,15.59037102521854,0.0696309446010045,0.0196289522476154,6,4
w0931_0940_h10m,09:31-09:40,10m,pool_L,2023,H1,6,15.272037,36.50195204339041,0.0595581444112224,0.017780298855293,6,6
w0931_0940_h10m,09:31-09:40,10m,pool_L,2023,H2,6,16.940178,13.119871998709904,0.0591222590943267,-0.0011596966781489,6,5
w0931_0940_h10m,09:31-09:40,10m,pool_L,2024,H1,6,9.1124735,14.193205061610447,0.0430422947261092,0.0165754195670569,6,4
w0931_0940_h10m,09:31-09:40,10m,pool_L,2024,H2,6,12.004125,16.434944536799787,0.0535563149011616,0.0035260003975996,6,5
w0931_0940_h10m,09:31-09:40,10m,pool_L,2025,H1,6,6.3521686,16.278320457186783,0.0440086588301201,0.0061623737695411,5,5
w0931_0940_h10m,09:31-09:40,10m,pool_L,2025,H2,6,9.016818,19.67932118244473,0.0462689679734599,0.0021094599923084,6,4
w0931_0940_h1h,09:31-09:40,1h,universe,2022,H1,6,58.25089,11.955631532760757,0.0534671357546381,0.0214582186534965,6,3
w0931_0940_h1h,09:31-09:40,1h,universe,2022,H2,6,42.215744,11.360680670209357,0.0443981525575728,0.0236319896772535,6,5
w0931_0940_h1h,09:31-09:40,1h,universe,2023,H1,6,31.925375,16.609613305625448,0.0314171507155957,0.0167959392982356,6,4
w0931_0940_h1h,09:31-09:40,1h,universe,2023,H2,6,39.94887,-7.366915173317253,0.0327482587812965,0.0067657967246081,6,2
w0931_0940_h1h,09:31-09:40,1h,universe,2024,H1,6,37.00769,3.37899322802681,0.0294654590472767,0.0165489484092238,6,2
w0931_0940_h1h,09:31-09:40,1h,universe,2024,H2,6,43.89557,-9.158046940155211,0.0260564155814174,0.0031228090716767,6,3
w0931_0940_h1h,09:31-09:40,1h,universe,2025,H1,6,28.373863,-17.567277282941564,0.0171387861011863,0.003621410317909,6,2
w0931_0940_h1h,09:31-09:40,1h,universe,2025,H2,6,21.579016,-3.8622224733933135,0.0187709912585738,0.0032588776453577,6,3
w0931_0940_h1h,09:31-09:40,1h,pool_L,2022,H1,6,27.238398,38.405323312124686,0.042969948750688,0.0215462035878082,6,6
w0931_0940_h1h,09:31-09:40,1h,pool_L,2022,H2,6,18.6826,14.96738868892726,0.0347952276432009,0.0204253685398654,6,5
w0931_0940_h1h,09:31-09:40,1h,pool_L,2023,H1,6,17.77976,35.24131725297307,0.0257400242048625,0.013925288290918,6,6
w0931_0940_h1h,09:31-09:40,1h,pool_L,2023,H2,6,22.461136,12.07245480469748,0.0259606929882007,0.00360543281231,6,4
w0931_0940_h1h,09:31-09:40,1h,pool_L,2024,H1,6,9.803352,14.524625501450217,0.0198102836662673,0.0105342877616466,5,4
w0931_0940_h1h,09:31-09:40,1h,pool_L,2024,H2,6,14.048148,12.444600704859525,0.0221142347962772,0.0059786365509099,6,4
w0931_0940_h1h,09:31-09:40,1h,pool_L,2025,H1,6,9.00739,16.415751855793356,0.0160722210653983,0.0069851517511567,4,4
w0931_0940_h1h,09:31-09:40,1h,pool_L,2025,H2,6,15.328106,20.72143701948133,0.0189411355857908,0.0062592770608831,6,5
w0931_0940_hclose,09:31-09:40,close,universe,2022,H1,6,58.19748,27.057196373290854,0.0503430453926072,0.0369171244753406,6,4
w0931_0940_hclose,09:31-09:40,close,universe,2022,H2,6,41.266766,21.435697058694924,0.0396811704092658,0.0261797290549762,6,5
w0931_0940_hclose,09:31-09:40,close,universe,2023,H1,6,39.44479,22.17517128806843,0.0308914343444512,0.0227512743096604,6,5
w0931_0940_hclose,09:31-09:40,close,universe,2023,H2,6,37.457775,0.0780433735541731,0.030042535711254,0.0161602457098543,6,3
w0931_0940_hclose,09:31-09:40,close,universe,2024,H1,6,54.286083,14.087653654621228,0.0376329691566403,0.0233142305967248,6,2
w0931_0940_hclose,09:31-09:40,close,universe,2024,H2,6,42.04624,-8.629868876271765,0.0290419618252755,0.014280877072407,6,3
w0931_0940_hclose,09:31-09:40,close,universe,2025,H1,6,31.824255,-2.7229673743381766,0.014549142120838,0.0083854103939455,6,3
w0931_0940_hclose,09:31-09:40,close,universe,2025,H2,6,26.182531,1.255671574086173,0.0189758787943327,0.0105523575178558,6,3
w0931_0940_hclose,09:31-09:40,close,pool_L,2022,H1,6,36.44679,42.56817525627702,0.041132501708485,0.0310218137447272,6,6
w0931_0940_hclose,09:31-09:40,close,pool_L,2022,H2,6,19.3277,15.218034713961254,0.0308466346160669,0.0204946671240873,6,5
w0931_0940_hclose,09:31-09:40,close,pool_L,2023,H1,6,23.454676,29.767781244511745,0.0218117557014522,0.0139820709506227,6,5
w0931_0940_hclose,09:31-09:40,close,pool_L,2023,H2,6,19.00944,10.583981465704564,0.0200829267182645,0.0079271727953716,6,4
w0931_0940_hclose,09:31-09:40,close,pool_L,2024,H1,6,24.648474,19.56309045763621,0.0270691063337013,0.0130665254927179,5,4
w0931_0940_hclose,09:31-09:40,close,pool_L,2024,H2,6,18.562817,12.144456115953984,0.0232420423242525,0.014584392686773,6,3
w0931_0940_hclose,09:31-09:40,close,pool_L,2025,H1,6,15.602043,18.210790720008493,0.0094187112650368,0.0072419650583053,5,5
w0931_0940_hclose,09:31-09:40,close,pool_L,2025,H2,6,15.505744,18.634508592352123,0.016060007337414,0.0102859430754532,6,6
w1001_1010_h1m,10:01-10:10,1m,universe,2022,H1,6,18.525705,-12.524919855804262,0.2563822206038169,0.0147515494668484,6,2
w1001_1010_h1m,10:01-10:10,1m,universe,2022,H2,6,15.887982,-21.18114725867189,0.2604007866270015,0.005866878975897,6,1
w1001_1010_h1m,10:01-10:10,1m,universe,2023,H1,6,14.163967,2.6443319576331827,0.2654117965337245,0.0158658622804563,6,3
w1001_1010_h1m,10:01-10:10,1m,universe,2023,H2,6,13.946353,-34.184881574349866,0.2633433939415711,-0.0027490198364569,6,0
w1001_1010_h1m,10:01-10:10,1m,universe,2024,H1,6,16.29697,-11.960994625546872,0.2758838848710341,0.0241933125876111,6,1
w1001_1010_h1m,10:01-10:10,1m,universe,2024,H2,6,17.179367,-30.30863457270093,0.2677243693270156,-0.0011006060608231,6,1
w1001_1010_h1m,10:01-10:10,1m,universe,2025,H1,6,13.243743,-24.46882214030917,0.2716498829538269,0.0066660978764843,6,2
w1001_1010_h1m,10:01-10:10,1m,universe,2025,H2,6,10.449748,-16.02542693291024,0.2426467372290583,0.0094043320035481,6,2
w1001_1010_h1m,10:01-10:10,1m,pool_L,2022,H1,6,10.590199,15.792371500553338,0.2376930701315631,0.0116863000626438,6,4
w1001_1010_h1m,10:01-10:10,1m,pool_L,2022,H2,6,9.627663,-1.5442197645382478,0.2390283037426941,0.002661199763492,6,2
w1001_1010_h1m,10:01-10:10,1m,pool_L,2023,H1,6,8.742668,18.306781255176396,0.2500690617751237,0.0120450434491765,6,6
w1001_1010_h1m,10:01-10:10,1m,pool_L,2023,H2,6,7.264494,-6.337713458053021,0.2452035314195129,-0.0084972027188866,6,1
w1001_1010_h1m,10:01-10:10,1m,pool_L,2024,H1,6,9.547676,18.825573266545337,0.2673636243840426,0.0235156431385344,6,6
w1001_1010_h1m,10:01-10:10,1m,pool_L,2024,H2,6,8.824803,0.8900123710643782,0.2578223756572288,-0.0072353843995636,6,3
w1001_1010_h1m,10:01-10:10,1m,pool_L,2025,H1,6,7.567962,4.048982949509127,0.2750981199510933,0.0037702903982528,6,3
w1001_1010_h1m,10:01-10:10,1m,pool_L,2025,H2,6,6.181166,10.695062889171462,0.2331358556998998,0.0034281482589001,6,4
w1001_1010_h3m,10:01-10:10,3m,universe,2022,H1,6,18.940832,-10.341236292122716,0.1918638291461502,0.0176262562819057,6,2
w1001_1010_h3m,10:01-10:10,3m,universe,2022,H2,6,16.285158,-15.21803482540912,0.186632941195346,0.0039081556524849,6,2
w1001_1010_h3m,10:01-10:10,3m,universe,2023,H1,6,13.832557,5.894552809684895,0.1875739407188651,0.0196439394898136,6,3
w1001_1010_h3m,10:01-10:10,3m,universe,2023,H2,6,13.851689,-28.27221643267733,0.1895857265173856,-0.0004039330176901,6,0
w1001_1010_h3m,10:01-10:10,3m,universe,2024,H1,6,14.467049,-6.327513852634232,0.195540875152288,0.0287722621034041,6,2
w1001_1010_h3m,10:01-10:10,3m,universe,2024,H2,6,15.553017,-27.53441011042112,0.1935149806360671,0.0012563905128481,6,2
w1001_1010_h3m,10:01-10:10,3m,universe,2025,H1,6,13.161681,-25.33495102744268,0.196356417756112,0.006898612393954,6,1
w1001_1010_h3m,10:01-10:10,3m,universe,2025,H2,6,11.063708,-10.808096930525949,0.1710769246842792,0.0060425123573443,6,3
w1001_1010_h3m,10:01-10:10,3m,pool_L,2022,H1,6,11.664861,22.386810879719988,0.1785080277540841,0.0156975674660423,6,5
w1001_1010_h3m,10:01-10:10,3m,pool_L,2022,H2,6,9.761128,1.361500224928524,0.1679630048458475,0.0011148649941835,6,3
w1001_1010_h3m,10:01-10:10,3m,pool_L,2023,H1,6,8.853527,16.920723666411728,0.1737299609818589,0.0150192907507716,6,5
w1001_1010_h3m,10:01-10:10,3m,pool_L,2023,H2,6,7.5060897,-4.572926080987611,0.1745852699105258,-0.0060008739611575,6,2
w1001_1010_h3m,10:01-10:10,3m,pool_L,2024,H1,6,8.283266,19.64258876987114,0.1893945292953973,0.0264129079271528,6,6
w1001_1010_h3m,10:01-10:10,3m,pool_L,2024,H2,6,8.072573,5.185389884619119,0.1855449470175943,-0.0048206037128737,6,4
w1001_1010_h3m,10:01-10:10,3m,pool_L,2025,H1,6,7.5095925,6.406906110227067,0.2009515886778006,0.0041941177928978,6,4
w1001_1010_h3m,10:01-10:10,3m,pool_L,2025,H2,6,6.6976814,11.501358050219611,0.1620274077289736,0.0005338468227371,6,4
w1001_1010_h5m,10:01-10:10,5m,universe,2022,H1,6,19.24322,-4.99065184300211,0.1610541480566431,0.0193741253982078,6,2
w1001_1010_h5m,10:01-10:10,5m,universe,2022,H2,6,15.813434,-9.694011767641308,0.1544313031407825,0.005964283081645,6,3
w1001_1010_h5m,10:01-10:10,5m,universe,2023,H1,6,14.387197,7.591976513031781,0.1544611109066583,0.0168135755900549,6,3
w1001_1010_h5m,10:01-10:10,5m,universe,2023,H2,6,14.042693,-28.09500578046024,0.1559909590889469,0.0023790520402694,6,0
w1001_1010_h5m,10:01-10:10,5m,universe,2024,H1,6,15.5555315,-2.624386955700884,0.1599812874879548,0.0304698632951529,6,2
w1001_1010_h5m,10:01-10:10,5m,universe,2024,H2,6,14.566363,-23.533013798595544,0.1609506871658255,0.0020870399813207,6,2
w1001_1010_h5m,10:01-10:10,5m,universe,2025,H1,6,13.351333,-19.22457499669852,0.163089487620844,0.009623426056006,6,2
w1001_1010_h5m,10:01-10:10,5m,universe,2025,H2,6,11.144543,-7.400168528080378,0.1404518810727261,0.0086538265139736,6,3
w1001_1010_h5m,10:01-10:10,5m,pool_L,2022,H1,6,11.9945345,21.679317960747824,0.1490241042096703,0.0159946744102266,6,5
w1001_1010_h5m,10:01-10:10,5m,pool_L,2022,H2,6,9.601583,4.47679805563294,0.1374760979872449,0.0023274359668244,6,5
w1001_1010_h5m,10:01-10:10,5m,pool_L,2023,H1,6,9.14592,19.976457992715485,0.1417853461616066,0.0128859200496305,6,5
w1001_1010_h5m,10:01-10:10,5m,pool_L,2023,H2,6,8.029669,-4.664953523078126,0.1428745303612605,-0.0041924703749912,6,2
w1001_1010_h5m,10:01-10:10,5m,pool_L,2024,H1,6,8.113688,24.384994623490144,0.1553276095268637,0.0268887994499592,6,6
w1001_1010_h5m,10:01-10:10,5m,pool_L,2024,H2,6,7.266295,2.488535983137503,0.1532714524788063,-0.00631230960838,6,3
w1001_1010_h5m,10:01-10:10,5m,pool_L,2025,H1,6,7.7392755,6.718856931596302,0.1667190324835009,0.0074574085839935,6,4
w1001_1010_h5m,10:01-10:10,5m,pool_L,2025,H2,6,6.700207,12.467956199638204,0.1309113410554365,0.0017894544196722,6,4
w1001_1010_h10m,10:01-10:10,10m,universe,2022,H1,6,19.892767,-13.007296946181649,0.1228035709488916,0.0200090500980428,6,2
w1001_1010_h10m,10:01-10:10,10m,universe,2022,H2,6,15.769628,-12.097504682004354,0.1173221352782855,0.0098964735441686,6,2
w1001_1010_h10m,10:01-10:10,10m,universe,2023,H1,6,14.825276,7.479356324701873,0.1189174987287661,0.0205257913032654,6,3
w1001_1010_h10m,10:01-10:10,10m,universe,2023,H2,6,15.226138,-33.35185095180829,0.1054244667127591,0.0024844758500521,6,0
w1001_1010_h10m,10:01-10:10,10m,universe,2024,H1,6,13.359261,-10.651905776442703,0.1172476495559444,0.0297977837252274,6,2
w1001_1010_h10m,10:01-10:10,10m,universe,2024,H2,6,12.358395,-33.88620604894684,0.1152387700703673,-0.0026780691367738,6,2
w1001_1010_h10m,10:01-10:10,10m,universe,2025,H1,6,13.380958,-21.651931548649085,0.1155164142274303,0.006879734510999,6,1
w1001_1010_h10m,10:01-10:10,10m,universe,2025,H2,6,10.16397,-16.723257616675046,0.0980449083459716,0.0073595117595141,6,3
w1001_1010_h10m,10:01-10:10,10m,pool_L,2022,H1,6,12.359214,23.33276285080683,0.1144651844854618,0.0190767968245297,6,5
w1001_1010_h10m,10:01-10:10,10m,pool_L,2022,H2,6,9.60215,4.898779294476377,0.1036371780713667,0.0063452267831465,6,4
w1001_1010_h10m,10:01-10:10,10m,pool_L,2023,H1,6,9.653934,23.61039216562216,0.1087680425869952,0.0173706237247587,6,5
w1001_1010_h10m,10:01-10:10,10m,pool_L,2023,H2,6,8.68192,-4.812424393764073,0.0933567599150272,-0.0019922738308834,6,2
w1001_1010_h10m,10:01-10:10,10m,pool_L,2024,H1,6,6.6431174,20.648967910457,0.1131593006484121,0.0268027880817574,6,4
w1001_1010_h10m,10:01-10:10,10m,pool_L,2024,H2,6,5.9864388,3.159363202804676,0.1115025541458522,-0.0063857603998727,6,3
w1001_1010_h10m,10:01-10:10,10m,pool_L,2025,H1,6,7.1296234,8.890914928675665,0.118584582995951,0.007335445004004,6,4
w1001_1010_h10m,10:01-10:10,10m,pool_L,2025,H2,6,6.3266373,9.911575931819252,0.0904562684736498,0.0028763477523019,6,4
w1001_1010_h1h,10:01-10:10,1h,universe,2022,H1,6,27.153404,-13.093341945054538,0.0552332650183546,0.0233915892835362,6,2
w1001_1010_h1h,10:01-10:10,1h,universe,2022,H2,6,12.774159,-22.754954169176845,0.0434659355641609,0.0108856497796329,6,2
w1001_1010_h1h,10:01-10:10,1h,universe,2023,H1,6,18.200697,0.8049465804323527,0.0430276225905749,0.0170508016194812,5,3
w1001_1010_h1h,10:01-10:10,1h,universe,2023,H2,6,12.283584,-37.95458871930069,0.0297915229379363,0.0039467893866238,6,0
w1001_1010_h1h,10:01-10:10,1h,universe,2024,H1,6,11.613304,-16.546690126636175,0.0545398139172067,0.0351582771474037,6,1
w1001_1010_h1h,10:01-10:10,1h,universe,2024,H2,6,17.237555,-33.31481463099319,0.0532281469709699,0.0098551428206134,6,1
w1001_1010_h1h,10:01-10:10,1h,universe,2025,H1,6,13.957311,-31.939070377819395,0.0401130978695552,0.0121342033994454,6,1
w1001_1010_h1h,10:01-10:10,1h,universe,2025,H2,6,5.8554015,-16.284619434560135,0.0294886990238104,-9.787081838736796e-05,5,3
w1001_1010_h1h,10:01-10:10,1h,pool_L,2022,H1,6,14.430507,23.51761022561531,0.0515024182439322,0.0196967005478735,6,5
w1001_1010_h1h,10:01-10:10,1h,pool_L,2022,H2,6,5.111612,1.3109788076108824,0.0356210231607691,0.0098866634236248,4,4
w1001_1010_h1h,10:01-10:10,1h,pool_L,2023,H1,6,10.11234,23.3761630236202,0.0368784536863792,0.0173922125786828,5,5
w1001_1010_h1h,10:01-10:10,1h,pool_L,2023,H2,6,6.058193,-5.8550839018777125,0.0244219728686233,0.0014652512283491,6,1
w1001_1010_h1h,10:01-10:10,1h,pool_L,2024,H1,6,5.608053,16.852684468343462,0.0542126790431185,0.0353656918404101,5,4
w1001_1010_h1h,10:01-10:10,1h,pool_L,2024,H2,6,7.2678075,0.957643969214898,0.0518974057879933,0.006063926512182,5,3
w1001_1010_h1h,10:01-10:10,1h,pool_L,2025,H1,6,8.036821,9.241447289890791,0.0405062995966376,0.0148010860248576,5,4
w1001_1010_h1h,10:01-10:10,1h,pool_L,2025,H2,6,5.686832,14.856368341781618,0.0264301149803858,-0.0011181987188982,5,5
w1001_1010_hclose,10:01-10:10,close,universe,2022,H1,6,29.554642,-6.300953345534304,0.0471864398036425,0.0299607008658625,6,2
w1001_1010_hclose,10:01-10:10,close,universe,2022,H2,6,20.657568,-9.931481456555725,0.0402874009539798,0.0176919377037612,6,1
w1001_1010_hclose,10:01-10:10,close,universe,2023,H1,6,25.25329,-0.1607176145700366,0.0433271647441694,0.0258620649817236,6,3
w1001_1010_hclose,10:01-10:10,close,universe,2023,H2,6,22.589554,-16.576756096222198,0.0286372339042943,0.0136365886846158,6,1
w1001_1010_hclose,10:01-10:10,close,universe,2024,H1,6,28.34973,-7.8489456982585395,0.0527740320017277,0.0371506441823094,5,1
w1001_1010_hclose,10:01-10:10,close,universe,2024,H2,6,17.508656,-26.465462356868827,0.0498230294586923,0.0190085453651546,5,1
w1001_1010_hclose,10:01-10:10,close,universe,2025,H1,6,22.713873,-11.93537708934162,0.040087675905018,0.0208143387226897,6,2
w1001_1010_hclose,10:01-10:10,close,universe,2025,H2,6,16.142431,-6.624734987009364,0.028022513551997,0.0092668938353481,5,4
w1001_1010_hclose,10:01-10:10,close,pool_L,2022,H1,6,17.999876,18.64402081098148,0.0401067059179311,0.0218821768833995,6,4
w1001_1010_hclose,10:01-10:10,close,pool_L,2022,H2,6,10.999419,4.001395683240333,0.0307775650731717,0.0108452701127444,5,4
w1001_1010_hclose,10:01-10:10,close,pool_L,2023,H1,6,19.910238,20.61647496151905,0.0355961451524416,0.0209078344568485,6,5
w1001_1010_hclose,10:01-10:10,close,pool_L,2023,H2,6,11.480775,1.5455443565228169,0.017514653327503,0.0055600222423878,5,5
w1001_1010_hclose,10:01-10:10,close,pool_L,2024,H1,6,18.143343,12.804496639130477,0.0481404206480826,0.0300192822123223,5,3
w1001_1010_hclose,10:01-10:10,close,pool_L,2024,H2,6,12.9471245,3.187895777419208,0.0409058079161366,0.0118152858605187,5,3
w1001_1010_hclose,10:01-10:10,close,pool_L,2025,H1,6,15.372941,19.64024791498751,0.0348102629449354,0.0186382547772839,5,5
w1001_1010_hclose,10:01-10:10,close,pool_L,2025,H2,6,12.073163,9.787812463039987,0.0234257340934253,0.0054979363587268,5,4
w1401_1410_h1m,14:01-14:10,1m,universe,2022,H1,6,14.440772,-28.459716048038107,0.3681043715275402,0.0143925640215997,6,0
w1401_1410_h1m,14:01-14:10,1m,universe,2022,H2,6,11.992168,-18.818902539949608,0.3862642777585996,0.0127865023802157,6,0
w1401_1410_h1m,14:01-14:10,1m,universe,2023,H1,6,10.803105,-8.317154447236183,0.3855033083251406,0.0244438086847343,6,2
w1401_1410_h1m,14:01-14:10,1m,universe,2023,H2,6,10.379374,-33.114696400751555,0.389181909574545,0.0095804302746166,6,0
w1401_1410_h1m,14:01-14:10,1m,universe,2024,H1,6,13.1684675,-24.247368336531693,0.3844515617097864,0.0216117447910176,6,1
w1401_1410_h1m,14:01-14:10,1m,universe,2024,H2,6,14.751002,-41.86590229727617,0.3937732037292192,0.0035503220225673,6,1
w1401_1410_h1m,14:01-14:10,1m,universe,2025,H1,6,11.529499,-27.34940931871938,0.3790955999011952,0.0148525700580402,6,0
w1401_1410_h1m,14:01-14:10,1m,universe,2025,H2,6,8.5981245,-16.99360034132775,0.3521932937137552,0.0166350692664918,6,1
w1401_1410_h1m,14:01-14:10,1m,pool_L,2022,H1,6,8.929684,0.9324594257929374,0.3563749954079233,0.0090526067553718,6,4
w1401_1410_h1m,14:01-14:10,1m,pool_L,2022,H2,6,8.078056,-1.3277299729608256,0.3745034167255787,0.0091845217407514,6,1
w1401_1410_h1m,14:01-14:10,1m,pool_L,2023,H1,6,7.5487695,3.553822380410347,0.3803586683405041,0.0200363487128312,6,4
w1401_1410_h1m,14:01-14:10,1m,pool_L,2023,H2,6,6.2894797,-1.57499746812855,0.379560011858237,0.0014758184390485,6,3
w1401_1410_h1m,14:01-14:10,1m,pool_L,2024,H1,6,8.875958,9.29081679887035,0.3805097449701224,0.0213749831701321,6,4
w1401_1410_h1m,14:01-14:10,1m,pool_L,2024,H2,6,9.137348,-6.601018080011717,0.3893833334459961,-0.0036008200198692,6,2
w1401_1410_h1m,14:01-14:10,1m,pool_L,2025,H1,6,7.0516133,3.141880932319204,0.3835636500980512,0.0115789460238564,6,4
w1401_1410_h1m,14:01-14:10,1m,pool_L,2025,H2,6,5.451164,2.899047147680148,0.3443806600879235,0.0095327717487694,6,4
w1401_1410_h3m,14:01-14:10,3m,universe,2022,H1,6,15.564147,-28.529720631438696,0.3076286423848552,0.0196842123827258,6,0
w1401_1410_h3m,14:01-14:10,3m,universe,2022,H2,6,12.58409,-16.275862249989995,0.319863450913896,0.0168818754644392,6,0
w1401_1410_h3m,14:01-14:10,3m,universe,2023,H1,6,11.484825,-5.187617218792588,0.3235247472925039,0.0287820289553391,6,2
w1401_1410_h3m,14:01-14:10,3m,universe,2023,H2,6,10.979932,-31.368420969184985,0.3301125694528836,0.0119841900422828,6,0
w1401_1410_h3m,14:01-14:10,3m,universe,2024,H1,6,14.20848,-24.483553260184923,0.3217286572384376,0.0245269862186608,6,1
w1401_1410_h3m,14:01-14:10,3m,universe,2024,H2,6,15.936768,-34.39791338385091,0.3387538052290555,0.0088251682738887,6,1
w1401_1410_h3m,14:01-14:10,3m,universe,2025,H1,6,11.83783,-21.53699274904293,0.3140741524250421,0.0240308600932731,6,1
w1401_1410_h3m,14:01-14:10,3m,universe,2025,H2,6,8.5641775,-20.633548757139685,0.2833700051509368,0.0212114816917166,6,0
w1401_1410_h3m,14:01-14:10,3m,pool_L,2022,H1,6,9.557484,2.2666503247036176,0.2950097314165393,0.0129582854648006,6,4
w1401_1410_h3m,14:01-14:10,3m,pool_L,2022,H2,6,8.448053,0.5449443283616278,0.30655587523243,0.012378283880007,6,2
w1401_1410_h3m,14:01-14:10,3m,pool_L,2023,H1,6,8.012475,5.561587308947344,0.3174746385712179,0.0217945109988083,6,4
w1401_1410_h3m,14:01-14:10,3m,pool_L,2023,H2,6,6.732921,-1.7663170025885948,0.3191117072232844,0.002826708603528,6,3
w1401_1410_h3m,14:01-14:10,3m,pool_L,2024,H1,6,9.451725,4.962866372029004,0.3193274034093488,0.021721452582393,6,4
w1401_1410_h3m,14:01-14:10,3m,pool_L,2024,H2,6,10.097213,-0.9780537943583342,0.3338578125523527,0.0008806844239472,6,3
w1401_1410_h3m,14:01-14:10,3m,pool_L,2025,H1,6,7.3548427,4.416449174684167,0.3182050703935381,0.0176158691825547,6,4
w1401_1410_h3m,14:01-14:10,3m,pool_L,2025,H2,6,5.408175,2.5804982183710634,0.2743902304142686,0.0113603491893846,6,4
w1401_1410_h5m,14:01-14:10,5m,universe,2022,H1,6,15.58337,-15.17148963341226,0.2760297580643807,0.0251083600755534,6,1
w1401_1410_h5m,14:01-14:10,5m,universe,2022,H2,6,12.293788,-14.408851364355108,0.2845538340811599,0.0193659364575192,6,0
w1401_1410_h5m,14:01-14:10,5m,universe,2023,H1,6,11.122787,-3.899874127370917,0.286474677761781,0.0285846357642322,6,2
w1401_1410_h5m,14:01-14:10,5m,universe,2023,H2,6,10.875637,-31.687897395809618,0.2933353083816202,0.0140585264669028,6,0
w1401_1410_h5m,14:01-14:10,5m,universe,2024,H1,6,14.393483,-16.9533871483064,0.2849394749673741,0.0270400124391231,6,1
w1401_1410_h5m,14:01-14:10,5m,universe,2024,H2,6,14.381595,-37.39773963922495,0.3024801961469684,0.0100809671782359,6,1
w1401_1410_h5m,14:01-14:10,5m,universe,2025,H1,6,11.456073,-20.10450971099525,0.277352254408974,0.0279382038545343,6,1
w1401_1410_h5m,14:01-14:10,5m,universe,2025,H2,6,7.550556,-20.46444179777126,0.2465833262009258,0.021564573019637,6,0
w1401_1410_h5m,14:01-14:10,5m,pool_L,2022,H1,6,9.799141,5.358673588576136,0.2620740986507588,0.0146181044699308,6,5
w1401_1410_h5m,14:01-14:10,5m,pool_L,2022,H2,6,8.579673,1.791441232700607,0.2723168489935464,0.0134413476825204,6,3
w1401_1410_h5m,14:01-14:10,5m,pool_L,2023,H1,6,7.962036,6.031664481377504,0.2797631897593449,0.0221323545251651,6,4
w1401_1410_h5m,14:01-14:10,5m,pool_L,2023,H2,6,6.7547297,-2.445157128805437,0.2809530391280672,0.0042582330832158,6,3
w1401_1410_h5m,14:01-14:10,5m,pool_L,2024,H1,6,9.658419,8.452599772203625,0.282452672589849,0.0228538248515731,6,4
w1401_1410_h5m,14:01-14:10,5m,pool_L,2024,H2,6,9.677341,-3.765425739077004,0.2987687482616444,0.0002738422231386,6,1
w1401_1410_h5m,14:01-14:10,5m,pool_L,2025,H1,6,7.3900285,5.049547407728149,0.2798475582624626,0.0199448254073708,6,4
w1401_1410_h5m,14:01-14:10,5m,pool_L,2025,H2,6,5.003954,1.867523576119586,0.2369656208940012,0.0110753066503311,6,4
