case,window,horizon,pool,test_month,groups,months,candidate_rows,selected_rows,pool_short_mean_bps,selected_short_mean_bps,short_internal_excess_bps,pool_next_mean_bps,selected_next_mean_bps,next_internal_excess_bps,short_rank_ic,next_rank_ic
w0931_0940_h1m,09:31-09:40,1m,universe,2022Q1,580,3,4574.589655172414,100.0,-10.096039,26.058731,36.15477,-42.59172792842582,-18.956260231796453,23.63546769662937,0.1866711802376486,0.008026625980021
w0931_0940_h1m,09:31-09:40,1m,universe,2022Q2,590,3,4622.149152542373,100.0,-9.135125,25.62324,34.758366,9.59243304779522,4.079038609070617,-5.513394438724603,0.1965333715424634,0.0347438680499429
w0931_0940_h1m,09:31-09:40,1m,universe,2022Q3,650,3,4712.332307692308,100.0,-10.210277,20.235624,30.445898,-34.023738500412335,-26.212008956743976,7.811729543668362,0.1782622149013246,0.0074642277681931
w0931_0940_h1m,09:31-09:40,1m,universe,2022Q4,600,3,4814.255,100.0,-8.979641,16.367039,25.34668,20.19177570184526,25.47010609779964,5.278330395954375,0.1670209402295004,0.0191601111061117
w0931_0940_h1m,09:31-09:40,1m,universe,2023Q1,590,3,4874.31186440678,100.0,-7.559466,13.557385,21.116852,18.616830222659257,36.692546009357386,18.07571578669813,0.176511783749336,0.0238859910809677
w0931_0940_h1m,09:31-09:40,1m,universe,2023Q2,590,3,4923.125423728814,100.0,-9.215606,17.495905,26.711512,-3.8902920448007,31.854346706868476,35.74463875166917,0.1635951777845735,0.0177501778809962
w0931_0940_h1m,09:31-09:40,1m,universe,2023Q3,640,3,4997.090625,100.0,-8.406504,14.480537,22.887041,-17.291476564889102,-19.10353436917589,-1.8120578042867816,0.1628509138213054,5.6848058999996846e-05
w0931_0940_h1m,09:31-09:40,1m,universe,2023Q4,600,3,5042.545,100.0,-7.381974,13.336672,20.718645,3.5575962873662728,-1.470758137974312,-5.028354425340585,0.1594179751223746,0.0043259770133367
w0931_0940_h1m,09:31-09:40,1m,universe,2024Q1,580,3,5061.212068965518,100.0,-8.497933,17.388603,25.886538,-20.051983674158578,-5.918306371803151,14.133677302355428,0.1552042338351692,0.0140805286844433
w0931_0940_h1m,09:31-09:40,1m,universe,2024Q2,590,3,5051.932203389831,100.0,-10.314391,13.556018,23.87041,-37.61654048212096,-50.9013811376316,-13.28484065551064,0.1689192036342436,0.0485378205411147
w0931_0940_h1m,09:31-09:40,1m,universe,2024Q3,640,3,5028.1390625,100.0,-10.104639,11.076696,21.181334,57.76230402244802,55.768414472695326,-1.9938895497527,0.1961270569091245,-0.0141936204556482
w0931_0940_h1m,09:31-09:40,1m,universe,2024Q4,610,3,5045.8,100.0,-9.005498,21.400957,30.406454,-13.002545274883223,-16.613517410185697,-3.6109721353024726,0.1366735428641257,0.0128677435652749
w0931_0940_h1m,09:31-09:40,1m,universe,2025Q1,570,3,5083.117543859649,100.0,-7.5592737,10.340831,17.900105,25.089339588545908,12.555352122403669,-12.53398746614224,0.1354606656696939,0.0208495670112902
w0931_0940_h1m,09:31-09:40,1m,universe,2025Q2,600,3,5091.038333333333,100.0,-8.500218,7.330227,15.830446,22.88610325702613,20.0034474379804,-2.8826558190457283,0.1366346493387351,-0.0029550312209516
w0931_0940_h1m,09:31-09:40,1m,universe,2025Q3,660,3,5115.89696969697,100.0,-5.9304333,8.096846,14.027279,34.692147911002,25.05094955698199,-9.641198354020007,0.1433873725827506,0.0224720282641757
w0931_0940_h1m,09:31-09:40,1m,universe,2025Q4,600,3,5124.7283333333335,100.0,-6.740732,5.3024282,12.04316,10.386659882290438,5.790530450418397,-4.596129431872041,0.130428702001779,0.0108866784909719
w0931_0940_h1m,09:31-09:40,1m,pool_L,2022Q1,580,3,3082.5103448275863,100.0,-9.74222,8.667667,18.409887,-34.15569831467221,-0.1109712674558192,34.04472704721639,0.165040183568275,0.0027792973858391
w0931_0940_h1m,09:31-09:40,1m,pool_L,2022Q2,590,3,3128.5542372881355,100.0,-8.5420885,10.981795,19.523882,22.90144638816304,41.32547405937972,18.42402767121668,0.179105012301148,0.0313149570732778
w0931_0940_h1m,09:31-09:40,1m,pool_L,2022Q3,650,3,3200.9615384615386,100.0,-9.805927,7.7133594,17.519287,-27.03416184751501,-11.682304228475855,15.351857619039151,0.158440994929445,0.0079770330139016
w0931_0940_h1m,09:31-09:40,1m,pool_L,2022Q4,600,3,3281.0066666666667,100.0,-8.389646,4.041952,12.431597,28.034020569174547,32.81115497402591,4.777134404851363,0.1453263730558009,0.0155529522242211
w0931_0940_h1m,09:31-09:40,1m,pool_L,2023Q1,590,3,3327.0322033898306,100.0,-7.137821,4.514374,11.652195,25.429931597412757,48.544561068630216,23.11462947121745,0.1563485218822635,0.0189070189980253
w0931_0940_h1m,09:31-09:40,1m,pool_L,2023Q2,590,3,3358.581355932203,100.0,-8.818501,5.7717237,14.590224,5.420361494589133,50.25175289486096,44.83139140027183,0.1453934492362047,0.0096593509327905
w0931_0940_h1m,09:31-09:40,1m,pool_L,2023Q3,640,3,3421.2875,100.0,-7.968338,1.7734339,9.741772,-10.207723901871251,1.3605493853684405,11.568273287239691,0.1431575394643842,-0.0059473396441824
w0931_0940_h1m,09:31-09:40,1m,pool_L,2023Q4,600,3,3458.2116666666666,100.0,-6.7094517,2.7751195,9.484572,8.76106377255482,18.6983214974154,9.93725772486058,0.1355766274545136,-0.0053154296012693
w0931_0940_h1m,09:31-09:40,1m,pool_L,2024Q1,580,3,3475.751724137931,100.0,-8.43288,4.0801206,12.513001,-5.069048736735863,21.284494800709968,26.35354353744583,0.1358666036091212,0.0055281985346242
w0931_0940_h1m,09:31-09:40,1m,pool_L,2024Q2,590,3,3451.3169491525423,100.0,-10.3866005,1.1576685,11.544269,-28.218432377654107,-17.576774231185052,10.641658146469055,0.1562398264935581,0.0470634156693108
w0931_0940_h1m,09:31-09:40,1m,pool_L,2024Q3,640,3,3447.5953125,100.0,-9.892297,1.4951003,11.387397,64.36753636095271,68.25908250059692,3.891546139644212,0.1886403313223106,-0.0228783882898697
w0931_0940_h1m,09:31-09:40,1m,pool_L,2024Q4,610,3,3460.6344262295083,100.0,-8.701173,4.6358504,13.337023,-1.654795212718645,16.318228102270204,17.97302331498885,0.1236801707526728,0.0120884091299982
w0931_0940_h1m,09:31-09:40,1m,pool_L,2025Q1,570,3,3476.398245614035,100.0,-7.3454494,1.8897071,9.235157,36.026847989988404,57.45044508637116,21.423597096382757,0.1311844743735958,0.0178097710441525
w0931_0940_h1m,09:31-09:40,1m,pool_L,2025Q2,600,3,3458.4166666666665,100.0,-8.500781,-2.5859303,5.914851,29.6283735755018,40.200250512053714,10.571876936551917,0.1368799869312162,-0.005648247680235
w0931_0940_h1m,09:31-09:40,1m,pool_L,2025Q3,660,3,3467.457575757576,100.0,-5.4762187,2.515459,7.9916778,44.33160473542021,68.00746804250412,23.6758633070839,0.1348624506286368,0.0187265084639618
w0931_0940_h1m,09:31-09:40,1m,pool_L,2025Q4,600,3,3473.435,100.0,-6.308628,0.14075665,6.4493847,16.8045830091804,24.401931497674138,7.597348488493736,0.1222584558236561,0.0050845879350872
w0931_0940_h3m,09:31-09:40,3m,universe,2022Q1,580,3,4570.789655172413,100.0,-10.361467,29.073269,39.43474,-42.57357726142823,-5.988110392599507,36.58546686882872,0.1343660575874431,0.0151130448815818
w0931_0940_h3m,09:31-09:40,3m,universe,2022Q2,590,3,4618.077966101695,100.0,-6.8653173,32.650215,39.515533,9.602812476235773,23.05740514003966,13.45459266380389,0.1447135460988124,0.0343951409470628
w0931_0940_h3m,09:31-09:40,3m,universe,2022Q3,650,3,4709.509230769231,100.0,-9.529207,24.178951,33.708157,-34.00718856813019,-13.600449863662446,20.406738704467745,0.1289384322460725,0.0157734737036866
w0931_0940_h3m,09:31-09:40,3m,universe,2022Q4,600,3,4810.018333333333,100.0,-8.269748,17.380476,25.650225,20.18202577915832,27.20403617359326,7.022010394434941,0.1194708671914874,0.0237279153512542
w0931_0940_h3m,09:31-09:40,3m,universe,2023Q1,590,3,4869.796610169492,100.0,-5.6764174,15.552819,21.229235,18.64055316989865,40.849611449148455,22.20905827924981,0.1197627176201638,0.0271248886715989
w0931_0940_h3m,09:31-09:40,3m,universe,2023Q2,590,3,4918.266101694915,100.0,-8.179636,20.782082,28.961716,-3.874866961424375,34.467301384145145,38.34216834556951,0.1087106050259586,0.0220937315245953
w0931_0940_h3m,09:31-09:40,3m,universe,2023Q3,640,3,4992.903125,100.0,-7.6126413,15.956915,23.569557,-17.29138469987136,-9.90323224830713,7.388152451564233,0.1130677802092223,0.002107373631701
w0931_0940_h3m,09:31-09:40,3m,universe,2023Q4,600,3,5039.761666666666,100.0,-6.4466834,17.280876,23.727558,3.5563132373917834,5.117801931490085,1.5614886940983006,0.1165673545730387,0.0092173031455989
w0931_0940_h3m,09:31-09:40,3m,universe,2024Q1,580,3,5059.025862068966,100.0,-8.721608,19.649973,28.371582,-20.027789057105544,-2.524478836898579,17.503310220206963,0.0980348381745924,0.0168437186139777
w0931_0940_h3m,09:31-09:40,3m,universe,2024Q2,590,3,5047.869491525424,100.0,-10.422059,15.949891,26.37195,-37.59113558494519,-42.31711960885072,-4.72598402390553,0.1080763520769157,0.0461774772055503
w0931_0940_h3m,09:31-09:40,3m,universe,2024Q3,640,3,5022.0296875,100.0,-9.003468,14.683052,23.68652,57.77183822631107,64.20948727733118,6.437649051020107,0.1317392050621693,-0.0104228610536023
w0931_0940_h3m,09:31-09:40,3m,universe,2024Q4,610,3,5044.372131147541,100.0,-7.2225947,22.26559,29.488186,-12.99245299496283,-11.892831888766503,1.0996211061963244,0.0872265596974369,0.0166309437485943
w0931_0940_h3m,09:31-09:40,3m,universe,2025Q1,570,3,5080.473684210527,100.0,-5.263356,15.175906,20.439262,25.087431807827123,13.02087930528435,-12.06655250254277,0.0816625317578129,0.0147792167666087
w0931_0940_h3m,09:31-09:40,3m,universe,2025Q2,600,3,5089.363333333334,100.0,-8.374079,8.569655,16.943733,22.89126220529048,21.706416690429688,-1.184845514860792,0.0783106291417141,-0.0041048727694367
w0931_0940_h3m,09:31-09:40,3m,universe,2025Q3,660,3,5115.048484848485,100.0,-4.1447444,12.964799,17.109543,34.696871151312905,26.810456812878,-7.886414338434906,0.091436895691213,0.0141693636612202
w0931_0940_h3m,09:31-09:40,3m,universe,2025Q4,600,3,5123.426666666666,100.0,-5.61482,8.893252,14.508071,10.387548870064666,13.027314617650816,2.639765747586152,0.0812339039325164,0.010110541424378
w0931_0940_h3m,09:31-09:40,3m,pool_L,2022Q1,580,3,3080.0844827586207,100.0,-10.196021,11.157023,21.353045,-34.1288642184464,7.119304668917194,41.24816888736359,0.1169555526399038,0.0082475846058081
w0931_0940_h3m,09:31-09:40,3m,pool_L,2022Q2,590,3,3125.708474576272,100.0,-6.2879767,16.312464,22.600441,22.91311662487878,46.333077597733656,23.419960972854877,0.1298505123599124,0.0302788857188494
w0931_0940_h3m,09:31-09:40,3m,pool_L,2022Q3,650,3,3199.1292307692306,100.0,-9.2520075,9.377942,18.62995,-27.01892117112201,-5.775042959199322,21.243878211922688,0.1138387760777832,0.0152061570742015
w0931_0940_h3m,09:31-09:40,3m,pool_L,2022Q4,600,3,3278.385,100.0,-7.791329,4.7092457,12.500574,28.023890874095724,29.66978207647937,1.6458912023836425,0.1019302253238862,0.0192519685099326
w0931_0940_h3m,09:31-09:40,3m,pool_L,2023Q1,590,3,3324.262711864407,100.0,-5.1757274,6.840947,12.016674,25.4514595797192,50.19822443783488,24.746764858115675,0.1036360099664707,0.019119219964682
w0931_0940_h3m,09:31-09:40,3m,pool_L,2023Q2,590,3,3355.8881355932203,100.0,-7.7574077,7.7188177,15.476225,5.42275451245122,52.61148558926376,47.18873107681254,0.09339654803449,0.0123010903635663
w0931_0940_h3m,09:31-09:40,3m,pool_L,2023Q3,640,3,3419.115625,100.0,-7.1713843,3.0546122,10.225996,-10.211620091272708,5.3613461770532185,15.572966268325924,0.0967001674309098,-0.0045929250974733
w0931_0940_h3m,09:31-09:40,3m,pool_L,2023Q4,600,3,3456.92,100.0,-5.82642,6.974122,12.800542,8.757032877925527,22.316847356273684,13.559814478348155,0.0979213490739742,-0.0013782136762875
w0931_0940_h3m,09:31-09:40,3m,pool_L,2024Q1,580,3,3474.9,100.0,-8.958594,3.469277,12.427872,-5.054078148219507,20.97656113511932,26.03063928333883,0.0822242859588303,0.0066586783983891
w0931_0940_h3m,09:31-09:40,3m,pool_L,2024Q2,590,3,3449.177966101695,100.0,-10.79734,1.3402315,12.137572,-28.21826524571063,-13.396079299343718,14.822185946366908,0.0983341011261902,0.0427374962179362
w0931_0940_h3m,09:31-09:40,3m,pool_L,2024Q3,640,3,3443.7203125,100.0,-9.041456,1.91133,10.952786,64.38290671733417,73.31835646947567,8.93544975214151,0.1245342358942732,-0.0174228999221182
w0931_0940_h3m,09:31-09:40,3m,pool_L,2024Q4,610,3,3459.7639344262293,100.0,-7.156953,5.7483573,12.905311,-1.649182970645229,18.910779170642492,20.559962141287727,0.0799829351475295,0.0150704850985442
w0931_0940_h3m,09:31-09:40,3m,pool_L,2025Q1,570,3,3474.833333333333,100.0,-5.0242815,4.2801423,9.304424,36.02749472080856,59.44369805809719,23.41620333728863,0.077183899595997,0.0157957446219287
w0931_0940_h3m,09:31-09:40,3m,pool_L,2025Q2,600,3,3457.648333333333,100.0,-8.687599,-4.331851,4.355748,29.629074721722407,38.87343468383394,9.244359962111533,0.0777086037383419,-0.0058894645265142
w0931_0940_h3m,09:31-09:40,3m,pool_L,2025Q3,660,3,3467.1227272727274,100.0,-3.575128,6.950445,10.525574,44.331578845389245,67.66398507616535,23.332406230776105,0.0843656225938662,0.0113034643960674
w0931_0940_h3m,09:31-09:40,3m,pool_L,2025Q4,600,3,3472.7883333333334,100.0,-5.290526,1.8801764,7.1707025,16.802202210731025,31.57673183725703,14.774529626526006,0.0730274254806521,0.0046010012756459
w0931_0940_h5m,09:31-09:40,5m,universe,2022Q1,580,3,4567.51551724138,100.0,-10.895922,30.329714,41.225636,-42.56675325754839,-2.981796414634152,39.584956842914245,0.113569818991229,0.0197787841729203
w0931_0940_h5m,09:31-09:40,5m,universe,2022Q2,590,3,4614.3830508474575,100.0,-5.0003376,36.66872,41.66906,9.64515529210085,22.25448179245552,12.60932650035467,0.1266927160463223,0.0345445187962905
w0931_0940_h5m,09:31-09:40,5m,universe,2022Q3,650,3,4706.106153846154,100.0,-8.586509,26.589628,35.176136,-34.00531789191586,-13.907746007717396,20.09757188419846,0.1083465037180063,0.0206450465480946
w0931_0940_h5m,09:31-09:40,5m,universe,2022Q4,600,3,4806.265,100.0,-7.873912,18.840227,26.71414,20.195060896012137,29.626683912033325,9.431623016021186,0.1036031506838114,0.0280930711060622
w0931_0940_h5m,09:31-09:40,5m,universe,2023Q1,590,3,4866.230508474577,100.0,-3.9118326,18.990173,22.902004,18.654934119218986,43.80563547141456,25.15070135219557,0.0983884293584497,0.0271792217791137
w0931_0940_h5m,09:31-09:40,5m,universe,2023Q2,590,3,4914.4305084745765,100.0,-7.236759,22.033838,29.270597,-3.8612046987792503,33.165834383948784,37.02703908272804,0.0898638800402044,0.0235963182666562
w0931_0940_h5m,09:31-09:40,5m,universe,2023Q3,640,3,4989.534375,100.0,-7.173018,18.061407,25.234425,-17.30502587836365,-10.339198043201607,6.965827835162043,0.0891124941884673,0.0033530314092193
w0931_0940_h5m,09:31-09:40,5m,universe,2023Q4,600,3,5037.58,100.0,-6.178054,21.356773,27.534828,3.5621534826192307,7.34959077829202,3.7874372956727895,0.0937696600058442,0.0107446329751595
w0931_0940_h5m,09:31-09:40,5m,universe,2024Q1,580,3,5056.7827586206895,100.0,-9.565864,20.35868,29.924545,-19.998302706280988,0.7774130302668549,20.775715736547845,0.0784013624954794,0.0105848302298787
w0931_0940_h5m,09:31-09:40,5m,universe,2024Q2,590,3,5045.164406779661,100.0,-10.7406645,16.843267,27.583931,-37.550767808710006,-42.31689342718436,-4.766125618474351,0.0872847015109861,0.0407355102118233
w0931_0940_h5m,09:31-09:40,5m,universe,2024Q3,640,3,5018.46875,100.0,-8.021464,18.17194,26.193405,57.79258683301261,60.79719681238176,3.0046099793691607,0.1039442414606045,-0.0124354514653277
w0931_0940_h5m,09:31-09:40,5m,universe,2024Q4,610,3,5043.386885245902,100.0,-6.6226215,25.949682,32.572304,-12.980763353147683,-21.47940356765338,-8.498640214505699,0.0688240357314483,0.01195875127088
w0931_0940_h5m,09:31-09:40,5m,universe,2025Q1,570,3,5078.570175438596,100.0,-2.0857694,21.574968,23.660738,25.09378495459449,12.643432398781458,-12.450352555813032,0.0637846033145091,0.010880413144852
w0931_0940_h5m,09:31-09:40,5m,universe,2025Q2,600,3,5087.843333333333,100.0,-8.02964,9.848731,17.87837,22.901495117055816,23.351458871593252,0.449963754537437,0.0612523816130448,-0.003799092307397
w0931_0940_h5m,09:31-09:40,5m,universe,2025Q3,660,3,5114.295454545455,100.0,-2.869852,15.877586,18.747438,34.698612017614465,26.351540566859637,-8.347071450754838,0.0753994958558706,0.0097973417947499
w0931_0940_h5m,09:31-09:40,5m,universe,2025Q4,600,3,5122.44,100.0,-5.2344418,10.538161,15.772602,10.398658197261392,13.996340680931551,3.5976824836701597,0.0618928523152744,0.0075846705377746
w0931_0940_h5m,09:31-09:40,5m,pool_L,2022Q1,580,3,3078.103448275862,100.0,-10.863639,12.559732,23.423372,-34.113202947122694,13.238313988149631,47.35151693527232,0.0966210683806955,0.0123711202096185
w0931_0940_h5m,09:31-09:40,5m,pool_L,2022Q2,590,3,3123.34406779661,100.0,-4.467343,18.885754,23.353096,22.95678850623865,45.748006921993365,22.79121841575471,0.1129930952568629,0.028900164364668
w0931_0940_h5m,09:31-09:40,5m,pool_L,2022Q3,650,3,3197.1184615384614,100.0,-8.347422,11.333812,19.681234,-27.008618509923952,-6.729421933949944,20.27919657597401,0.0949466737421032,0.0190496827335781
w0931_0940_h5m,09:31-09:40,5m,pool_L,2022Q4,600,3,3276.063333333333,100.0,-7.480021,4.5644526,12.044474,28.03633998220292,31.39755654714246,3.3612165649395465,0.0881853132277615,0.0227932540388169
w0931_0940_h5m,09:31-09:40,5m,pool_L,2023Q1,590,3,3322.338983050848,100.0,-3.32647,9.099544,12.426014,25.460843152555075,50.41280714910224,24.951963996547164,0.0845112005801189,0.0194171167875922
w0931_0940_h5m,09:31-09:40,5m,pool_L,2023Q2,590,3,3353.915254237288,100.0,-6.730927,9.052781,15.783708,5.4259751090079975,52.411100488639306,46.98512537963131,0.0765768452087675,0.014649334215444
w0931_0940_h5m,09:31-09:40,5m,pool_L,2023Q3,640,3,3417.5234375,100.0,-6.7419577,4.6946654,11.436624,-10.221661876925696,3.969994658466161,14.191656535391855,0.0746011916795523,-0.0034259862908413
w0931_0940_h5m,09:31-09:40,5m,pool_L,2023Q4,600,3,3456.1183333333333,100.0,-5.6757226,9.498685,15.174408,8.755566893831922,22.695762258255154,13.940195364423232,0.0773174763968719,0.0007485331469086
w0931_0940_h5m,09:31-09:40,5m,pool_L,2024Q1,580,3,3474.148275862069,100.0,-9.898932,2.7170007,12.615934,-5.039334757227478,21.7422976931712,26.78163245039868,0.0623387483792359,0.0005031388410878
w0931_0940_h5m,09:31-09:40,5m,pool_L,2024Q2,590,3,3448.0491525423727,100.0,-11.361314,0.63528776,11.996603,-28.21469577147255,-15.96224442317919,12.252451348293356,0.0773062862213688,0.0371960346077984
w0931_0940_h5m,09:31-09:40,5m,pool_L,2024Q3,640,3,3441.675,100.0,-8.248354,2.3636267,10.611981,64.40088254382067,71.01309543434542,6.61221289052474,0.0974034302315068,-0.017959632858738
w0931_0940_h5m,09:31-09:40,5m,pool_L,2024Q4,610,3,3459.1491803278686,100.0,-6.7416296,7.456065,14.197695,-1.638095866990516,15.687637139822142,17.325733006812655,0.0640014761169405,0.0142202972646332
w0931_0940_h5m,09:31-09:40,5m,pool_L,2025Q1,570,3,3473.9491228070174,100.0,-1.7310071,8.798371,10.529378,36.03412563077701,57.88556698861807,21.85144135784104,0.0600883120882975,0.0137491667380521
w0931_0940_h5m,09:31-09:40,5m,pool_L,2025Q2,600,3,3457.085,100.0,-8.582534,-4.8572764,3.7252567,29.63129068239974,40.44742148900928,10.81613080660954,0.0612450829918348,-0.004950292330281
w0931_0940_h5m,09:31-09:40,5m,pool_L,2025Q3,660,3,3466.8818181818183,100.0,-2.2261007,9.143653,11.369753,44.330652851895145,62.64154700954639,18.310894157651244,0.0695290214081695,0.0087522069054504
w0931_0940_h5m,09:31-09:40,5m,pool_L,2025Q4,600,3,3472.431666666667,100.0,-4.9494476,1.2119476,6.161395,16.805409654312093,32.156081124682466,15.350671470370374,0.0529067322976913,0.0033031068473416
w0931_0940_h10m,09:31-09:40,10m,universe,2022Q1,580,3,4559.796551724138,100.0,-10.6630945,34.954178,45.61727,-42.540488834779445,-6.126972961129257,36.41351587365018,0.0880367596979744,0.018900648649175
w0931_0940_h10m,09:31-09:40,10m,universe,2022Q2,590,3,4604.754237288135,100.0,-0.6684507,44.504223,45.172676,9.73988920549649,24.49794425251089,14.758055047014402,0.1070022317984514,0.0373562805711476
w0931_0940_h10m,09:31-09:40,10m,universe,2022Q3,650,3,4694.804615384615,100.0,-4.7483506,33.818417,38.56677,-33.9892359172702,-17.965625679355586,16.023610237914614,0.0844474191189775,0.0195922208576645
w0931_0940_h10m,09:31-09:40,10m,universe,2022Q4,600,3,4795.4783333333335,100.0,-10.746268,19.15539,29.901657,20.234075742091857,32.263214114558174,12.029138372466315,0.0781745217238991,0.0256661364176708
w0931_0940_h10m,09:31-09:40,10m,universe,2023Q1,590,3,4854.754237288135,100.0,-0.5928905,21.023973,21.616865,18.682292893327787,40.721278986603416,22.038986093275625,0.0707406713102588,0.0266509132201922
w0931_0940_h10m,09:31-09:40,10m,universe,2023Q2,590,3,4901.85593220339,100.0,-5.014977,24.501493,29.51647,-3.8304220151962793,32.61378392506513,36.444205940261405,0.0693060739914602,0.0226865996498432
w0931_0940_h10m,09:31-09:40,10m,universe,2023Q3,640,3,4980.109375,100.0,-7.2881064,23.645061,30.933167,-17.312081268443333,-16.053237174670937,1.2588440937723973,0.0699545160970303,0.0033284581072703
w0931_0940_h10m,09:31-09:40,10m,universe,2023Q4,600,3,5031.05,100.0,-6.9006534,23.541222,30.441875,3.5600203706434628,3.082782243186676,-0.4772381274567867,0.0715992310972249,0.0094361940614741
w0931_0940_h10m,09:31-09:40,10m,universe,2024Q1,580,3,5051.548275862069,100.0,-13.255705,14.239108,27.494814,-19.93810780041008,1.7773426759681958,21.71545047637828,0.0517489199606449,0.0161047620091104
w0931_0940_h10m,09:31-09:40,10m,universe,2024Q2,590,3,5038.730508474577,100.0,-12.942081,12.544306,25.486387,-37.45074598725785,-53.10076748048738,-15.65002149322954,0.0602544363398229,0.0298582994960958
w0931_0940_h10m,09:31-09:40,10m,universe,2024Q3,640,3,5005.965625,100.0,-5.3346257,23.238823,28.57345,57.77462280494329,70.60467433418907,12.830051529245775,0.0730633770997252,-0.0056827090582748
w0931_0940_h10m,09:31-09:40,10m,universe,2024Q4,610,3,5040.329508196722,100.0,-4.3440084,28.074308,32.418316,-12.963807127438194,-33.29220216101754,-20.328395033579344,0.046194770539025,0.0133563585590319
w0931_0940_h10m,09:31-09:40,10m,universe,2025Q1,570,3,5072.971929824562,100.0,2.2934375,26.36083,24.06739,25.098879110135933,12.652400369917284,-12.446478740218652,0.0455499185240528,0.0117643816225978
w0931_0940_h10m,09:31-09:40,10m,universe,2025Q2,600,3,5083.738333333334,100.0,-6.619994,10.934734,17.554728,22.928143452611973,23.80509521097217,0.8769517583601951,0.0477616476479007,0.0014656635644471
w0931_0940_h10m,09:31-09:40,10m,universe,2025Q3,660,3,5111.877272727273,100.0,-1.2781177,14.626269,15.904387,34.71060052392479,28.86037940741114,-5.850221116513652,0.0524081283579002,0.0062499128207274
w0931_0940_h10m,09:31-09:40,10m,universe,2025Q4,600,3,5118.753333333333,100.0,-4.7555785,11.942026,16.697603,10.417134840260443,11.654744532546369,1.237609692285926,0.0495222129834691,-0.0021907221903695
w0931_0940_h10m,09:31-09:40,10m,pool_L,2022Q1,580,3,3073.405172413793,100.0,-10.579443,16.627066,27.206509,-34.04971143549769,12.839986101041452,46.889697536539146,0.0715361360636145,0.0131152726791451
w0931_0940_h10m,09:31-09:40,10m,pool_L,2022Q2,590,3,3116.9762711864405,100.0,-0.28177848,25.20732,25.489098,23.041302912427167,52.60840105939274,29.56709814696557,0.0956552062673793,0.0349152240001789
w0931_0940_h10m,09:31-09:40,10m,pool_L,2022Q3,650,3,3189.783076923077,100.0,-4.4127755,17.25021,21.662985,-26.971436420054413,-3.2746106781277007,23.69682574192671,0.074294592340682,0.0187015604758586
w0931_0940_h10m,09:31-09:40,10m,pool_L,2022Q4,600,3,3269.411666666667,100.0,-10.515535,2.71904,13.234575,28.06841790238793,33.491413778496145,5.422995876108216,0.0642634098914626,0.0204231665593839
w0931_0940_h10m,09:31-09:40,10m,pool_L,2023Q1,590,3,3314.9559322033897,100.0,0.171414,12.333141,12.161727,25.493992139189466,50.23756065324213,24.74356851405267,0.0590598322970617,0.0192495673493013
w0931_0940_h10m,09:31-09:40,10m,pool_L,2023Q2,590,3,3346.6474576271185,100.0,-4.31319,13.767016,18.080206,5.447195217397833,55.6734305608484,50.22623534345057,0.0593148137020266,0.0148925667502357
w0931_0940_h10m,09:31-09:40,10m,pool_L,2023Q3,640,3,3412.39375,100.0,-6.8472357,10.058882,16.906118,-10.222747714966028,4.268652220875265,14.491399935841292,0.0601103183139312,-0.0014343497860006
w0931_0940_h10m,09:31-09:40,10m,pool_L,2023Q4,600,3,3453.2366666666667,100.0,-6.7115383,10.579164,17.2907,8.74215177720748,21.30975375924052,12.567601982033038,0.0597789755521905,0.0011339016790035
w0931_0940_h10m,09:31-09:40,10m,pool_L,2024Q1,580,3,3471.986206896552,100.0,-13.689079,-4.476467,9.212612,-4.998576732091942,15.857511436863089,20.856088168955026,0.0358992089084365,0.0035560234449736
w0931_0940_h10m,09:31-09:40,10m,pool_L,2024Q2,590,3,3445.2813559322035,100.0,-14.036043,-5.3764234,8.65962,-28.1909632320641,-24.56498868286368,3.6259745492004183,0.0510459670412978,0.024108361304357
w0931_0940_h10m,09:31-09:40,10m,pool_L,2024Q3,640,3,3434.1,100.0,-5.671817,5.611715,11.283532,64.40867994166506,81.29205182467705,16.883371883011986,0.0663226182415278,-0.0094170994288358
w0931_0940_h10m,09:31-09:40,10m,pool_L,2024Q4,610,3,3457.265573770492,100.0,-4.6506305,7.863728,12.514358,-1.624983155037134,11.36799774073557,12.992980895772703,0.0418717161209913,0.0164983659640174
w0931_0940_h10m,09:31-09:40,10m,pool_L,2025Q1,570,3,3470.80701754386,100.0,2.7016668,13.422815,10.7211485,36.038834512819214,57.72814752448649,21.68931301166728,0.0415732039046577,0.0131933946301046
w0931_0940_h10m,09:31-09:40,10m,pool_L,2025Q2,600,3,3455.286666666667,100.0,-7.3079233,-5.6895294,1.6183941,29.64464675332373,38.11013651422342,8.46548976089969,0.0466011393731263,-0.000951267367662
w0931_0940_h10m,09:31-09:40,10m,pool_L,2025Q3,660,3,3465.7818181818184,100.0,-0.53763926,9.770028,10.307668,44.330898886081926,67.1979850846731,22.8670861985912,0.0498893680635498,0.0085415216912695
w0931_0940_h10m,09:31-09:40,10m,pool_L,2025Q4,600,3,3470.74,100.0,-4.3757997,3.2659192,7.641719,16.81572951266596,34.05661345416411,17.24088394149815,0.0441454977067384,-0.0022855331543243
w0931_0940_h1h,09:31-09:40,1h,universe,2022Q1,580,3,4437.212068965518,100.0,-5.0040846,58.739353,63.743435,-41.98972486736166,-10.853590863145822,31.13613400421584,0.052134746307703,0.020252674894133
w0931_0940_h1h,09:31-09:40,1h,universe,2022Q2,590,3,4477.279661016949,100.0,3.4832466,54.564495,51.08125,10.132517309876992,1.5729160290745132,-8.559601280802479,0.0532848997022376,0.0214986659770039
w0931_0940_h1h,09:31-09:40,1h,universe,2022Q3,650,3,4581.515384615384,100.0,-8.059318,41.015995,49.075314,-33.848647945194855,-28.873565601818605,4.97508234337625,0.0491253485207825,0.0224855880316417
w0931_0940_h1h,09:31-09:40,1h,universe,2022Q4,600,3,4663.77,100.0,4.5370884,39.160988,34.6239,20.83013726466918,36.57329164978656,15.743154385117371,0.0391850226746235,0.0245228716812032
w0931_0940_h1h,09:31-09:40,1h,universe,2023Q1,590,3,4739.038983050848,100.0,-1.4042403,23.311134,24.715376,19.06342551708865,34.030599800814706,14.967174283726052,0.034938434344236,0.0186157995103764
w0931_0940_h1h,09:31-09:40,1h,universe,2023Q2,590,3,4780.959322033898,100.0,-8.292917,31.892426,40.185345,-3.4051005130826164,19.55251117276973,22.957611685852346,0.0276131002947848,0.0151965740676738
w0931_0940_h1h,09:31-09:40,1h,universe,2023Q3,640,3,4853.8875,100.0,-2.6919174,36.001915,38.693832,-17.27668511281474,-20.704430764403032,-3.4277456515882934,0.0401654473532201,0.0072428889024428
w0931_0940_h1h,09:31-09:40,1h,universe,2023Q4,600,3,4937.453333333333,100.0,-4.8332543,36.162632,40.995888,3.5460143540695186,-7.984217918116539,-11.530232272186058,0.0261374785367759,0.007651243501246
w0931_0940_h1h,09:31-09:40,1h,universe,2024Q1,580,3,4973.418965517241,100.0,-11.371722,26.67994,38.05166,-19.53445401984483,1.046042822233378,20.580496842078205,0.0280405606243395,0.0162981536172171
w0931_0940_h1h,09:31-09:40,1h,universe,2024Q2,590,3,4911.922033898305,100.0,-9.917923,25.360075,35.278,-37.031660677722655,-61.22280947323739,-24.19114879551473,0.0258535340898138,0.0079781879595709
w0931_0940_h1h,09:31-09:40,1h,universe,2024Q3,640,3,4784.084375,100.0,2.1723292,37.002525,34.830193,60.02667071964344,60.574502002087925,0.5478312824444886,0.0263127399013963,-0.0067365301908854
w0931_0940_h1h,09:31-09:40,1h,universe,2024Q4,610,3,4986.247540983607,100.0,-8.460887,43.386707,51.847595,-12.90424027368617,-37.0708911131081,-24.16665083942193,0.0256863766484924,0.0129998085389611
w0931_0940_h1h,09:31-09:40,1h,universe,2025Q1,570,3,4991.563157894737,100.0,10.905615,42.427856,31.522242,25.189540696924077,0.6685890329603663,-24.520951663963707,0.0139842903412059,0.0027689881227183
w0931_0940_h1h,09:31-09:40,1h,universe,2025Q2,600,3,5006.066666666667,100.0,11.376203,35.95833,24.582125,23.08101296369076,8.92513793916598,-14.15587502452478,0.0203130358498254,0.0042167989261767
w0931_0940_h1h,09:31-09:40,1h,universe,2025Q3,660,3,5065.612121212122,100.0,-3.713069,19.628223,23.341291,34.874201297202674,22.791757656066903,-12.08244364113577,0.0159037827658517,-0.0050671217100637
w0931_0940_h1h,09:31-09:40,1h,universe,2025Q4,600,3,5060.766666666666,100.0,2.179745,22.847836,20.66809,10.559272364552236,14.767213778350667,4.207941413798427,0.0217785007524801,0.010848610038814
w0931_0940_h1h,09:31-09:40,1h,pool_L,2022Q1,580,3,2994.941379310345,100.0,-5.277292,29.350191,34.627483,-33.29520700671547,22.56638690537851,55.86159391209398,0.0396419355193199,0.0181657610544773
w0931_0940_h1h,09:31-09:40,1h,pool_L,2022Q2,590,3,3031.935593220339,100.0,3.6439795,22.556181,18.9122,23.566001913619065,43.54958667881358,19.983584765194514,0.045127479424087,0.0237903198630255
w0931_0940_h1h,09:31-09:40,1h,pool_L,2022Q3,650,3,3116.0615384615385,100.0,-8.133241,19.693644,27.826883,-26.57555283255285,-6.2718017114893705,20.303751121063485,0.0425034965555834,0.0226972631307443
w0931_0940_h1h,09:31-09:40,1h,pool_L,2022Q4,600,3,3184.405,100.0,4.641591,13.353786,8.712195,28.68507488815469,36.3149063943624,7.629831506207708,0.0270458500815245,0.0183209414710136
w0931_0940_h1h,09:31-09:40,1h,pool_L,2023Q1,590,3,3239.8661016949154,100.0,-0.38531122,13.632666,14.017977,25.821437370170216,55.70130511731931,29.879867747149092,0.0300288028620357,0.0162360710334773
w0931_0940_h1h,09:31-09:40,1h,pool_L,2023Q2,590,3,3275.259322033898,100.0,-7.2631993,14.443619,21.70682,5.728963689150839,48.96899676951144,43.24003308036059,0.0204502084509776,0.0111866488904103
w0931_0940_h1h,09:31-09:40,1h,pool_L,2023Q3,640,3,3339.4453125,100.0,-1.6530586,24.722052,26.37511,-10.10306162334976,6.2336951444075925,16.336756767757354,0.0366302196208773,0.0061524370361969
w0931_0940_h1h,09:31-09:40,1h,pool_L,2023Q4,600,3,3402.161666666667,100.0,-5.5887184,12.843103,18.431822,8.764907266772674,17.525416910433986,8.760509643661313,0.0167648355504049,0.0030699861561353
w0931_0940_h1h,09:31-09:40,1h,pool_L,2024Q1,580,3,3427.091379310345,100.0,-11.866292,-0.28774023,11.578552,-4.645823727058567,20.36401258836052,25.009836315419086,0.0181666235355842,0.0105205457954743
w0931_0940_h1h,09:31-09:40,1h,pool_L,2024Q2,590,3,3364.528813559322,100.0,-11.9802065,-5.969911,6.0102954,-28.07808767319928,-30.38492615318793,-2.306838479988649,0.0167495093302823,0.0027720535600526
w0931_0940_h1h,09:31-09:40,1h,pool_L,2024Q3,640,3,3282.3359375,100.0,2.261071,8.905851,6.644779,66.48609618953404,76.05782522417789,9.571729034643848,0.0203549321219298,-0.0075597455939872
w0931_0940_h1h,09:31-09:40,1h,pool_L,2024Q4,610,3,3421.616393442623,100.0,-9.961095,9.499186,19.46028,-1.4380202106032576,10.278287416844991,11.71630762744825,0.023857569729313,0.0197317561200102
w0931_0940_h1h,09:31-09:40,1h,pool_L,2025Q1,570,3,3421.368421052632,100.0,11.31278,23.575712,12.262932,36.186645067667854,59.82944119019124,23.6427961225234,0.0139390791466402,0.0086664104477873
w0931_0940_h1h,09:31-09:40,1h,pool_L,2025Q2,600,3,3413.016666666667,100.0,11.176708,16.081558,4.9048505,29.84343596970611,36.22818248373758,6.384746514031471,0.018702049041924,0.0056747753044099
w0931_0940_h1h,09:31-09:40,1h,pool_L,2025Q3,660,3,3441.827272727273,100.0,-3.5570352,13.862125,17.419159,44.42255152535115,65.85142084499084,21.42886931963969,0.0143701440404764,-0.002081605556695
w0931_0940_h1h,09:31-09:40,1h,pool_L,2025Q4,600,3,3441.005,100.0,2.790801,15.230579,12.439777,16.941090334934106,37.17247450067918,20.23138416574508,0.0233521044152426,0.0136775660578582
w0931_0940_hclose,09:31-09:40,close,universe,2022Q1,580,3,4607.986206896552,100.0,-21.959627,44.697895,66.657524,-42.91324272946247,-1.7637797540685127,41.14946297539395,0.04424709061387,0.0330949874457802
w0931_0940_hclose,09:31-09:40,close,universe,2022Q2,590,3,4655.681355932204,100.0,11.0492,59.777206,48.72801,9.1575223492403,21.25287189645224,12.095349547211937,0.0560751753837085,0.0404698075435276
w0931_0940_hclose,09:31-09:40,close,universe,2022Q3,650,3,4740.796923076923,100.0,-16.352331,25.12812,41.48045,-34.06980605597991,-14.281609140467134,19.788196915512778,0.0400438151977081,0.0267442856225714
w0931_0940_hclose,09:31-09:40,close,universe,2022Q4,600,3,4843.95,100.0,2.019919,41.287395,39.26748,20.1116806021296,41.4692719509321,21.35759134880249,0.0391997380295158,0.0271147915048043
w0931_0940_hclose,09:31-09:40,close,universe,2023Q1,590,3,4903.206779661017,100.0,4.7367773,37.835987,33.099213,18.527240616927195,38.20649948343346,19.679258866506263,0.03418821947552,0.0253967990621175
w0931_0940_hclose,09:31-09:40,close,universe,2023Q2,590,3,4948.079661016949,100.0,3.1539924,50.949,47.79501,-4.0762491673808965,24.91244234146923,28.98869150885013,0.0268451290134364,0.0195684761367578
w0931_0940_hclose,09:31-09:40,close,universe,2023Q3,640,3,5022.0,100.0,-9.921216,29.37328,39.294495,-17.314339898881688,-19.275162433946164,-1.960822535064479,0.0321188043236134,0.0141712064554316
w0931_0940_hclose,09:31-09:40,close,universe,2023Q4,600,3,5059.725,100.0,2.054974,37.714684,35.659706,3.5447935953976115,5.746263929863187,2.2014703344655757,0.0292742948894485,0.0199733242626609
w0931_0940_hclose,09:31-09:40,close,universe,2024Q1,580,3,5077.527586206897,100.0,-9.648823,49.74703,59.39585,-20.23503954428948,11.967348995775358,32.20238854006484,0.0448876261211908,0.0303235249744963
w0931_0940_hclose,09:31-09:40,close,universe,2024Q2,590,3,5075.981355932204,100.0,-12.511572,28.723412,41.234985,-37.91239879124014,-56.46597295768851,-18.55357416644837,0.023730536898721,0.0084261930698654
w0931_0940_hclose,09:31-09:40,close,universe,2024Q3,640,3,5067.2359375,100.0,16.114588,54.12313,38.00855,57.485023779697336,58.52426605295718,1.0392422732598454,0.0267785724039226,0.0044579066016362
w0931_0940_hclose,09:31-09:40,close,universe,2024Q4,610,3,5052.804918032787,100.0,-7.3066397,36.260406,43.567047,-13.030749753195249,-35.83158207094208,-22.800832317746828,0.0309271239424319,0.0240302752130773
w0931_0940_hclose,09:31-09:40,close,universe,2025Q1,570,3,5093.742105263158,100.0,9.522396,42.095795,32.5734,25.03830064706247,9.522682162651725,-15.515618484410746,0.0150504809969196,0.0050696110715407
w0931_0940_hclose,09:31-09:40,close,universe,2025Q2,600,3,5098.201666666667,100.0,11.589506,40.92084,29.331335,22.85772208040108,29.545382318910264,6.687660238509181,0.0136221170857626,0.0117016033314549
w0931_0940_hclose,09:31-09:40,close,universe,2025Q3,660,3,5120.504545454545,100.0,13.659785,35.369625,21.70984,34.660628848172806,26.65630695300497,-8.004321895167829,0.0125441119213885,-0.0005607952873693
w0931_0940_hclose,09:31-09:40,close,universe,2025Q4,600,3,5130.866666666667,100.0,4.6543436,35.63467,30.98033,10.370319410203304,21.108108145084728,10.737788734881429,0.0241924644586765,0.0191855610358063
w0931_0940_hclose,09:31-09:40,close,pool_L,2022Q1,580,3,3102.1706896551723,100.0,-22.380896,22.565626,44.946526,-34.47271542020658,21.03363811334364,55.50635353355023,0.0334309816353204,0.0246005639972399
w0931_0940_hclose,09:31-09:40,close,pool_L,2022Q2,590,3,3149.913559322034,100.0,12.797749,39.9777,27.179949,22.58534693227824,51.59525294139222,29.00990600911398,0.0485547263431329,0.0371216377382467
w0931_0940_hclose,09:31-09:40,close,pool_L,2022Q3,650,3,3217.253846153846,100.0,-16.065733,2.810089,18.875822,-27.10562952288221,-9.964935851866988,17.140693671015228,0.0346127786405239,0.02405780049112
w0931_0940_hclose,09:31-09:40,close,pool_L,2022Q4,600,3,3296.1466666666665,100.0,2.9800758,21.453234,18.473158,27.95947625030541,39.78013760932628,11.820661359020868,0.027184324770034,0.018719409649881
w0931_0940_hclose,09:31-09:40,close,pool_L,2023Q1,590,3,3341.3050847457625,100.0,5.7588468,24.23246,18.473614,25.40485553663505,47.74711624689397,22.342260710258916,0.0236143713581707,0.0165515824692893
w0931_0940_hclose,09:31-09:40,close,pool_L,2023Q2,590,3,3367.916949152542,100.0,5.1405387,34.401962,29.261425,5.378871748541531,45.35002228026834,39.97115053172681,0.0186755043848039,0.0104275181373016
w0931_0940_hclose,09:31-09:40,close,pool_L,2023Q3,640,3,3429.009375,100.0,-8.96369,14.261037,23.224726,-10.232943896903148,5.096432640494442,15.329376537397588,0.0239032680245411,0.0079799162138342
w0931_0940_hclose,09:31-09:40,close,pool_L,2023Q4,600,3,3463.076666666667,100.0,2.2721474,17.523144,15.250998,8.762587809951603,16.007776419904996,7.245188609953391,0.0181152046183832,0.0100688527038603
w0931_0940_hclose,09:31-09:40,close,pool_L,2024Q1,580,3,3481.4224137931037,100.0,-6.502749,22.004684,28.507431,-5.147496956454227,30.197446835577104,35.34494379203133,0.0363773022117695,0.0244793580261414
w0931_0940_hclose,09:31-09:40,close,pool_L,2024Q2,590,3,3460.6474576271185,100.0,-12.9634905,1.1864939,14.149985,-28.28537784287089,-34.25258704118686,-5.96720919831597,0.0112601961982279,-0.0057095257863548
w0931_0940_hclose,09:31-09:40,close,pool_L,2024Q3,640,3,3467.340625,100.0,16.387775,30.295538,13.907761,64.19708536621907,75.54195308645166,11.34486772023259,0.0184240989580015,0.0022906723945821
w0931_0940_hclose,09:31-09:40,close,pool_L,2024Q4,610,3,3464.3934426229507,100.0,-6.7867627,14.476499,21.263262,-1.6819869520978337,8.252241488663039,9.93422844076087,0.0277619335972299,0.0269050594141133
w0931_0940_hclose,09:31-09:40,close,pool_L,2025Q1,570,3,3480.8087719298246,100.0,10.798498,33.79064,22.992146,36.00091812559234,54.99047046351309,18.989552337920745,0.0124496318447349,0.0057344631368901
w0931_0940_hclose,09:31-09:40,close,pool_L,2025Q2,600,3,3460.8516666666665,100.0,11.317986,17.979427,6.661441,29.61715573154607,44.45720099254041,14.84004526099434,0.0062389321914895,0.0092523045020879
w0931_0940_hclose,09:31-09:40,close,pool_L,2025Q3,660,3,3468.4984848484846,100.0,15.4117985,34.006847,18.595049,44.32239470724302,65.00830778386126,20.685913076618228,0.0089199801149973,-0.0021247665836867
w0931_0940_hclose,09:31-09:40,close,pool_L,2025Q4,600,3,3475.218333333333,100.0,5.1593113,16.933838,11.774527,16.80346938729043,33.08723077837637,16.283761391085942,0.0217420784437535,0.0200406560127942
w1001_1010_h1m,10:01-10:10,1m,universe,2022Q1,580,3,4495.994827586207,100.0,-9.055805,10.207318,19.263123,-46.35703223815881,-47.67057633478953,-1.3135440966307264,0.2513583743966899,-0.0050828855501724
w1001_1010_h1m,10:01-10:10,1m,universe,2022Q2,590,3,4539.974576271186,100.0,-8.400373,9.662791,18.063166,3.859594914257437,-19.546636382928607,-23.40623129718604,0.2623038018231993,0.0316067605185392
w1001_1010_h1m,10:01-10:10,1m,universe,2022Q3,650,3,4642.57076923077,100.0,-8.869866,7.5545416,16.424408,-41.1394046022093,-66.84659559663132,-25.70719099442203,0.2641265898971814,-0.0051693610648901
w1001_1010_h1m,10:01-10:10,1m,universe,2022Q4,600,3,4719.8133333333335,100.0,-8.26135,7.220565,15.4819145,21.169140086812988,2.747925451205268,-18.42121463560772,0.2569166760130181,0.0150160589728737
w1001_1010_h1m,10:01-10:10,1m,universe,2023Q1,590,3,4808.186440677966,100.0,-8.290562,4.9520884,13.24265,9.247110142330005,13.213021363912116,3.965911221582112,0.2848499868631004,0.0158457804975793
w1001_1010_h1m,10:01-10:10,1m,universe,2023Q2,590,3,4845.925423728813,100.0,-7.853936,7.402643,15.256579,-6.796422578448437,-3.669515498973904,3.126907079474533,0.2468311305585261,0.0142377844931627
w1001_1010_h1m,10:01-10:10,1m,universe,2023Q3,640,3,4928.7671875,100.0,-5.7988143,8.208439,14.007253,-19.59878329508766,-49.8986221475875,-30.29983885249985,0.2556487855668899,-0.0101810782376936
w1001_1010_h1m,10:01-10:10,1m,universe,2023Q4,600,3,4988.198333333334,100.0,-6.8388324,7.073637,13.912469,-0.0711164177062476,-37.44909357329173,-37.37797715558548,0.2718125356980866,0.0061207097484359
w1001_1010_h1m,10:01-10:10,1m,universe,2024Q1,580,3,5013.903448275863,100.0,-10.656275,5.9423146,16.598589,-20.785358148864663,-31.44364115912299,-10.658283010258328,0.2641928580901628,0.004642009673154
w1001_1010_h1m,10:01-10:10,1m,universe,2024Q2,590,3,4988.33220338983,100.0,-9.793442,6.297339,16.09078,-41.6784058352839,-61.31768914720294,-19.63928331191904,0.2907023996652253,0.0392970776354988
w1001_1010_h1m,10:01-10:10,1m,universe,2024Q3,640,3,4935.4953125,100.0,-8.624766,5.393891,14.018657,59.056536686311134,44.62559476964806,-14.43094191666307,0.3001545502569062,-0.0024421692913309
w1001_1010_h1m,10:01-10:10,1m,universe,2024Q4,610,3,4998.622950819672,100.0,-7.2627587,12.941945,20.204704,-13.463890426920434,-65.79741875262643,-52.33352832570599,0.2350485315597897,-0.0002275512110623
w1001_1010_h1m,10:01-10:10,1m,universe,2025Q1,570,3,5022.070175438596,100.0,-7.43838,6.723233,14.1616125,13.678817019582649,-18.893572440845503,-32.572389460428155,0.2656406564462066,0.0205048390314969
w1001_1010_h1m,10:01-10:10,1m,universe,2025Q2,600,3,5037.346666666666,100.0,-6.4837594,5.853168,12.336928,9.537784957946114,-9.438622619989596,-18.976407577935717,0.2776124435320159,-0.0074256339481033
w1001_1010_h1m,10:01-10:10,1m,universe,2025Q3,660,3,5079.184848484849,100.0,-6.549744,5.1139126,11.663656,31.5442149041034,10.111349351219935,-21.432865552883467,0.2528162105051117,0.0254465252385234
w1001_1010_h1m,10:01-10:10,1m,universe,2025Q4,600,3,5084.258333333333,100.0,-5.710026,3.4422908,9.152317,8.796365841141991,-0.1612276514849907,-8.957593492626982,0.2332421148062182,-0.0025839365383114
w1001_1010_h1m,10:01-10:10,1m,pool_L,2022Q1,580,3,3036.603448275862,100.0,-8.722869,1.4820454,10.204915,-37.721334449474384,-20.39974820208494,17.321586247389444,0.2305083312424773,-0.0090544627565428
w1001_1010_h1m,10:01-10:10,1m,pool_L,2022Q2,590,3,3078.1220338983053,100.0,-7.9391103,3.111909,11.05102,17.464145199906255,31.393276143542035,13.929130943635784,0.245717185013505,0.0288857556911061
w1001_1010_h1m,10:01-10:10,1m,pool_L,2022Q3,650,3,3159.84,100.0,-8.51373,1.7113827,10.225113,-34.17390946415833,-37.84337885358731,-3.669469389428984,0.2444099709479272,-0.0069881625457063
w1001_1010_h1m,10:01-10:10,1m,pool_L,2022Q4,600,3,3222.93,100.0,-7.8679566,1.1755188,9.043476,29.694518510259623,29.926486646461903,0.2319681362022825,0.2348026424445022,0.0116496962632428
w1001_1010_h1m,10:01-10:10,1m,pool_L,2023Q1,590,3,3287.5508474576272,100.0,-8.109892,0.3764927,8.486385,15.04753451758475,30.113143964366444,15.065609446781693,0.2692931948032209,0.0119978858328349
w1001_1010_h1m,10:01-10:10,1m,pool_L,2023Q2,590,3,3314.681355932204,100.0,-7.630514,1.4255152,9.05603,1.6247966319924525,24.220099829006127,22.595303197013678,0.2317235431714601,0.0105652108978106
w1001_1010_h1m,10:01-10:10,1m,pool_L,2023Q3,640,3,3384.7109375,100.0,-5.4679027,1.612496,7.0803986,-13.252274535012264,-18.64253204835436,-5.390257513342096,0.2377450690477777,-0.0137754622909567
w1001_1010_h1m,10:01-10:10,1m,pool_L,2023Q4,600,3,3432.451666666667,100.0,-6.432473,0.99143434,7.4239078,5.602254956995036,-1.0012785068038792,-6.6035334637989145,0.2536751275120931,-0.0015684374112213
w1001_1010_h1m,10:01-10:10,1m,pool_L,2024Q1,580,3,3451.1,100.0,-10.6390915,-0.9744247,9.664666,-6.042278932219006,17.016237329675455,23.05851626189446,0.2515287378718501,0.0005248951301719
w1001_1010_h1m,10:01-10:10,1m,pool_L,2024Q2,590,3,3415.58813559322,100.0,-9.944574,-0.60779333,9.336781,-32.53957073850714,-20.88160800574968,11.65796273275746,0.286644713592171,0.0419757809452319
w1001_1010_h1m,10:01-10:10,1m,pool_L,2024Q3,640,3,3389.425,100.0,-8.2787,-0.054948248,8.223752,67.01791067339045,72.78591875560815,5.768008082217719,0.2908818205223297,-0.0107140815866407
w1001_1010_h1m,10:01-10:10,1m,pool_L,2024Q4,610,3,3434.8639344262297,100.0,-7.1944146,2.1242716,9.318686,-0.4914237759352612,-6.880029782146357,-6.388606006211094,0.2245695275003749,-0.0043019109603651
w1001_1010_h1m,10:01-10:10,1m,pool_L,2025Q1,570,3,3441.857894736842,100.0,-7.4497466,0.48900044,7.9387465,24.206502749726127,32.655408274016565,8.448905524290437,0.2649119310127014,0.0163578698101719
w1001_1010_h1m,10:01-10:10,1m,pool_L,2025Q2,600,3,3432.1566666666668,100.0,-6.4328365,0.737952,7.170789,16.50258207538111,14.535241640390902,-1.9673404349902068,0.285131477357633,-0.0090870242706172
w1001_1010_h1m,10:01-10:10,1m,pool_L,2025Q3,660,3,3449.2818181818184,100.0,-6.3403373,0.69463235,7.03497,41.022072273485264,57.006999203984,15.98492693049873,0.2422045027260731,0.0214778769982892
w1001_1010_h1m,10:01-10:10,1m,pool_L,2025Q4,600,3,3454.9,100.0,-5.3723674,-0.08240079,5.2899666,15.0028324555863,22.40500172182948,7.402169266243177,0.2254418109654768,-0.0107998283303688
w1001_1010_h3m,10:01-10:10,3m,universe,2022Q1,580,3,4489.174137931034,100.0,-9.641389,10.312719,19.954107,-46.35301837554526,-48.90430484722318,-2.551286471677923,0.1868636806943253,-0.0019279607387152
w1001_1010_h3m,10:01-10:10,3m,universe,2022Q2,590,3,4532.066101694915,100.0,-7.5800548,10.551502,18.131556,3.85789159538948,-14.483516129366093,-18.341407724755573,0.1970246961254177,0.0337072238099298
w1001_1010_h3m,10:01-10:10,3m,universe,2022Q3,650,3,4635.563076923077,100.0,-9.935286,7.090669,17.025953,-41.16556375290671,-61.41631945264589,-20.250755699739184,0.1922159787851732,-0.0083576868467488
w1001_1010_h3m,10:01-10:10,3m,universe,2022Q4,600,3,4714.37,100.0,-8.406789,7.36458,15.771369,21.16301118946943,9.769172681391453,-11.393838508077977,0.1817190196564309,0.014096974627357
w1001_1010_h3m,10:01-10:10,3m,universe,2023Q1,590,3,4803.440677966101,100.0,-8.714631,4.16022,12.874851,9.25244423802967,14.23258899749446,4.980144759464792,0.2045170729201705,0.0186922168863032
w1001_1010_h3m,10:01-10:10,3m,universe,2023Q2,590,3,4839.4762711864405,100.0,-7.350551,7.620314,14.970865,-6.786380644793233,1.7042204596827497,8.490601104475983,0.1712267791298923,0.0189596018462807
w1001_1010_h3m,10:01-10:10,3m,universe,2023Q3,640,3,4922.5328125,100.0,-4.439539,9.380631,13.82017,-19.61090664023534,-42.77816980747327,-23.167263167237927,0.1820423123449548,-0.0068054756982828
w1001_1010_h3m,10:01-10:10,3m,universe,2023Q4,600,3,4983.865,100.0,-6.8662777,6.986441,13.852718,-0.0878242390760123,-32.84289756277208,-32.75507332369607,0.1974950308095491,0.0073707462669036
w1001_1010_h3m,10:01-10:10,3m,universe,2024Q1,580,3,5010.456896551724,100.0,-12.638833,2.0532103,14.692042,-20.774143879901057,-21.410856975437543,-0.6367130955364857,0.1852847545565785,0.0089724018775961
w1001_1010_h3m,10:01-10:10,3m,universe,2024Q2,590,3,4982.474576271186,100.0,-10.329618,4.365909,14.695528,-41.66586199843975,-60.6766096055187,-19.010747607078947,0.2086638343388946,0.0427538665488006
w1001_1010_h3m,10:01-10:10,3m,universe,2024Q3,640,3,4927.8390625,100.0,-7.3668,5.9269776,13.293777,59.0377957702036,43.07724912019388,-15.960546650009718,0.2209656223243845,-0.0028792080231515
w1001_1010_h3m,10:01-10:10,3m,universe,2024Q4,610,3,4996.708196721312,100.0,-7.0743117,10.639957,17.71427,-13.460678503805008,-58.63028433956746,-45.16960583576246,0.1652035381744357,0.0046316904519587
w1001_1010_h3m,10:01-10:10,3m,universe,2025Q1,570,3,5018.936842105263,100.0,-6.87082,6.754506,13.625325,13.689586396554128,-21.61532924936512,-35.30491564591925,0.1909371559311211,0.0191286743852051
w1001_1010_h3m,10:01-10:10,3m,universe,2025Q2,600,3,5033.856666666667,100.0,-5.865085,6.771447,12.636533,9.540570018594062,-8.592796956901532,-18.133366975495598,0.2017805069954504,-0.005484871831785
w1001_1010_h3m,10:01-10:10,3m,universe,2025Q3,660,3,5077.401515151515,100.0,-6.4785776,5.652366,12.130943,31.556381817789603,17.899461203261183,-13.656920614528424,0.1791174664478941,0.0206996135701832
w1001_1010_h3m,10:01-10:10,3m,universe,2025Q4,600,3,5081.666666666667,100.0,-5.303076,4.5893693,9.892446,8.792192139396056,2.496103670428404,-6.296088468967652,0.1634258396929175,-0.0047783055844678
w1001_1010_h3m,10:01-10:10,3m,pool_L,2022Q1,580,3,3032.0482758620687,100.0,-9.376116,1.8816336,11.25775,-37.71725314036236,-15.32671239438652,22.39054074597584,0.171432794129541,-0.0050453972960081
w1001_1010_h3m,10:01-10:10,3m,pool_L,2022Q2,590,3,3072.471186440678,100.0,-7.165974,4.9057,12.071674,17.470727081435783,39.08152280299186,21.610795721556084,0.1855733692931631,0.0324779793651904
w1001_1010_h3m,10:01-10:10,3m,pool_L,2022Q3,650,3,3154.8584615384616,100.0,-9.676051,1.027562,10.703613,-34.18822570246612,-35.37075705162092,-1.1825313491548004,0.175407585957533,-0.0095902499984433
w1001_1010_h3m,10:01-10:10,3m,pool_L,2022Q4,600,3,3219.42,100.0,-8.0631695,0.82095003,8.884119,29.689052834380565,33.24648996211245,3.557437127731887,0.1621984061647286,0.0110839017179139
w1001_1010_h3m,10:01-10:10,3m,pool_L,2023Q1,590,3,3284.6169491525425,100.0,-8.498739,0.2368483,8.735587,15.059090889741409,26.45968511839773,11.40059422865632,0.1908199055464096,0.0139057100925117
w1001_1010_h3m,10:01-10:10,3m,pool_L,2023Q2,590,3,3310.850847457627,100.0,-7.1226416,1.9178343,9.040476,1.6328337566043092,25.121677228621788,23.488843472017475,0.1572698760306804,0.0146349556080142
w1001_1010_h3m,10:01-10:10,3m,pool_L,2023Q3,640,3,3381.109375,100.0,-4.089511,3.0942433,7.183755,-13.247707877477607,-16.23502669572977,-2.9873188182521613,0.1667613189836713,-0.0104421866990401
w1001_1010_h3m,10:01-10:10,3m,pool_L,2023Q4,600,3,3430.016666666667,100.0,-6.5518885,1.2022758,7.754164,5.596716802829612,0.1612195163594761,-5.435497286470135,0.1829708590128874,-9.377458412115786e-06
w1001_1010_h3m,10:01-10:10,3m,pool_L,2024Q1,580,3,3449.0103448275863,100.0,-12.830081,-4.1834908,8.646589,-6.035786605006668,19.86040591575818,25.89619252076485,0.175976377489692,0.0034412830695629
w1001_1010_h3m,10:01-10:10,3m,pool_L,2024Q2,590,3,3411.962711864406,100.0,-10.70105,-2.5884933,8.112557,-32.5186027214167,-22.82196237062373,9.696640350792974,0.2057209842158394,0.0436384366851174
w1001_1010_h3m,10:01-10:10,3m,pool_L,2024Q3,640,3,3384.1625,100.0,-6.9685454,0.8033892,7.7719355,67.00188337074503,74.96405690536953,7.962173534624506,0.2122107082288578,-0.0108840177712038
w1001_1010_h3m,10:01-10:10,3m,pool_L,2024Q4,610,3,3433.588524590164,100.0,-7.088226,1.1728818,8.261108,-0.4858645148759818,-0.675525207851762,-0.1896606929757811,0.1578559502373216,0.0004513660798712
w1001_1010_h3m,10:01-10:10,3m,pool_L,2025Q1,570,3,3439.980701754386,100.0,-6.927256,0.86630756,7.7935634,24.205170163873916,31.54021787977869,7.335047715904781,0.191566867707502,0.0150462429162496
w1001_1010_h3m,10:01-10:10,3m,pool_L,2025Q2,600,3,3430.1583333333333,100.0,-5.8765283,1.2688003,7.145329,16.51461029449015,20.489252454264125,3.9746421597739774,0.2102582219121974,-0.0067657894136733
w1001_1010_h3m,10:01-10:10,3m,pool_L,2025Q3,660,3,3448.319696969697,100.0,-6.290136,1.3552668,7.645403,41.02489157241117,59.20143415724801,18.17654258483684,0.1691132367282993,0.0177960460841128
w1001_1010_h3m,10:01-10:10,3m,pool_L,2025Q4,600,3,3453.5016666666666,100.0,-4.9661727,0.7429134,5.709086,14.993024933992784,21.47671947960549,6.483694545612708,0.1558781689201498,-0.013099198997943
w1001_1010_h5m,10:01-10:10,5m,universe,2022Q1,580,3,4482.315517241379,100.0,-10.129864,9.904268,20.03413,-46.33197768196536,-43.45447578418064,2.877501897784727,0.1563707347027233,0.001322083205259
w1001_1010_h5m,10:01-10:10,5m,universe,2022Q2,590,3,4525.108474576271,100.0,-6.8065233,11.854317,18.66084,3.850288621989644,-9.046805290954342,-12.897093912943989,0.1653454830635298,0.0342221339315747
w1001_1010_h5m,10:01-10:10,5m,universe,2022Q3,650,3,4631.084615384615,100.0,-10.839505,5.9956303,16.835135,-41.17608491425561,-55.66994735996559,-14.49386244570998,0.1628838424370938,-0.0054893368544955
w1001_1010_h5m,10:01-10:10,5m,universe,2022Q4,600,3,4709.493333333333,100.0,-8.0537195,6.924751,14.97847,21.153756947297577,14.740325716706328,-6.413431230591253,0.1468455452268001,0.0153520476335585
w1001_1010_h5m,10:01-10:10,5m,universe,2023Q1,590,3,4799.118644067797,100.0,-8.622706,4.5270967,13.149804,9.26152199642564,14.340606254987735,5.0790842585621,0.1698367119206967,0.0141111541876872
w1001_1010_h5m,10:01-10:10,5m,universe,2023Q2,590,3,4835.276271186441,100.0,-6.85841,8.983083,15.841493,-6.754747414799175,5.710525851670543,12.465273266469715,0.1395567169659873,0.0179815692220174
w1001_1010_h5m,10:01-10:10,5m,universe,2023Q3,640,3,4917.90625,100.0,-3.5504794,10.168028,13.718508,-19.62181714561726,-44.23391091237957,-24.612093766762307,0.1519272027955888,-0.0063559453805253
w1001_1010_h5m,10:01-10:10,5m,universe,2023Q4,600,3,4979.49,100.0,-6.978912,7.340713,14.319626,-0.0716128861851814,-31.43614568334147,-31.364532797156286,0.1602824803621205,0.0125751034451901
w1001_1010_h5m,10:01-10:10,5m,universe,2024Q1,580,3,5006.360344827586,100.0,-13.859391,2.2988927,16.158283,-20.74894462372226,-16.302781564955502,4.446163058766754,0.1485122106671198,0.0094195997273299
w1001_1010_h5m,10:01-10:10,5m,universe,2024Q2,590,3,4977.950847457627,100.0,-10.999132,4.493801,15.492934,-41.64677865190635,-59.935104621763706,-18.28832596985736,0.1742941267768875,0.0443687227569706
w1001_1010_h5m,10:01-10:10,5m,universe,2024Q3,640,3,4919.9328125,100.0,-6.3504324,6.9059434,13.256375,59.0218709794935,45.83377552131768,-13.188095458175814,0.1822908886039095,-0.0019325710398692
w1001_1010_h5m,10:01-10:10,5m,universe,2024Q4,610,3,4994.58524590164,100.0,-7.4933505,8.293391,15.786741,-13.461446937691612,-52.374105232220806,-38.9126582945292,0.1381327075132344,0.0055653361205158
w1001_1010_h5m,10:01-10:10,5m,universe,2025Q1,570,3,5015.663157894737,100.0,-6.030144,7.9099646,13.940108,13.704541247980403,-17.278668990606228,-30.98321023858663,0.1579128146343602,0.0209993970171001
w1001_1010_h5m,10:01-10:10,5m,universe,2025Q2,600,3,5032.588333333333,100.0,-5.0759234,7.615945,12.691869,9.540819345054224,-0.8031299828972842,-10.34394932795151,0.1684259522160714,-0.0016724467743619
w1001_1010_h5m,10:01-10:10,5m,universe,2025Q3,660,3,5076.59393939394,100.0,-6.4906826,5.1016126,11.592296,31.55785445104403,21.84972821397108,-9.708126237072948,0.1487077877740454,0.0228650429760491
w1001_1010_h5m,10:01-10:10,5m,universe,2025Q4,600,3,5079.9,100.0,-5.1204185,5.5041075,10.624526,8.800702856999305,5.063035031992051,-3.737667825007253,0.1327352292112438,-0.0020805023772591
w1001_1010_h5m,10:01-10:10,5m,pool_L,2022Q1,580,3,3027.2758620689656,100.0,-9.942419,1.4241903,11.36661,-37.68469163301766,-16.067001386415686,21.61769024660197,0.1428427058125729,-0.0033553045258032
w1001_1010_h5m,10:01-10:10,5m,pool_L,2022Q2,590,3,3067.7186440677965,100.0,-6.4288,6.145183,12.573983,17.465303510341823,38.27560801682412,20.810304506482296,0.1545560257796902,0.0315021859149642
w1001_1010_h5m,10:01-10:10,5m,pool_L,2022Q3,650,3,3151.963076923077,100.0,-10.633164,0.04236327,10.675528,-34.18446485396604,-33.03005920693634,1.154405647029701,0.1474581723075007,-0.0076769214134232
w1001_1010_h5m,10:01-10:10,5m,pool_L,2022Q4,600,3,3216.313333333333,100.0,-7.7407503,0.9272285,8.667979,29.685095993705865,36.775620927658125,7.090524933952253,0.1293988493996888,0.0115462416722855
w1001_1010_h5m,10:01-10:10,5m,pool_L,2023Q1,590,3,3281.979661016949,100.0,-8.370945,0.52870864,8.899653,15.070220470522829,27.10584364275302,12.035623172230189,0.1575106623483117,0.0097021749836001
w1001_1010_h5m,10:01-10:10,5m,pool_L,2023Q2,590,3,3308.452542372881,100.0,-6.671584,2.8308299,9.502414,1.6429555254941433,31.00673800427521,29.363782478781065,0.1266566385365058,0.0146734702343857
w1001_1010_h5m,10:01-10:10,5m,pool_L,2023Q3,640,3,3378.515625,100.0,-3.1988444,4.3531847,7.5520287,-13.25093863793058,-17.993815161246214,-4.742876523315636,0.13860873186222,-0.0111643227419378
w1001_1010_h5m,10:01-10:10,5m,pool_L,2023Q4,600,3,3427.65,100.0,-6.747637,1.616375,8.364012,5.614893644226623,1.4756493378449684,-4.139244306381654,0.1474767588373975,0.0044630007187518
w1001_1010_h5m,10:01-10:10,5m,pool_L,2024Q1,580,3,3446.708620689655,100.0,-14.203189,-5.882573,8.320616,-6.017086655032756,22.23366857534659,28.25075523037935,0.1404076987062989,0.0030117197996043
w1001_1010_h5m,10:01-10:10,5m,pool_L,2024Q2,590,3,3409.450847457628,100.0,-11.588212,-3.4963317,8.091881,-32.50743455818829,-17.14808336431426,15.35935119387402,0.1729122924816187,0.0440042388634463
w1001_1010_h5m,10:01-10:10,5m,pool_L,2024Q3,640,3,3378.9953125,100.0,-5.91141,1.5629369,7.474347,66.99768151685655,72.8549632745437,5.857281757687163,0.1733043478966084,-0.0117299042992006
w1001_1010_h5m,10:01-10:10,5m,pool_L,2024Q4,610,3,3432.216393442623,100.0,-7.5320344,-0.57224584,6.959789,-0.4888667220915647,-3.414453103023882,-2.9255863809323164,0.1315133254817724,-0.0016093383531534
w1001_1010_h5m,10:01-10:10,5m,pool_L,2025Q1,570,3,3438.124561403509,100.0,-6.1247478,1.8079038,7.9326515,24.20571290192617,31.353000899106565,7.147287997180395,0.1580349945876869,0.0177044694328284
w1001_1010_h5m,10:01-10:10,5m,pool_L,2025Q2,600,3,3429.608333333333,100.0,-5.1228385,2.32257,7.4454083,16.519612112413526,21.147634817401837,4.628022704988306,0.1755003543345296,-0.0026683423977405
w1001_1010_h5m,10:01-10:10,5m,pool_L,2025Q3,660,3,3448.04696969697,100.0,-6.299795,0.8628436,7.162639,41.00872744290879,59.53452004295141,18.52579260004262,0.1388211490137933,0.0179323719385909
w1001_1010_h5m,10:01-10:10,5m,pool_L,2025Q4,600,3,3452.673333333333,100.0,-4.8250217,1.4319472,6.2569695,14.999411704075309,23.022302931383717,8.022891227308406,0.1239835951188385,-0.0111430245335311
w1001_1010_h10m,10:01-10:10,10m,universe,2022Q1,580,3,4467.127586206897,100.0,-10.481643,12.156282,22.637924,-46.285702064419525,-51.97578383654859,-5.690081772129063,0.1200588509865102,0.0055209728902029
w1001_1010_h10m,10:01-10:10,10m,universe,2022Q2,590,3,4512.271186440678,100.0,-7.4650598,10.236831,17.70189,3.874950631606645,-16.10006100543143,-19.97501163703808,0.1251288192206551,0.031757980406323
w1001_1010_h10m,10:01-10:10,10m,universe,2022Q3,650,3,4617.492307692308,100.0,-12.639025,5.42248,18.061504,-41.1938477599805,-53.360077645821,-12.166229885840506,0.1279135161694725,0.0005070464460774
w1001_1010_h10m,10:01-10:10,10m,universe,2022Q4,600,3,4696.945,100.0,-6.3768463,7.2923894,13.669235,21.16951329911389,7.376690160559965,-13.792823138553928,0.1075509987585894,0.0175837817011124
w1001_1010_h10m,10:01-10:10,10m,universe,2023Q1,590,3,4783.8525423728815,100.0,-8.522562,4.879418,13.401979,9.265603442939772,10.75031730723608,1.4847138642963087,0.129389658622555,0.0172078665609341
w1001_1010_h10m,10:01-10:10,10m,universe,2023Q2,590,3,4821.896610169491,100.0,-6.0285373,10.540562,16.5691,-6.747854999780585,9.36201626934358,16.109871269124163,0.1082592448203843,0.0224511284445491
w1001_1010_h10m,10:01-10:10,10m,universe,2023Q3,640,3,4904.1359375,100.0,-1.390598,13.368551,14.75915,-19.641621975668777,-48.44536498437325,-28.80374300870448,0.1127954625419865,-0.0021274914882551
w1001_1010_h10m,10:01-10:10,10m,universe,2023Q4,600,3,4968.99,100.0,-7.365072,8.019764,15.384835,-0.0555390091795123,-37.677187543691616,-37.6216485345121,0.0982476187021969,0.0086430265005649
w1001_1010_h10m,10:01-10:10,10m,universe,2024Q1,580,3,4997.489655172414,100.0,-11.372602,2.6189423,13.991545,-20.688000737655827,-23.96299695953808,-3.2749962218822515,0.1113380186530167,0.0121684976917289
w1001_1010_h10m,10:01-10:10,10m,universe,2024Q2,590,3,4968.640677966102,100.0,-12.702058,0.92588633,13.627945,-41.60918780333449,-69.40563767554353,-27.796449872209028,0.1245272561595955,0.0397778194439152
w1001_1010_h10m,10:01-10:10,10m,universe,2024Q3,640,3,4894.4640625,100.0,-4.9366984,6.9688706,11.905569,58.99759849707302,35.00468214639433,-23.99291635067869,0.1358078194746153,-0.0042950573594344
w1001_1010_h10m,10:01-10:10,10m,universe,2024Q4,610,3,4987.290163934426,100.0,-7.9295864,4.728648,12.658236,-13.452445223883135,-62.22715772937218,-48.77471250548905,0.0928210001864474,-0.0013561213027754
w1001_1010_h10m,10:01-10:10,10m,universe,2025Q1,570,3,5008.7649122807015,100.0,-3.8250468,10.059128,13.884174,13.722200968938704,-18.368300576934327,-32.09050154587303,0.1082913529132036,0.016279486202667
w1001_1010_h10m,10:01-10:10,10m,universe,2025Q2,600,3,5027.585,100.0,-2.44475,10.309279,12.754029,9.595770915286684,-4.38001178311747,-13.975782698404156,0.1228061895486218,-0.0025864240665685
w1001_1010_h10m,10:01-10:10,10m,universe,2025Q3,660,3,5072.806060606061,100.0,-7.288157,3.3474488,10.635605,31.57621038125197,8.807340214218723,-22.76887016703325,0.108844964999183,0.0169232607427969
w1001_1010_h10m,10:01-10:10,10m,universe,2025Q4,600,3,5072.86,100.0,-3.6847126,5.9574223,9.642136,8.819118268181365,-0.7363848946187608,-9.555503162800123,0.0878850250834652,0.0002190311915581
w1001_1010_h10m,10:01-10:10,10m,pool_L,2022Q1,580,3,3016.7965517241378,100.0,-10.529489,1.7239046,12.253393,-37.60784277190571,-15.742922584364994,21.864920187540715,0.1094647440632817,0.0028732674114539
w1001_1010_h10m,10:01-10:10,10m,pool_L,2022Q2,590,3,3059.1474576271185,100.0,-7.167496,5.3877554,12.555251,17.525076704287255,41.72551877754613,24.20044207325888,0.1190296940606105,0.031887881456972
w1001_1010_h10m,10:01-10:10,10m,pool_L,2022Q3,650,3,3142.612307692308,100.0,-12.515597,-0.3549607,12.160637,-34.18570789202243,-30.16258307077957,4.023124821242857,0.11677825476278,-0.0020595310285276
w1001_1010_h10m,10:01-10:10,10m,pool_L,2022Q4,600,3,3208.09,100.0,-6.168392,1.0658301,7.234223,29.71124372447541,34.63855685434267,4.927313129867255,0.0923540367121113,0.014132107500482
w1001_1010_h10m,10:01-10:10,10m,pool_L,2023Q1,590,3,3271.694915254237,100.0,-8.28628,0.7524165,9.038696,15.098681838995972,29.099087242273725,14.000405403277751,0.1196418647728641,0.0132177110717556
w1001_1010_h10m,10:01-10:10,10m,pool_L,2023Q2,590,3,3300.8050847457625,100.0,-6.0158515,4.4638686,10.47972,1.606963405274466,36.716951758561706,35.109988353287235,0.0977601168484987,0.0202094240713949
w1001_1010_h10m,10:01-10:10,10m,pool_L,2023Q3,640,3,3370.5515625,100.0,-1.0614567,7.610383,8.671839,-13.26454812324064,-18.72329834039433,-5.458750217153691,0.1027639304143349,-0.0052974695999708
w1001_1010_h10m,10:01-10:10,10m,pool_L,2023Q4,600,3,3421.863333333333,100.0,-7.3219314,1.0661381,8.38807,5.631765811977527,2.112282978890794,-3.519482833086732,0.0843668046276786,0.0031773292594467
w1001_1010_h10m,10:01-10:10,10m,pool_L,2024Q1,580,3,3441.3155172413794,100.0,-11.734831,-5.3446674,6.3901634,-5.948508830723776,21.06806158938479,27.016570420108568,0.1028060653898337,0.0068226194770231
w1001_1010_h10m,10:01-10:10,10m,pool_L,2024Q2,590,3,3404.3627118644067,100.0,-13.747704,-6.477296,7.2704067,-32.52648532953907,-24.39780593612006,8.128679393419011,0.1246822339385179,0.0399083771845852
w1001_1010_h10m,10:01-10:10,10m,pool_L,2024Q3,640,3,3361.5328125,100.0,-4.4502416,2.2665603,6.7168016,66.9252550364906,74.0074460962928,7.0821910598022,0.1305486983090281,-0.0100881131453105
w1001_1010_h10m,10:01-10:10,10m,pool_L,2024Q4,610,3,3427.119672131148,100.0,-8.040211,-2.9386146,5.101597,-0.4607246544676894,-3.406317949515848,-2.945593295048159,0.0903153600563208,-0.0030617822505034
w1001_1010_h10m,10:01-10:10,10m,pool_L,2025Q1,570,3,3434.198245614035,100.0,-3.9065135,3.8837483,7.7902617,24.24056975125848,34.90628019801233,10.665710446753858,0.1078431709517861,0.0158748120966985
w1001_1010_h10m,10:01-10:10,10m,pool_L,2025Q2,600,3,3427.2166666666667,100.0,-2.4443111,3.8687634,6.3130746,16.5746777769644,21.958049260351487,5.383371483387085,0.1295011322629058,-0.0011101638050435
w1001_1010_h10m,10:01-10:10,10m,pool_L,2025Q3,660,3,3446.371212121212,100.0,-7.1920323,0.15642975,7.3484626,41.00676239472839,53.79445759264327,12.787695197914882,0.1030254449123829,0.0144765132148933
w1001_1010_h10m,10:01-10:10,10m,pool_L,2025Q4,600,3,3448.9216666666666,100.0,-3.4490557,1.8639843,5.31304,14.990022755322638,23.284604298060746,8.29458154273811,0.0788337004137309,-0.0064445464963419
w1001_1010_h1h,10:01-10:10,1h,universe,2022Q1,580,3,4360.565517241379,100.0,-10.708459,25.693514,36.401974,-46.19178996355911,-44.91129393533199,1.2804960282271192,0.0458901486367507,0.012769225008573
w1001_1010_h1h,10:01-10:10,1h,universe,2022Q2,590,3,4404.106779661017,100.0,-4.2582593,14.299937,18.558197,4.485038667434779,-23.088081729526703,-27.573120396961485,0.0634270131968687,0.0327252924871838
w1001_1010_h1h,10:01-10:10,1h,universe,2022Q3,650,3,4498.6876923076925,100.0,-15.76998,3.2146251,18.984606,-41.20328525219646,-64.8395962587327,-23.636311006536243,0.0474032053114928,0.0048853830989438
w1001_1010_h1h,10:01-10:10,1h,universe,2022Q4,600,3,4561.953333333333,100.0,10.216946,16.680244,6.4632993,21.480920475954328,-1.0268320539195424,-22.507752529873876,0.0388678334307971,0.015506567556503
w1001_1010_h1h,10:01-10:10,1h,universe,2023Q1,590,3,4665.435593220339,100.0,-12.415887,0.8044177,13.220305,9.57448479921376,12.264003055013214,2.689518255799454,0.0399010906872987,0.0158647176158663
w1001_1010_h1h,10:01-10:10,1h,universe,2023Q2,590,3,4699.528813559322,100.0,-7.3884525,16.909613,24.298067,-6.553838391730466,-2.9878665450491475,3.565971846681317,0.0457902715432456,0.0179809859552177
w1001_1010_h1h,10:01-10:10,1h,universe,2023Q3,640,3,4780.85,100.0,-7.851077,3.4263618,11.277439,-19.585517134205592,-58.22366698418838,-38.63814984998279,0.0348232936096721,-0.0008112068576716
w1001_1010_h1h,10:01-10:10,1h,universe,2023Q4,600,3,4850.21,100.0,-2.6815438,10.392662,13.074205,-0.1082909318468836,-36.53917553884261,-36.430884606995726,0.0259216864661847,0.010181946949773
w1001_1010_h1h,10:01-10:10,1h,universe,2024Q1,580,3,4911.691379310345,100.0,-16.008553,-1.9527354,14.055819,-20.20562961061339,-18.85746335100765,1.3481662596057369,0.0531088901250157,0.0319047100672231
w1001_1010_h1h,10:01-10:10,1h,universe,2024Q2,590,3,4832.38813559322,100.0,-8.918564,0.027343825,8.945908,-41.09920388677277,-86.68510103547547,-45.58589714870269,0.0556051936680242,0.0315098759019346
w1001_1010_h1h,10:01-10:10,1h,universe,2024Q3,640,3,4673.15,100.0,13.038478,21.0698,8.0313225,60.95922006696357,46.89973307017507,-14.059486996788497,0.0631815491812869,0.0031255137475906
w1001_1010_h1h,10:01-10:10,1h,universe,2024Q4,610,3,4929.444262295082,100.0,5.5365915,30.519714,24.983124,-13.420296840669996,-69.00079580751195,-55.58049896684196,0.0421706037034048,0.0167204537319657
w1001_1010_h1h,10:01-10:10,1h,universe,2025Q1,570,3,4924.336842105263,100.0,0.7879062,18.184124,17.396217,13.770680471421551,-24.345907891903263,-38.116588363324816,0.0359603094129176,0.011314413681215
w1001_1010_h1h,10:01-10:10,1h,universe,2025Q2,600,3,4933.893333333333,100.0,-8.627233,1.6384485,10.265681,9.635571509695708,-18.65404002367151,-28.289611533367214,0.0445849937246602,0.0130607483392076
w1001_1010_h1h,10:01-10:10,1h,universe,2025Q3,660,3,5011.85,100.0,-4.8180046,0.86107254,5.679077,31.7221918475088,10.24555498764223,-21.476636859866563,0.0349596586045803,-0.0064897810818667
w1001_1010_h1h,10:01-10:10,1h,universe,2025Q4,600,3,4994.995,100.0,0.4882891,6.97984,6.4915504,9.001812924256383,-0.2578383360198136,-9.259651260276195,0.0244301803635962,0.0061730541253536
w1001_1010_h1h,10:01-10:10,1h,pool_L,2022Q1,580,3,2948.887931034483,100.0,-12.094803,1.9815878,14.076391,-37.39307525116895,-8.9066627778776,28.486412473291352,0.0383402560148551,0.0066676037409182
w1001_1010_h1h,10:01-10:10,1h,pool_L,2022Q2,590,3,2987.7796610169494,100.0,-3.1814458,11.0221405,14.203587,18.171050746854988,36.295719926560295,18.124669179705304,0.0632500528865317,0.0307042465625285
w1001_1010_h1h,10:01-10:10,1h,pool_L,2022Q3,650,3,3064.96,100.0,-16.033213,-7.816281,8.21693,-33.99375975770073,-36.62959701321808,-2.635837255517348,0.041012763363167,0.0050438723244041
w1001_1010_h1h,10:01-10:10,1h,pool_L,2022Q4,600,3,3121.4333333333334,100.0,10.931422,12.899115,1.9676923,29.998242228058487,34.403680029995506,4.405437801937018,0.0304033178521117,0.0140038756227998
w1001_1010_h1h,10:01-10:10,1h,pool_L,2023Q1,590,3,3194.3033898305084,100.0,-12.354546,-5.992559,6.361987,15.371751694334105,32.35618251059225,16.984430816258143,0.0336893980801168,0.0153706731272957
w1001_1010_h1h,10:01-10:10,1h,pool_L,2023Q2,590,3,3226.608474576271,100.0,-7.4037476,6.899774,14.30352,1.8053212082776529,34.41156403264581,32.60624282436816,0.0395420078972274,0.018939341338385
w1001_1010_h1h,10:01-10:10,1h,pool_L,2023Q3,640,3,3297.828125,100.0,-7.948288,-1.9345486,6.0137396,-13.139876899657889,-20.427560170183128,-7.287683270525238,0.0321828717238255,-0.0021181157059257
w1001_1010_h1h,10:01-10:10,1h,pool_L,2023Q4,600,3,3350.971666666667,100.0,-2.8866348,3.3086152,6.19525,5.567064253251252,2.331078230095909,-3.2359860231553434,0.0183705991603955,0.0068743016400298
w1001_1010_h1h,10:01-10:10,1h,pool_L,2024Q1,580,3,3388.403448275862,100.0,-16.564938,-11.375924,5.1890144,-5.563515228090053,25.12667834041531,30.69019356850536,0.0519531879549351,0.0326343554544657
w1001_1010_h1h,10:01-10:10,1h,pool_L,2024Q2,590,3,3311.8898305084745,100.0,-9.726058,-3.8899398,5.8361177,-32.2136205544008,-36.49567861056515,-4.282058056164356,0.0567144139549606,0.0316668038239772
w1001_1010_h1h,10:01-10:10,1h,pool_L,2024Q3,640,3,3206.8109375,100.0,15.089685,20.846287,5.7566023,68.818109261628,78.93246545926151,10.114356197633509,0.0617698326239195,-0.0023670312246816
w1001_1010_h1h,10:01-10:10,1h,pool_L,2024Q4,610,3,3388.011475409836,100.0,5.12997,12.65496,7.5249896,-0.2894287790854885,-10.430475466991671,-10.14104668790618,0.0405108047531882,0.0145210067036341
w1001_1010_h1h,10:01-10:10,1h,pool_L,2025Q1,570,3,3379.754385964912,100.0,0.3190641,13.691691,13.372627,24.291862500178148,36.30348357020924,12.011621070031088,0.0337876331621694,0.0130495381241077
w1001_1010_h1h,10:01-10:10,1h,pool_L,2025Q2,600,3,3371.411666666667,100.0,-9.217789,-7.0383706,2.179418,16.65197087370046,20.916255021608265,4.264284147907805,0.04770058520706,0.0169862968229514
w1001_1010_h1h,10:01-10:10,1h,pool_L,2025Q3,660,3,3411.292424242424,100.0,-4.590686,1.535538,6.126224,41.09713409529826,58.24645371050442,17.14931961520616,0.0328221390786484,-0.0069477799624093
w1001_1010_h1h,10:01-10:10,1h,pool_L,2025Q4,600,3,3403.593333333333,100.0,0.70470405,6.481755,5.777051,15.164961981254228,29.756565553655605,14.59160357240138,0.0205109922046862,0.0043332397482034
w1001_1010_hclose,10:01-10:10,close,universe,2022Q1,580,3,4589.993103448276,100.0,-24.99074,15.361981,40.352722,-46.69324288109436,-39.92684280531634,6.766400075778018,0.0388354294096194,0.0193632920063166
w1001_1010_hclose,10:01-10:10,close,universe,2022Q2,590,3,4635.205084745763,100.0,6.349495,25.52294,19.173445,3.479007729578142,-16.385653514266263,-19.86466124384441,0.0552174175835565,0.0390675882592637
w1001_1010_hclose,10:01-10:10,close,universe,2022Q3,650,3,4723.22,100.0,-22.749102,-4.1118298,18.637272,-41.046725151525344,-53.18515097352231,-12.138425821996956,0.0389105663556969,0.0130068106373585
w1001_1010_hclose,10:01-10:10,close,universe,2022Q4,600,3,4814.046666666667,100.0,3.6702816,25.673573,22.00329,21.054116734428305,12.626330880446716,-8.427785853981588,0.041080029169302,0.0227736729904142
w1001_1010_hclose,10:01-10:10,close,universe,2023Q1,590,3,4894.530508474576,100.0,-4.3694706,19.69979,24.069262,9.154470594859236,12.232822898273298,3.078352303414061,0.042343165055443,0.0226460194632974
w1001_1010_hclose,10:01-10:10,close,universe,2023Q2,590,3,4936.84406779661,100.0,0.76140475,28.840874,28.07947,-7.089546423641808,-6.810847269803452,0.2786991538383546,0.0445013400690887,0.0285410732169185
w1001_1010_hclose,10:01-10:10,close,universe,2023Q3,640,3,5012.8140625,100.0,-11.701993,15.0466585,26.748652,-19.513841618419807,-37.83003806109013,-18.316196442670325,0.0277046517479374,0.010693554014037
w1001_1010_hclose,10:01-10:10,close,universe,2023Q4,600,3,5048.383333333333,100.0,-1.1344644,17.556257,18.690723,-0.0545071594377607,-14.138950663594027,-14.084443504156267,0.0312026009799738,0.0182379459325064
w1001_1010_hclose,10:01-10:10,close,universe,2024Q1,580,3,5060.489655172414,100.0,-9.324011,21.192116,30.516127,-21.22044820103056,-15.19349391760024,6.026954283430317,0.0575343931011471,0.0434863503679189
w1001_1010_hclose,10:01-10:10,close,universe,2024Q2,590,3,5063.5,100.0,-16.27954,5.4665046,21.746042,-42.33791228322347,-74.6031752154725,-32.265262932249044,0.0458587125575744,0.0253402515607735
w1001_1010_hclose,10:01-10:10,close,universe,2024Q3,640,3,5054.1046875,100.0,17.83324,40.407215,22.573973,58.74045031284114,39.75865840304308,-18.981791909798066,0.0501288061233009,0.006668075065249
w1001_1010_hclose,10:01-10:10,close,universe,2024Q4,610,3,5027.863934426229,100.0,-6.4117327,4.521951,10.933683,-13.5462607142184,-50.72498959182711,-37.17872887760871,0.049763544886176,0.0318712456012243
w1001_1010_hclose,10:01-10:10,close,universe,2025Q1,570,3,5075.88947368421,100.0,-1.3516651,19.391619,20.743284,13.658642230350637,-6.722202028778787,-20.38084425912942,0.0364807158079332,0.0144185619925374
w1001_1010_hclose,10:01-10:10,close,universe,2025Q2,600,3,5080.341666666666,100.0,-0.9411241,22.743767,23.68489,9.49403212011202,3.236640715968997,-6.257391404143022,0.0438688467574666,0.0276158095017266
w1001_1010_hclose,10:01-10:10,close,universe,2025Q3,660,3,5102.684848484849,100.0,11.08733,22.773396,11.686067,31.47436748419419,21.95968977557705,-9.514677708617135,0.026372054569307,-0.0010657089938074
w1001_1010_hclose,10:01-10:10,close,universe,2025Q4,600,3,5114.435,100.0,3.6156235,24.985523,21.369902,8.733114435336294,5.651409969761507,-3.0817044655747874,0.0295567673023312,0.0174331794645246
w1001_1010_hclose,10:01-10:10,close,pool_L,2022Q1,580,3,3093.2206896551725,100.0,-25.61107,-3.4498756,22.161196,-38.17966801069297,-15.699206375849911,22.480461634843056,0.030732254175626,0.0081444462421096
w1001_1010_hclose,10:01-10:10,close,pool_L,2022Q2,590,3,3139.928813559322,100.0,8.232926,22.229555,13.996629,17.27311833385215,31.58431862328081,14.311200289428667,0.0491529229823185,0.0336499995133104
w1001_1010_hclose,10:01-10:10,close,pool_L,2022Q3,650,3,3208.444615384615,100.0,-22.665333,-15.023894,7.64144,-34.18177412455168,-32.126364310915626,2.0554098136360577,0.0289273507385624,0.0069951794044312
w1001_1010_hclose,10:01-10:10,close,pool_L,2022Q4,600,3,3278.2533333333336,100.0,5.061305,19.45858,14.397274,29.54316435031117,35.78522929701218,6.242064946701012,0.0326302082494234,0.01597389624361
w1001_1010_hclose,10:01-10:10,close,pool_L,2023Q1,590,3,3336.828813559322,100.0,-4.3524714,12.111055,16.463526,15.062179200214086,29.61731467642026,14.555135476206171,0.0327886690691045,0.0176338851649449
w1001_1010_hclose,10:01-10:10,close,pool_L,2023Q2,590,3,3361.3033898305084,100.0,1.8693407,26.359182,24.489841,1.6158302327285892,30.55292361169872,28.937093378970136,0.0384624758574932,0.0232658990266318
w1001_1010_hclose,10:01-10:10,close,pool_L,2023Q3,640,3,3424.05625,100.0,-11.669628,-0.49728918,11.172339,-13.222937192863096,-15.764365944141549,-2.54142875127845,0.0168606874560325,0.0037285868794979
w1001_1010_hclose,10:01-10:10,close,pool_L,2023Q4,600,3,3457.846666666667,100.0,-0.45265883,11.487964,11.940622,5.637572903760476,12.540828387859202,6.903255484098727,0.0201256272087362,0.0093097574413973
w1001_1010_hclose,10:01-10:10,close,pool_L,2024Q1,580,3,3470.5310344827585,100.0,-6.262427,16.339586,22.602015,-6.276410833923762,20.313224408078703,26.589635242002466,0.0559733658460053,0.0416575622695903
w1001_1010_hclose,10:01-10:10,close,pool_L,2024Q2,590,3,3453.169491525424,100.0,-16.676992,-6.0976386,10.579354,-32.61984583503431,-40.04018681606807,-7.420340981033755,0.0385977648373835,0.0136603882813089
w1001_1010_hclose,10:01-10:10,close,pool_L,2024Q3,640,3,3460.8203125,100.0,19.245779,32.107803,12.862022,66.73071825185939,73.65630539939971,6.925587147540317,0.0424063077075951,0.0005895162748374
w1001_1010_hclose,10:01-10:10,close,pool_L,2024Q4,610,3,3452.727868852459,100.0,-4.778308,7.51654,12.294848,-0.5846076335693969,-2.96659004003061,-2.381982406461212,0.0396720530332774,0.0233308219475687
w1001_1010_hclose,10:01-10:10,close,pool_L,2025Q1,570,3,3471.6105263157897,100.0,-0.5717269,18.141064,18.71279,24.185713402841284,40.36305322524681,16.177339822405525,0.030293133018084,0.0110804665451819
w1001_1010_hclose,10:01-10:10,close,pool_L,2025Q2,600,3,3452.86,100.0,-1.1928588,9.738363,10.931222,16.532814998138793,37.187637440441016,20.654822442302223,0.0395494892966776,0.0269517873056767
w1001_1010_hclose,10:01-10:10,close,pool_L,2025Q3,660,3,3458.9242424242425,100.0,12.597246,24.992811,12.395565,41.01590851254537,61.99751033641955,20.98160182387418,0.021567117077433,-0.00568893520687
w1001_1010_hclose,10:01-10:10,close,pool_L,2025Q4,600,3,3467.998333333333,100.0,3.721285,15.97419,12.252905,14.978233136798291,14.26958580142168,-0.7086473353766112,0.0251035670951574,0.0142617832276974
w1401_1410_h1m,14:01-14:10,1m,universe,2022Q1,580,3,4358.627586206897,100.0,-8.212883,6.156628,14.369511,-30.014592929582413,-67.30257239939161,-37.2879794698092,0.3615209012783597,-0.0053939948209797
w1401_1410_h1m,14:01-14:10,1m,universe,2022Q2,590,3,4397.489830508474,100.0,-9.831278,4.9453077,14.776586,-10.611413875753412,-31.698367238727677,-21.086953362974267,0.3749029659862695,0.0327686239853466
w1401_1410_h1m,14:01-14:10,1m,universe,2022Q3,650,3,4489.361538461539,100.0,-7.721549,4.2503533,11.971902,-25.221208364402514,-44.64437130883876,-19.42316294443624,0.3811498879828962,0.0023405382369229
w1401_1410_h1m,14:01-14:10,1m,universe,2022Q4,600,3,4600.68,100.0,-8.436793,3.6398017,12.076596,11.591482445005717,-7.494893962838014,-19.08637640784373,0.391274192174311,0.0204564279746534
w1401_1410_h1m,14:01-14:10,1m,universe,2023Q1,590,3,4672.845762711864,100.0,-7.0443854,3.0454533,10.089839,11.22843830560626,8.037399876473103,-3.1910384291331573,0.3939852991154794,0.0279082192946965
w1401_1410_h1m,14:01-14:10,1m,universe,2023Q2,590,3,4708.927118644067,100.0,-7.3046684,4.25613,11.560799,-14.124535900492422,-26.79318820184779,-12.66865230135537,0.3767890538749595,0.0198849244742391
w1401_1410_h1m,14:01-14:10,1m,universe,2023Q3,640,3,4803.46875,100.0,-6.7983446,3.7089431,10.507288,-16.503093050480068,-54.52022865548928,-38.01713560500921,0.3872838702706848,0.0043566607770147
w1401_1410_h1m,14:01-14:10,1m,universe,2023Q4,600,3,4871.068333333334,100.0,-6.6446667,3.5903187,10.234985,-4.79876587479227,-32.165327821694646,-27.36656194690238,0.3916966344798891,0.0162722753789924
w1401_1410_h1m,14:01-14:10,1m,universe,2024Q1,580,3,4921.305172413793,100.0,-7.9962864,5.442442,13.438729,-21.11651510882208,-40.51509200518968,-19.3985768963676,0.3640704173335261,0.0027588947000122
w1401_1410_h1m,14:01-14:10,1m,universe,2024Q2,590,3,4850.11186440678,100.0,-8.843889,3.7923286,12.636217,-33.99777337379404,-67.51697314903602,-33.519199775241965,0.4068885597456877,0.0367379733796475
w1401_1410_h1m,14:01-14:10,1m,universe,2024Q3,640,3,4718.9703125,100.0,-9.380064,2.4254289,11.805493,29.36789483613124,3.073666185547986,-26.29422865058325,0.4214740434678107,-0.0024000214884281
w1401_1410_h1m,14:01-14:10,1m,universe,2024Q4,610,3,4908.042622950819,100.0,-8.858016,8.661769,17.519785,-12.867966579360418,-71.62326501381767,-58.75529843445725,0.3656942217493327,0.009888685270806
w1401_1410_h1m,14:01-14:10,1m,universe,2025Q1,570,3,4919.668421052632,100.0,-6.7160287,6.0163097,12.732339,18.710488508491387,-6.680484047654889,-25.39097255614628,0.3721337323854702,0.0256247620085387
w1401_1410_h1m,14:01-14:10,1m,universe,2025Q2,600,3,4912.516666666666,100.0,-6.6721873,3.6149378,10.287125,10.297572907586693,-19.488547352689068,-29.78612026027576,0.3848727666184628,0.0041269383695646
w1401_1410_h1m,14:01-14:10,1m,universe,2025Q3,660,3,5004.742424242424,100.0,-6.109302,3.44051,9.549812,22.250964873505502,6.523008906048807,-15.727955967456698,0.3525638185196141,0.0305263162424396
w1401_1410_h1m,14:01-14:10,1m,universe,2025Q4,600,3,4994.566666666667,100.0,-5.4562497,2.1686342,7.6248837,-1.5527524494410725,-18.59718208329633,-17.044429633855263,0.3532208818999173,0.006940998753114
w1401_1410_h1m,14:01-14:10,1m,pool_L,2022Q1,580,3,2953.277586206897,100.0,-7.8975635,0.5844513,8.482016,-19.319761298484416,-21.39668002913964,-2.0769187306552306,0.3489793731483673,-0.0110965875110421
w1401_1410_h1m,14:01-14:10,1m,pool_L,2022Q2,590,3,2989.0745762711863,100.0,-9.423085,0.07986101,9.502946,1.2556969498956516,4.977683771689125,3.721986821793474,0.3639566592631821,0.0276216892342882
w1401_1410_h1m,14:01-14:10,1m,pool_L,2022Q3,650,3,3059.904615384615,100.0,-7.3175135,0.86566406,8.183178,-16.781308074087494,-17.309960465721588,-0.5286523916340958,0.3701083992484259,0.0006895195693915
w1401_1410_h1m,14:01-14:10,1m,pool_L,2022Q4,600,3,3149.998333333333,100.0,-8.024701,-0.09180848,7.9328933,19.98099847917961,17.543407059178683,-2.4375914200009268,0.3795116432587544,0.0158607067849471
w1401_1410_h1m,14:01-14:10,1m,pool_L,2023Q1,590,3,3200.5677966101694,100.0,-6.9059,0.19658239,7.102482,17.170510044575106,23.167893253489567,5.997383208914463,0.3866834140949742,0.0234746425428942
w1401_1410_h1m,14:01-14:10,1m,pool_L,2023Q2,590,3,3233.3745762711865,100.0,-7.13844,0.8782304,8.01667,-6.302556735789145,-4.586305427291188,1.7162513084979576,0.3739806309243291,0.0158337393561602
w1401_1410_h1m,14:01-14:10,1m,pool_L,2023Q3,640,3,3312.2859375,100.0,-6.5245714,-0.07538609,6.4491854,-9.136125788856244,-12.256989172977097,-3.1208633841208497,0.3819232701416668,-0.0021765766892964
w1401_1410_h1m,14:01-14:10,1m,pool_L,2023Q4,600,3,3366.345,100.0,-6.209129,-0.09168851,6.11744,1.0465382548112654,1.7225493178856546,0.6760110630743889,0.378128284678158,0.0068562944077317
w1401_1410_h1m,14:01-14:10,1m,pool_L,2024Q1,580,3,3395.456896551724,100.0,-7.838513,0.8534773,8.691991,-8.5222275664304,5.51593016032226,14.03815772675266,0.3531715618263897,-0.002447421055762
w1401_1410_h1m,14:01-14:10,1m,pool_L,2024Q2,590,3,3327.494915254237,100.0,-8.882428,-0.12820469,8.754223,-24.664318815801508,-23.30386445015487,1.3604543656466406,0.4105943685773903,0.0413558253427188
w1401_1410_h1m,14:01-14:10,1m,pool_L,2024Q3,640,3,3242.8828125,100.0,-9.183202,-0.64420265,8.539,36.63485604925919,38.04114805836552,1.4062920091063271,0.4189364879872226,-0.0110143563202351
w1401_1410_h1m,14:01-14:10,1m,pool_L,2024Q4,610,3,3382.4639344262296,100.0,-8.694832,0.90997946,9.604811,0.8805851044526773,-13.699927254386964,-14.58051235883964,0.3596058250690533,0.0043747427714083
w1401_1410_h1m,14:01-14:10,1m,pool_L,2025Q1,570,3,3380.50350877193,100.0,-6.697381,1.0387853,7.736166,29.42817653046164,35.71815170538195,6.289975174920317,0.372733622607005,0.0196177702199341
w1401_1410_h1m,14:01-14:10,1m,pool_L,2025Q2,600,3,3363.2066666666665,100.0,-6.538242,-0.21877098,6.319471,18.275396385814958,18.154501140092886,-0.1208952457220679,0.3930261223503067,0.0034784575300262
w1401_1410_h1m,14:01-14:10,1m,pool_L,2025Q3,660,3,3408.810606060606,100.0,-5.915004,0.105467014,6.0204706,31.005028576706973,37.42373851976121,6.418709943054237,0.3427216676168207,0.0238079135429413
w1401_1410_h1m,14:01-14:10,1m,pool_L,2025Q4,600,3,3408.096666666667,100.0,-5.1393003,-0.26425257,4.875048,5.0560367164608335,5.568390725998904,0.5123540095380698,0.3480527586293613,-0.0006236100912647
w1401_1410_h3m,14:01-14:10,3m,universe,2022Q1,580,3,4355.517241379311,100.0,-8.051218,7.348493,15.399712,-30.04242335663432,-65.13876888178643,-35.09634552515212,0.3011430932051001,0.0025636042751984
w1401_1410_h3m,14:01-14:10,3m,universe,2022Q2,590,3,4396.045762711864,100.0,-10.968964,5.0493774,16.018341,-10.634095736321523,-34.2090896777757,-23.574993941454174,0.3148270934351505,0.035471068660919
w1401_1410_h3m,14:01-14:10,3m,universe,2022Q3,650,3,4488.9353846153845,100.0,-7.564486,5.5661273,13.130613,-25.22895078991036,-40.98476278619814,-15.755811996287775,0.3175997772207677,0.0079333607784976
w1401_1410_h3m,14:01-14:10,3m,universe,2022Q4,600,3,4598.723333333333,100.0,-9.200104,2.9034555,12.1035595,11.562202715365354,-5.767372187242698,-17.32957490260805,0.3218919970058858,0.0236888778740674
w1401_1410_h3m,14:01-14:10,3m,universe,2023Q1,590,3,4676.133898305085,100.0,-6.933088,3.6993155,10.632402,11.229297290938709,9.730467452323497,-1.4988298386152112,0.3317736866390632,0.0317640737972551
w1401_1410_h3m,14:01-14:10,3m,universe,2023Q2,590,3,4711.237288135593,100.0,-7.2812862,5.140898,12.422185,-14.150940775787504,-22.54332720172779,-8.392386425940288,0.3146560135617995,0.0246912143680038
w1401_1410_h3m,14:01-14:10,3m,universe,2023Q3,640,3,4804.95625,100.0,-6.7986503,4.084392,10.883042,-16.491307300485836,-55.18144571163703,-38.6901384111512,0.3286003634425412,0.0059446798522056
w1401_1410_h3m,14:01-14:10,3m,universe,2023Q4,600,3,4869.631666666667,100.0,-6.2824802,4.730051,11.012531,-4.78696970783165,-28.30123117353476,-23.514261465703104,0.3321911465447396,0.0194286298273158
w1401_1410_h3m,14:01-14:10,3m,universe,2024Q1,580,3,4919.577586206897,100.0,-6.9435616,7.6556735,14.599234,-21.113135872304703,-44.77429935041072,-23.661163478106005,0.3011818973621299,0.0048913693842724
w1401_1410_h3m,14:01-14:10,3m,universe,2024Q2,590,3,4846.51186440678,100.0,-10.017171,3.517001,13.534172,-34.02979222380737,-62.32945578434456,-28.299663560537194,0.3439902279257562,0.0410350842000381
w1401_1410_h3m,14:01-14:10,3m,universe,2024Q3,640,3,4713.1921875,100.0,-10.086455,2.6931262,12.779582,29.411362146691204,7.058695035713276,-22.35266711097793,0.3636119758191037,-0.0012701618299679
w1401_1410_h3m,14:01-14:10,3m,universe,2024Q4,610,3,4903.637704918033,100.0,-10.227018,8.634729,18.861748,-12.868992363161642,-60.81214412569359,-47.94315176253194,0.3131724059856168,0.0187630943733055
w1401_1410_h3m,14:01-14:10,3m,universe,2025Q1,570,3,4917.171929824562,100.0,-6.5001698,6.674137,13.174307,18.705236407027893,-1.4401031200816103,-20.145339527109503,0.3052235313013881,0.0345395453246905
w1401_1410_h3m,14:01-14:10,3m,universe,2025Q2,600,3,4910.388333333333,100.0,-6.472573,3.9254029,10.397975,10.285283134292277,-13.030301748968627,-23.3155848832609,0.3216573531339264,0.0137745201449258
w1401_1410_h3m,14:01-14:10,3m,universe,2025Q3,660,3,5003.740909090909,100.0,-6.5611978,2.8865438,9.4477415,22.24589133455416,3.5420138014271343,-18.703877533127027,0.2811644410616298,0.0345003728662787
w1401_1410_h3m,14:01-14:10,3m,universe,2025Q4,600,3,4993.86,100.0,-5.2389674,2.4380655,7.677033,-1.5577648947526488,-23.17638612872548,-21.61862123397283,0.2874548025904186,0.011578657472916
w1401_1410_h3m,14:01-14:10,3m,pool_L,2022Q1,580,3,2950.65,100.0,-7.7232785,1.445576,9.168855,-19.324458084396035,-18.20231682903393,1.122141255362106,0.287248510143018,-0.0047589078161243
w1401_1410_h3m,14:01-14:10,3m,pool_L,2022Q2,590,3,2987.898305084746,100.0,-10.591907,-0.48009163,10.111815,1.216472291509371,4.362252456969455,3.145780165460084,0.3035502774235915,0.0292873495859911
w1401_1410_h3m,14:01-14:10,3m,pool_L,2022Q3,650,3,3059.3215384615382,100.0,-7.143232,1.5695565,8.712788,-16.809549835630573,-13.411554516013096,3.3979953196174755,0.3047131127856911,0.0052076645565778
w1401_1410_h3m,14:01-14:10,3m,pool_L,2022Q4,600,3,3148.185,100.0,-8.7414465,-0.6275744,8.113873,19.93477233170915,17.378460322558663,-2.556312009150488,0.3088195532770649,0.018282076856487
w1401_1410_h3m,14:01-14:10,3m,pool_L,2023Q1,590,3,3202.915254237288,100.0,-6.763898,0.76204365,7.525941,17.164445597866603,24.289741401442843,7.125295803576239,0.3234766201588853,0.0248899275945906
w1401_1410_h3m,14:01-14:10,3m,pool_L,2023Q2,590,3,3234.815254237288,100.0,-7.045911,1.4884338,8.534346,-6.3366201231119135,-1.9404811355300504,4.396138987581862,0.3110230554061666,0.0178851878321118
w1401_1410_h3m,14:01-14:10,3m,pool_L,2023Q3,640,3,3313.1390625,100.0,-6.4833055,0.39119425,6.8744993,-9.13161721707452,-13.951215396480237,-4.819598179405716,0.3222782632225831,-0.0013017821332082
w1401_1410_h3m,14:01-14:10,3m,pool_L,2023Q4,600,3,3365.556666666667,100.0,-5.8093576,0.77608645,6.585444,1.043130107212008,3.1578653596,2.1147352523879914,0.3168476433940105,0.0085894377234283
w1401_1410_h3m,14:01-14:10,3m,pool_L,2024Q1,580,3,3394.3,100.0,-6.7566543,2.4867728,9.243426,-8.523648815206323,-2.883780340010868,5.639868475195455,0.2914402903150836,-0.0027527243657246
w1401_1410_h3m,14:01-14:10,3m,pool_L,2024Q2,590,3,3324.7305084745763,100.0,-10.07794,-0.7726587,9.305281,-24.688611845542056,-21.95484660027378,2.7337652452682755,0.3492398837910649,0.0428942812647425
w1401_1410_h3m,14:01-14:10,3m,pool_L,2024Q3,640,3,3238.4390625,100.0,-9.893309,-0.9396272,8.953681,36.70885067491686,39.41827753132921,2.709426856412344,0.3617066761295399,-0.0102241892440863
w1401_1410_h3m,14:01-14:10,3m,pool_L,2024Q4,610,3,3379.17868852459,100.0,-9.986779,1.0582461,11.045026,0.8832334196821061,-4.198672143440896,-5.081905563123003,0.3054506891007646,0.0120142226715447
w1401_1410_h3m,14:01-14:10,3m,pool_L,2025Q1,570,3,3378.584210526316,100.0,-6.49344,1.7632616,8.256701,29.43066268979677,35.80189182854907,6.371229138752304,0.3046112166858435,0.0253235558801437
w1401_1410_h3m,14:01-14:10,3m,pool_L,2025Q2,600,3,3361.6916666666666,100.0,-6.291486,0.067411184,6.358897,18.260987066512044,20.75013300189896,2.4891459353869103,0.3303075995874499,0.0099606860561661
w1401_1410_h3m,14:01-14:10,3m,pool_L,2025Q3,660,3,3407.7727272727275,100.0,-6.3486505,-0.4770921,5.871558,31.00154948393099,37.63322855383046,6.631679069899475,0.2699539702988426,0.0235973945762256
w1401_1410_h3m,14:01-14:10,3m,pool_L,2025Q4,600,3,3407.4333333333334,100.0,-4.8949723,0.070359915,4.965332,5.071437760834404,4.691739980572068,-0.3796977802623354,0.2813203043664722,0.0028477856396491
w1401_1410_h5m,14:01-14:10,5m,universe,2022Q1,580,3,4356.2206896551725,100.0,-7.7880487,7.5452905,15.33334,-30.070229727842477,-47.97884101654763,-17.90861128870515,0.269165536359642,0.0069438613353856
w1401_1410_h5m,14:01-14:10,5m,universe,2022Q2,590,3,4398.466101694915,100.0,-11.541489,4.602373,16.143862,-10.639176940053858,-24.445111069426567,-13.805934129372703,0.2838434876018719,0.0421552680313309
w1401_1410_h5m,14:01-14:10,5m,universe,2022Q3,650,3,4493.236923076923,100.0,-7.358699,5.565166,12.923864,-25.246999391364923,-39.22357995652829,-13.976580565163363,0.2827874175352443,0.0117871040335004
w1401_1410_h5m,14:01-14:10,5m,universe,2022Q4,600,3,4602.676666666666,100.0,-9.861924,1.8541974,11.716123,11.558168416421754,-3.1100110526731566,-14.668179469094913,0.2860494968859189,0.0252604119740742
w1401_1410_h5m,14:01-14:10,5m,universe,2023Q1,590,3,4680.789830508475,100.0,-6.6010113,4.000119,10.6011305,11.22435127124546,10.093935825077962,-1.1304154461674962,0.2938735115048611,0.0315460712641747
w1401_1410_h5m,14:01-14:10,5m,universe,2023Q2,590,3,4714.847457627118,100.0,-7.1219974,4.564558,11.686556,-14.180753811546646,-20.51045114051618,-6.329697328969535,0.278150494829846,0.024421403493842
w1401_1410_h5m,14:01-14:10,5m,universe,2023Q3,640,3,4805.9796875,100.0,-6.3369064,4.4647875,10.801694,-16.46498009987156,-54.030377692255286,-37.56539759238372,0.292315622269262,0.0081098099280725
w1401_1410_h5m,14:01-14:10,5m,universe,2023Q4,600,3,4868.496666666667,100.0,-6.031433,4.8420186,10.873452,-4.792793849070279,-30.28852918874709,-25.495735339676816,0.2944217100036928,0.0212947312689032
w1401_1410_h5m,14:01-14:10,5m,universe,2024Q1,580,3,4918.191379310345,100.0,-6.026113,8.760689,14.786801,-21.103539504780382,-36.042850405596745,-14.93931090081636,0.2641666405226632,0.0086227358707553
w1401_1410_h5m,14:01-14:10,5m,universe,2024Q2,590,3,4850.406779661017,100.0,-11.099092,2.5807536,13.679845,-34.03605013164026,-55.92329721594094,-21.88724708430068,0.3070467664973674,0.0423034044688525
w1401_1410_h5m,14:01-14:10,5m,universe,2024Q3,640,3,4721.0,100.0,-11.130605,0.8064331,11.937037,29.39796090987121,7.4581235315597025,-21.93983737831151,0.325188286082518,-0.001180362729102
w1401_1410_h5m,14:01-14:10,5m,universe,2024Q4,610,3,4903.2213114754095,100.0,-11.225807,5.5338655,16.759672,-12.874964216528255,-66.78940459367148,-53.91444037714321,0.2790122448525304,0.021387486193545
w1401_1410_h5m,14:01-14:10,5m,universe,2025Q1,570,3,4917.108771929825,100.0,-5.993844,6.7288523,12.722696,18.68969888235042,-2.433658150492971,-21.123357032843398,0.2683334291856965,0.0378543158263293
w1401_1410_h5m,14:01-14:10,5m,universe,2025Q2,600,3,4914.605,100.0,-6.1755023,3.9084933,10.083996,10.317399350303871,-8.86820842044002,-19.18560777074389,0.2850044150136206,0.0184633181091413
w1401_1410_h5m,14:01-14:10,5m,universe,2025Q3,660,3,5005.819696969697,100.0,-6.782817,1.4376826,8.2205,22.25251162024897,3.874297548618437,-18.37821407163053,0.2425832139487123,0.0341589292402598
w1401_1410_h5m,14:01-14:10,5m,universe,2025Q4,600,3,4995.446666666667,100.0,-5.316693,1.6355108,6.952203,-1.562105486979522,-22.98047933457245,-21.41837384759293,0.2526434481218211,0.0124551953423967
w1401_1410_h5m,14:01-14:10,5m,pool_L,2022Q1,580,3,2951.044827586207,100.0,-7.45747,1.8789008,9.336371,-19.326648584116064,-14.568533502897171,4.758115081218893,0.2539578376237746,-0.0046833815506013
w1401_1410_h5m,14:01-14:10,5m,pool_L,2022Q2,590,3,2989.8169491525423,100.0,-11.184477,-0.7270405,10.457437,1.2148241893017675,6.829867051065364,5.615042861763596,0.2712710841156833,0.0326737293677246
w1401_1410_h5m,14:01-14:10,5m,pool_L,2022Q3,650,3,3062.653846153846,100.0,-6.9030595,1.9909197,8.893979,-16.845656627071037,-12.642920643563537,4.2027359835075,0.270413122445341,0.0076223951906707
w1401_1410_h5m,14:01-14:10,5m,pool_L,2022Q4,600,3,3151.04,100.0,-9.338604,-1.1174794,8.221125,19.915929475354627,19.32072896866209,-0.5952005066925308,0.2745959062806222,0.0184283419245398
w1401_1410_h5m,14:01-14:10,5m,pool_L,2023Q1,590,3,3206.2389830508478,100.0,-6.412169,1.2372686,7.6494374,17.154549165320084,22.837294998622497,5.68274583330241,0.2853787044619494,0.0253968070298029
w1401_1410_h5m,14:01-14:10,5m,pool_L,2023Q2,590,3,3237.442372881356,100.0,-6.85489,1.4531987,8.308088,-6.361120832394706,0.4375699774822256,6.798690809876931,0.2733041936259283,0.0178427829332175
w1401_1410_h5m,14:01-14:10,5m,pool_L,2023Q3,640,3,3314.4140625,100.0,-5.9688816,0.8487628,6.8176446,-9.108496583172435,-14.979671756797591,-5.871175173625154,0.2841772211278519,0.0003967404289425
w1401_1410_h5m,14:01-14:10,5m,pool_L,2023Q4,600,3,3364.95,100.0,-5.5422044,1.09977,6.6419744,1.0305825076183146,2.613188435824634,1.5826059282063192,0.2780686226737369,0.0096439629890244
w1401_1410_h5m,14:01-14:10,5m,pool_L,2024Q1,580,3,3393.4741379310344,100.0,-5.874301,3.505562,9.379863,-8.506171932513066,1.6343739314722714,10.140545863985338,0.2540823338860288,-0.0003272771459032
w1401_1410_h5m,14:01-14:10,5m,pool_L,2024Q2,590,3,3327.579661016949,100.0,-11.151738,-1.6146218,9.537117,-24.703466160762925,-19.4329784715676,5.270487689195326,0.3123022230745326,0.042622893766452
w1401_1410_h5m,14:01-14:10,5m,pool_L,2024Q3,640,3,3244.73125,100.0,-10.9499235,-2.1358783,8.814045,36.69739521059916,38.62210754774386,1.924712337144702,0.3240981803662616,-0.0119350020506339
w1401_1410_h5m,14:01-14:10,5m,pool_L,2024Q4,610,3,3379.070491803279,100.0,-10.93407,-0.55937177,10.374699,0.899621776707638,-8.715294224529574,-9.614916001237214,0.2727234929835325,0.0126748443005435
w1401_1410_h5m,14:01-14:10,5m,pool_L,2025Q1,570,3,3378.321052631579,100.0,-6.0110927,2.2463863,8.25748,29.426451692911385,36.48828677933449,7.061835086423102,0.2665717918336535,0.0273483452396112
w1401_1410_h5m,14:01-14:10,5m,pool_L,2025Q2,600,3,3364.498333333333,100.0,-5.970666,0.41353902,6.3842053,18.28788459298534,21.49223178536025,3.2043471923749145,0.2914339977265092,0.0127727408615244
w1401_1410_h5m,14:01-14:10,5m,pool_L,2025Q3,660,3,3409.440909090909,100.0,-6.557687,-1.5271695,5.030517,31.00885957280813,35.254644920350536,4.245785347542402,0.2304140654299923,0.0232061086150821
w1401_1410_h5m,14:01-14:10,5m,pool_L,2025Q4,600,3,3408.295,100.0,-4.9506764,0.07496434,5.025641,5.080213909443793,5.539189316964223,0.4589754075204308,0.2461986241843382,0.0025041766935619
