case,window,horizon,test_fold,epochs_trained,best_epoch,train_loss,validation_loss,train_rows,features,gpu,training_tensor_storage,training_preparation_seconds,training_storage_transfer_seconds,mean_epoch_seconds,config_sha256,source_revision,feature_input,label_input
w0931_0940_h1m,09:31-09:40,1m,2022-01,20,16,1.0445724568390002,1.048827125,28460161,350,NVIDIA A100 80GB PCIe,cuda_resident,182.40226762369275,3.720040889456868,10.430291106086225,b6416fd3e6ffe773aa9a9e8e0d1a89c6e76cd2bf457f02c06898113ab2106958,33951ac75a6fea72d9efa745e6e4696c517d730d,/mnt/output/opening_strength_fit/datasets/opening_0931_0940_features_350,/mnt/output/opening_strength_fit/datasets/opening_0931_0940_labels_h1m_v2
w0931_0940_h1m,09:31-09:40,1m,2022-07,15,11,1.0599890932738703,1.0735889453125,29678007,350,NVIDIA H100 PCIe,cuda_resident,223.67985170381144,4.51530486671254,7.493324716078738,b6416fd3e6ffe773aa9a9e8e0d1a89c6e76cd2bf457f02c06898113ab2106958,33951ac75a6fea72d9efa745e6e4696c517d730d,/mnt/output/opening_strength_fit/datasets/opening_0931_0940_features_350,/mnt/output/opening_strength_fit/datasets/opening_0931_0940_labels_h1m_v2
w0931_0940_h1m,09:31-09:40,1m,2023-01,22,18,1.0674014956033995,1.07486125,31086033,350,NVIDIA H100 PCIe,cuda_resident,237.67541378177702,4.749839134979993,7.917390833545307,b6416fd3e6ffe773aa9a9e8e0d1a89c6e76cd2bf457f02c06898113ab2106958,33951ac75a6fea72d9efa745e6e4696c517d730d,/mnt/output/opening_strength_fit/datasets/opening_0931_0940_features_350,/mnt/output/opening_strength_fit/datasets/opening_0931_0940_labels_h1m_v2
w0931_0940_h1m,09:31-09:40,1m,2023-07,17,13,1.0813110561977788,1.0930385234375,32495338,350,NVIDIA A100 80GB PCIe,cuda_resident,209.3348488751799,4.228015288710594,12.468712255029994,b6416fd3e6ffe773aa9a9e8e0d1a89c6e76cd2bf457f02c06898113ab2106958,33951ac75a6fea72d9efa745e6e4696c517d730d,/mnt/output/opening_strength_fit/datasets/opening_0931_0940_features_350,/mnt/output/opening_strength_fit/datasets/opening_0931_0940_labels_h1m_v2
w0931_0940_h1m,09:31-09:40,1m,2024-01,20,16,1.087467398626599,1.095610171875,33766250,350,NVIDIA A100 80GB PCIe,cuda_resident,214.03061598911881,4.283909197896719,13.00477657346055,b6416fd3e6ffe773aa9a9e8e0d1a89c6e76cd2bf457f02c06898113ab2106958,33951ac75a6fea72d9efa745e6e4696c517d730d,/mnt/output/opening_strength_fit/datasets/opening_0931_0940_features_350,/mnt/output/opening_strength_fit/datasets/opening_0931_0940_labels_h1m_v2
w0931_0940_h1m,09:31-09:40,1m,2024-07,17,13,1.0953681301576597,1.106012234375,34776925,350,NVIDIA H20,cuda_resident,251.88465390913188,4.852697821334004,8.996592114843866,b6416fd3e6ffe773aa9a9e8e0d1a89c6e76cd2bf457f02c06898113ab2106958,33951ac75a6fea72d9efa745e6e4696c517d730d,/mnt/output/opening_strength_fit/datasets/opening_0931_0940_features_350,/mnt/output/opening_strength_fit/datasets/opening_0931_0940_labels_h1m_v2
w0931_0940_h1m,09:31-09:40,1m,2025-01,17,13,1.0971804658667037,1.103144265625,35548142,350,NVIDIA H100 PCIe,cuda_resident,273.63375166617334,5.393540420103818,8.946498405818334,b6416fd3e6ffe773aa9a9e8e0d1a89c6e76cd2bf457f02c06898113ab2106958,33951ac75a6fea72d9efa745e6e4696c517d730d,/mnt/output/opening_strength_fit/datasets/opening_0931_0940_features_350,/mnt/output/opening_strength_fit/datasets/opening_0931_0940_labels_h1m_v2
w0931_0940_h1m,09:31-09:40,1m,2025-07,18,14,1.1005543356956402,1.120444359375,36119812,350,NVIDIA H20,cuda_resident,259.29229776002467,4.867564179003239,9.412667335424986,b6416fd3e6ffe773aa9a9e8e0d1a89c6e76cd2bf457f02c06898113ab2106958,33951ac75a6fea72d9efa745e6e4696c517d730d,/mnt/output/opening_strength_fit/datasets/opening_0931_0940_features_350,/mnt/output/opening_strength_fit/datasets/opening_0931_0940_labels_h1m_v2
w0931_0940_h3m,09:31-09:40,3m,2022-01,20,16,1.1149556621073724,1.135473953125,28429508,350,NVIDIA A100 80GB PCIe,cuda_resident,180.82129553332925,3.5938100665807724,10.406659082695842,b6416fd3e6ffe773aa9a9e8e0d1a89c6e76cd2bf457f02c06898113ab2106958,33951ac75a6fea72d9efa745e6e4696c517d730d,/mnt/output/opening_strength_fit/datasets/opening_0931_0940_features_350,/mnt/output/opening_strength_fit/datasets/opening_0931_0940_labels_h3m_v2
w0931_0940_h3m,09:31-09:40,3m,2022-07,23,19,1.120085011549817,1.158845109375,29645636,350,NVIDIA H100 PCIe,cuda_resident,226.3346377252601,4.668143107090145,7.508158123323127,b6416fd3e6ffe773aa9a9e8e0d1a89c6e76cd2bf457f02c06898113ab2106958,33951ac75a6fea72d9efa745e6e4696c517d730d,/mnt/output/opening_strength_fit/datasets/opening_0931_0940_features_350,/mnt/output/opening_strength_fit/datasets/opening_0931_0940_labels_h3m_v2
w0931_0940_h3m,09:31-09:40,3m,2023-01,17,13,1.1385475781312233,1.14964578125,31056994,350,NVIDIA H100 PCIe,cuda_resident,241.60082764504477,4.736856956034899,7.832624286440584,b6416fd3e6ffe773aa9a9e8e0d1a89c6e76cd2bf457f02c06898113ab2106958,33951ac75a6fea72d9efa745e6e4696c517d730d,/mnt/output/opening_strength_fit/datasets/opening_0931_0940_features_350,/mnt/output/opening_strength_fit/datasets/opening_0931_0940_labels_h3m_v2
w0931_0940_h3m,09:31-09:40,3m,2023-07,18,14,1.143755366546031,1.15462296875,32466314,350,NVIDIA A100 80GB PCIe,cuda_resident,205.25278627499938,4.040397934615612,12.407464530525935,b6416fd3e6ffe773aa9a9e8e0d1a89c6e76cd2bf457f02c06898113ab2106958,33951ac75a6fea72d9efa745e6e4696c517d730d,/mnt/output/opening_strength_fit/datasets/opening_0931_0940_features_350,/mnt/output/opening_strength_fit/datasets/opening_0931_0940_labels_h3m_v2
w0931_0940_h3m,09:31-09:40,3m,2024-01,15,11,1.1529667406214237,1.1645369375,33737732,350,NVIDIA H20,cuda_resident,253.74516107141972,4.857690915465355,8.644192686676979,b6416fd3e6ffe773aa9a9e8e0d1a89c6e76cd2bf457f02c06898113ab2106958,33951ac75a6fea72d9efa745e6e4696c517d730d,/mnt/output/opening_strength_fit/datasets/opening_0931_0940_features_350,/mnt/output/opening_strength_fit/datasets/opening_0931_0940_labels_h3m_v2
w0931_0940_h3m,09:31-09:40,3m,2024-07,22,18,1.1470859637078195,1.1739950703125,34749484,350,NVIDIA H100 PCIe,cuda_resident,277.1216535256244,5.4229714488610625,8.739685892233286,b6416fd3e6ffe773aa9a9e8e0d1a89c6e76cd2bf457f02c06898113ab2106958,33951ac75a6fea72d9efa745e6e4696c517d730d,/mnt/output/opening_strength_fit/datasets/opening_0931_0940_features_350,/mnt/output/opening_strength_fit/datasets/opening_0931_0940_labels_h3m_v2
w0931_0940_h3m,09:31-09:40,3m,2025-01,14,10,1.156388754269126,1.1709770546875,35520832,350,NVIDIA A100 80GB PCIe,cuda_resident,234.7200528718531,4.661614751443267,13.589064033968109,b6416fd3e6ffe773aa9a9e8e0d1a89c6e76cd2bf457f02c06898113ab2106958,33951ac75a6fea72d9efa745e6e4696c517d730d,/mnt/output/opening_strength_fit/datasets/opening_0931_0940_features_350,/mnt/output/opening_strength_fit/datasets/opening_0931_0940_labels_h3m_v2
w0931_0940_h3m,09:31-09:40,3m,2025-07,20,16,1.1510185175472476,1.161520203125,36094596,350,NVIDIA H20,cuda_resident,260.0113128349185,4.830188339576125,9.187560026720167,b6416fd3e6ffe773aa9a9e8e0d1a89c6e76cd2bf457f02c06898113ab2106958,33951ac75a6fea72d9efa745e6e4696c517d730d,/mnt/output/opening_strength_fit/datasets/opening_0931_0940_features_350,/mnt/output/opening_strength_fit/datasets/opening_0931_0940_labels_h3m_v2
w0931_0940_h5m,09:31-09:40,5m,2022-01,30,27,1.1344047179337888,1.14638675,28400134,350,NVIDIA H100 PCIe,cuda_resident,220.78401042800397,4.371382168028504,7.1704722340063505,b6416fd3e6ffe773aa9a9e8e0d1a89c6e76cd2bf457f02c06898113ab2106958,33951ac75a6fea72d9efa745e6e4696c517d730d,/mnt/output/opening_strength_fit/datasets/opening_0931_0940_features_350,/mnt/output/opening_strength_fit/datasets/opening_0931_0940_labels_h5m_v2
w0931_0940_h5m,09:31-09:40,5m,2022-07,25,21,1.1492457232773736,1.151815796875,29615667,350,NVIDIA H100 PCIe,cuda_resident,230.3431528727524,4.5330683048814535,7.428059548977762,b6416fd3e6ffe773aa9a9e8e0d1a89c6e76cd2bf457f02c06898113ab2106958,33951ac75a6fea72d9efa745e6e4696c517d730d,/mnt/output/opening_strength_fit/datasets/opening_0931_0940_features_350,/mnt/output/opening_strength_fit/datasets/opening_0931_0940_labels_h5m_v2
w0931_0940_h5m,09:31-09:40,5m,2023-01,25,21,1.1604516678489984,1.16930096875,31028339,350,NVIDIA A100 80GB PCIe,cuda_resident,195.21255351230502,4.089272724464536,11.924195607751608,b6416fd3e6ffe773aa9a9e8e0d1a89c6e76cd2bf457f02c06898113ab2106958,33951ac75a6fea72d9efa745e6e4696c517d730d,/mnt/output/opening_strength_fit/datasets/opening_0931_0940_features_350,/mnt/output/opening_strength_fit/datasets/opening_0931_0940_labels_h5m_v2
w0931_0940_h5m,09:31-09:40,5m,2023-07,18,14,1.1730369573061867,1.181680765625,32437127,350,NVIDIA A100 80GB PCIe,cuda_resident,144.63509718491696,3.0739072300493717,12.972493048045887,b6416fd3e6ffe773aa9a9e8e0d1a89c6e76cd2bf457f02c06898113ab2106958,33951ac75a6fea72d9efa745e6e4696c517d730d,/mnt/output/opening_strength_fit/datasets/opening_0931_0940_features_350,/mnt/output/opening_strength_fit/datasets/opening_0931_0940_labels_h5m_v2
w0931_0940_h5m,09:31-09:40,5m,2024-01,20,16,1.175372202927704,1.18731,33708468,350,NVIDIA A100 80GB PCIe,cuda_resident,213.3473170120269,4.149524241685867,12.425573713425546,b6416fd3e6ffe773aa9a9e8e0d1a89c6e76cd2bf457f02c06898113ab2106958,33951ac75a6fea72d9efa745e6e4696c517d730d,/mnt/output/opening_strength_fit/datasets/opening_0931_0940_features_350,/mnt/output/opening_strength_fit/datasets/opening_0931_0940_labels_h5m_v2
w0931_0940_h5m,09:31-09:40,5m,2024-07,23,19,1.174227108429043,1.17613875,34722119,350,NVIDIA A100 80GB PCIe,cuda_resident,231.91910711675882,4.391442744061351,13.212382274963286,b6416fd3e6ffe773aa9a9e8e0d1a89c6e76cd2bf457f02c06898113ab2106958,33951ac75a6fea72d9efa745e6e4696c517d730d,/mnt/output/opening_strength_fit/datasets/opening_0931_0940_features_350,/mnt/output/opening_strength_fit/datasets/opening_0931_0940_labels_h5m_v2
w0931_0940_h5m,09:31-09:40,5m,2025-01,17,13,1.178847242582027,1.194275171875,35498680,350,NVIDIA A100 80GB PCIe,cuda_resident,163.77150849997997,2.802443546941504,13.794428720371798,b6416fd3e6ffe773aa9a9e8e0d1a89c6e76cd2bf457f02c06898113ab2106958,33951ac75a6fea72d9efa745e6e4696c517d730d,/mnt/output/opening_strength_fit/datasets/opening_0931_0940_features_350,/mnt/output/opening_strength_fit/datasets/opening_0931_0940_labels_h5m_v2
w0931_0940_h5m,09:31-09:40,5m,2025-07,18,14,1.1777182304977496,1.184053484375,36074526,350,NVIDIA A100 80GB PCIe,cuda_resident,166.04385889181867,2.8087919240351766,13.972905669581248,b6416fd3e6ffe773aa9a9e8e0d1a89c6e76cd2bf457f02c06898113ab2106958,33951ac75a6fea72d9efa745e6e4696c517d730d,/mnt/output/opening_strength_fit/datasets/opening_0931_0940_features_350,/mnt/output/opening_strength_fit/datasets/opening_0931_0940_labels_h5m_v2
w0931_0940_h10m,09:31-09:40,10m,2022-01,30,29,1.1768013781062805,1.1833025234375,28332894,350,NVIDIA H20,cuda_resident,207.7246120106429,4.061037993058562,7.1761420996238785,b6416fd3e6ffe773aa9a9e8e0d1a89c6e76cd2bf457f02c06898113ab2106958,33951ac75a6fea72d9efa745e6e4696c517d730d,/mnt/output/opening_strength_fit/datasets/opening_0931_0940_features_350,/mnt/output/opening_strength_fit/datasets/opening_0931_0940_labels_h10m_v1
w0931_0940_h10m,09:31-09:40,10m,2022-07,30,30,1.185880842385918,1.2091551015625,29545469,350,NVIDIA A100 80GB PCIe,cuda_resident,187.2795288786292,3.834138460457325,11.298027133072416,b6416fd3e6ffe773aa9a9e8e0d1a89c6e76cd2bf457f02c06898113ab2106958,33951ac75a6fea72d9efa745e6e4696c517d730d,/mnt/output/opening_strength_fit/datasets/opening_0931_0940_features_350,/mnt/output/opening_strength_fit/datasets/opening_0931_0940_labels_h10m_v1
w0931_0940_h10m,09:31-09:40,10m,2023-01,30,29,1.1959677360596814,1.21624521875,30960137,350,NVIDIA H20,cuda_resident,217.8591366522014,4.234472053125501,7.862059201300144,b6416fd3e6ffe773aa9a9e8e0d1a89c6e76cd2bf457f02c06898113ab2106958,33951ac75a6fea72d9efa745e6e4696c517d730d,/mnt/output/opening_strength_fit/datasets/opening_0931_0940_features_350,/mnt/output/opening_strength_fit/datasets/opening_0931_0940_labels_h10m_v1
w0931_0940_h10m,09:31-09:40,10m,2023-07,30,29,1.2007648727772349,1.2325656171875,32365798,350,NVIDIA A100 80GB PCIe,cuda_resident,208.90328207798302,4.1925613060593605,12.311860958362619,b6416fd3e6ffe773aa9a9e8e0d1a89c6e76cd2bf457f02c06898113ab2106958,33951ac75a6fea72d9efa745e6e4696c517d730d,/mnt/output/opening_strength_fit/datasets/opening_0931_0940_features_350,/mnt/output/opening_strength_fit/datasets/opening_0931_0940_labels_h10m_v1
w0931_0940_h10m,09:31-09:40,10m,2024-01,30,29,1.2026669427451575,1.21754209375,33635735,350,NVIDIA A100 80GB PCIe,cuda_resident,220.61985090002418,4.380592314526439,12.887406208304068,b6416fd3e6ffe773aa9a9e8e0d1a89c6e76cd2bf457f02c06898113ab2106958,33951ac75a6fea72d9efa745e6e4696c517d730d,/mnt/output/opening_strength_fit/datasets/opening_0931_0940_features_350,/mnt/output/opening_strength_fit/datasets/opening_0931_0940_labels_h10m_v1
w0931_0940_h10m,09:31-09:40,10m,2024-07,30,26,1.2025677531960013,1.22612875,34652676,350,NVIDIA A100 80GB PCIe,cuda_resident,234.10340748168528,4.653065236285329,12.872077342060704,b6416fd3e6ffe773aa9a9e8e0d1a89c6e76cd2bf457f02c06898113ab2106958,33951ac75a6fea72d9efa745e6e4696c517d730d,/mnt/output/opening_strength_fit/datasets/opening_0931_0940_features_350,/mnt/output/opening_strength_fit/datasets/opening_0931_0940_labels_h10m_v1
w0931_0940_h10m,09:31-09:40,10m,2025-01,23,19,1.2083501328041277,1.212860265625,35433865,350,NVIDIA A100 80GB PCIe,cuda_resident,219.72086263261735,4.39130281470716,13.291413055489892,b6416fd3e6ffe773aa9a9e8e0d1a89c6e76cd2bf457f02c06898113ab2106958,33951ac75a6fea72d9efa745e6e4696c517d730d,/mnt/output/opening_strength_fit/datasets/opening_0931_0940_features_350,/mnt/output/opening_strength_fit/datasets/opening_0931_0940_labels_h10m_v1
w0931_0940_h10m,09:31-09:40,10m,2025-07,30,27,1.197697074348619,1.215375859375,36014215,350,NVIDIA A100 80GB PCIe,cuda_resident,240.01033868081868,4.66460289247334,13.472209128427009,b6416fd3e6ffe773aa9a9e8e0d1a89c6e76cd2bf457f02c06898113ab2106958,33951ac75a6fea72d9efa745e6e4696c517d730d,/mnt/output/opening_strength_fit/datasets/opening_0931_0940_features_350,/mnt/output/opening_strength_fit/datasets/opening_0931_0940_labels_h10m_v1
w0931_0940_h1h,09:31-09:40,1h,2022-01,30,30,1.293630834551825,1.2843298046875,27494576,350,NVIDIA A100 80GB PCIe,cuda_resident,177.85866470076144,3.581091206520796,10.454778317486246,b6416fd3e6ffe773aa9a9e8e0d1a89c6e76cd2bf457f02c06898113ab2106958,33951ac75a6fea72d9efa745e6e4696c517d730d,/mnt/output/opening_strength_fit/datasets/opening_0931_0940_features_350,/mnt/output/opening_strength_fit/datasets/opening_0931_0940_labels_h1h_v1
w0931_0940_h1h,09:31-09:40,1h,2022-07,30,30,1.3028366065616666,1.303707125,28643835,350,NVIDIA A100 80GB PCIe,cuda_resident,186.9629117846489,3.7594508230686188,10.926483346956472,b6416fd3e6ffe773aa9a9e8e0d1a89c6e76cd2bf457f02c06898113ab2106958,33951ac75a6fea72d9efa745e6e4696c517d730d,/mnt/output/opening_strength_fit/datasets/opening_0931_0940_features_350,/mnt/output/opening_strength_fit/datasets/opening_0931_0940_labels_h1h_v1
w0931_0940_h1h,09:31-09:40,1h,2023-01,30,30,1.3116071103985265,1.315132125,30087100,350,NVIDIA A100 80GB PCIe,cuda_resident,194.69718006625772,3.8807431533932686,11.164185452771683,b6416fd3e6ffe773aa9a9e8e0d1a89c6e76cd2bf457f02c06898113ab2106958,33951ac75a6fea72d9efa745e6e4696c517d730d,/mnt/output/opening_strength_fit/datasets/opening_0931_0940_features_350,/mnt/output/opening_strength_fit/datasets/opening_0931_0940_labels_h1h_v1
w0931_0940_h1h,09:31-09:40,1h,2023-07,30,30,1.3161467752982454,1.328060828125,31483747,350,NVIDIA H20,cuda_resident,233.05894103692845,4.7971677030436695,7.8618288454211624,b6416fd3e6ffe773aa9a9e8e0d1a89c6e76cd2bf457f02c06898113ab2106958,33951ac75a6fea72d9efa745e6e4696c517d730d,/mnt/output/opening_strength_fit/datasets/opening_0931_0940_features_350,/mnt/output/opening_strength_fit/datasets/opening_0931_0940_labels_h1h_v1
w0931_0940_h1h,09:31-09:40,1h,2024-01,30,30,1.3155312375024037,1.3144500078125,32739998,350,NVIDIA H20,cuda_resident,259.40235624695197,5.207164257997647,8.184939681078928,b6416fd3e6ffe773aa9a9e8e0d1a89c6e76cd2bf457f02c06898113ab2106958,33951ac75a6fea72d9efa745e6e4696c517d730d,/mnt/output/opening_strength_fit/datasets/opening_0931_0940_features_350,/mnt/output/opening_strength_fit/datasets/opening_0931_0940_labels_h1h_v1
w0931_0940_h1h,09:31-09:40,1h,2024-07,30,30,1.311007047806077,1.3228868125,33812969,350,NVIDIA A100 80GB PCIe,cuda_resident,215.48310977220535,4.326358078047633,12.546636100920539,b6416fd3e6ffe773aa9a9e8e0d1a89c6e76cd2bf457f02c06898113ab2106958,33951ac75a6fea72d9efa745e6e4696c517d730d,/mnt/output/opening_strength_fit/datasets/opening_0931_0940_features_350,/mnt/output/opening_strength_fit/datasets/opening_0931_0940_labels_h1h_v1
w0931_0940_h1h,09:31-09:40,1h,2025-01,30,30,1.3040545746679155,1.310639546875,34563226,350,NVIDIA A100 80GB PCIe,cuda_resident,227.65028540231287,4.487642508000135,13.189867589995265,b6416fd3e6ffe773aa9a9e8e0d1a89c6e76cd2bf457f02c06898113ab2106958,33951ac75a6fea72d9efa745e6e4696c517d730d,/mnt/output/opening_strength_fit/datasets/opening_0931_0940_features_350,/mnt/output/opening_strength_fit/datasets/opening_0931_0940_labels_h1h_v1
w0931_0940_h1h,09:31-09:40,1h,2025-07,30,30,1.3011505461550836,1.293838609375,35196879,350,NVIDIA H20,cuda_resident,273.65625779889524,5.344704027054831,8.773199427414996,b6416fd3e6ffe773aa9a9e8e0d1a89c6e76cd2bf457f02c06898113ab2106958,33951ac75a6fea72d9efa745e6e4696c517d730d,/mnt/output/opening_strength_fit/datasets/opening_0931_0940_features_350,/mnt/output/opening_strength_fit/datasets/opening_0931_0940_labels_h1h_v1
w0931_0940_hclose,09:31-09:40,close,2022-01,30,30,1.384464035484087,1.38919315625,28716556,350,NVIDIA A100 80GB PCIe,cuda_resident,180.44819819927216,3.707035358995199,10.99623746437331,b6416fd3e6ffe773aa9a9e8e0d1a89c6e76cd2bf457f02c06898113ab2106958,33951ac75a6fea72d9efa745e6e4696c517d730d,/mnt/output/opening_strength_fit/datasets/opening_0931_0940_features_350,/mnt/output/opening_strength_fit/datasets/opening_0931_0940_labels_hclose_v1
w0931_0940_hclose,09:31-09:40,close,2022-07,30,30,1.3916352933751381,1.3905660390625,29947355,350,NVIDIA A100 80GB PCIe,cuda_resident,191.18299862928689,3.8883976247161627,11.115599711673955,b6416fd3e6ffe773aa9a9e8e0d1a89c6e76cd2bf457f02c06898113ab2106958,33951ac75a6fea72d9efa745e6e4696c517d730d,/mnt/output/opening_strength_fit/datasets/opening_0931_0940_features_350,/mnt/output/opening_strength_fit/datasets/opening_0931_0940_labels_hclose_v1
w0931_0940_hclose,09:31-09:40,close,2023-01,30,30,1.3980549991056515,1.4139819375,31331979,350,NVIDIA A100 80GB PCIe,cuda_resident,199.07287514582276,4.082538031041622,12.163416119851172,b6416fd3e6ffe773aa9a9e8e0d1a89c6e76cd2bf457f02c06898113ab2106958,33951ac75a6fea72d9efa745e6e4696c517d730d,/mnt/output/opening_strength_fit/datasets/opening_0931_0940_features_350,/mnt/output/opening_strength_fit/datasets/opening_0931_0940_labels_hclose_v1
w0931_0940_hclose,09:31-09:40,close,2023-07,30,30,1.4003880696565245,1.4117522265625,32743950,350,NVIDIA A100 80GB PCIe,cuda_resident,215.96368959732354,4.569484354928136,12.371077778128287,b6416fd3e6ffe773aa9a9e8e0d1a89c6e76cd2bf457f02c06898113ab2106958,33951ac75a6fea72d9efa745e6e4696c517d730d,/mnt/output/opening_strength_fit/datasets/opening_0931_0940_features_350,/mnt/output/opening_strength_fit/datasets/opening_0931_0940_labels_hclose_v1
w0931_0940_hclose,09:31-09:40,close,2024-01,30,30,1.3980018236219804,1.435211265625,33996800,350,NVIDIA H20,cuda_resident,268.001759350067,5.015098110074177,8.797727816466553,b6416fd3e6ffe773aa9a9e8e0d1a89c6e76cd2bf457f02c06898113ab2106958,33951ac75a6fea72d9efa745e6e4696c517d730d,/mnt/output/opening_strength_fit/datasets/opening_0931_0940_features_350,/mnt/output/opening_strength_fit/datasets/opening_0931_0940_labels_hclose_v1
w0931_0940_hclose,09:31-09:40,close,2024-07,30,30,1.3943011147374356,1.4031860859375,34981256,350,NVIDIA A100 80GB PCIe,cuda_resident,231.13805657066405,4.4900933764874935,13.079589322333534,b6416fd3e6ffe773aa9a9e8e0d1a89c6e76cd2bf457f02c06898113ab2106958,33951ac75a6fea72d9efa745e6e4696c517d730d,/mnt/output/opening_strength_fit/datasets/opening_0931_0940_features_350,/mnt/output/opening_strength_fit/datasets/opening_0931_0940_labels_hclose_v1
w0931_0940_hclose,09:31-09:40,close,2025-01,30,29,1.3873831974482058,1.3848355625,35734583,350,NVIDIA H20,cuda_resident,278.65872910106555,5.484434252139181,9.151514544532013,b6416fd3e6ffe773aa9a9e8e0d1a89c6e76cd2bf457f02c06898113ab2106958,33951ac75a6fea72d9efa745e6e4696c517d730d,/mnt/output/opening_strength_fit/datasets/opening_0931_0940_features_350,/mnt/output/opening_strength_fit/datasets/opening_0931_0940_labels_hclose_v1
w0931_0940_hclose,09:31-09:40,close,2025-07,30,30,1.3828590607934281,1.403419703125,36277453,350,NVIDIA H20,cuda_resident,280.4077733219601,5.5630575539544225,9.30287793565076,b6416fd3e6ffe773aa9a9e8e0d1a89c6e76cd2bf457f02c06898113ab2106958,33951ac75a6fea72d9efa745e6e4696c517d730d,/mnt/output/opening_strength_fit/datasets/opening_0931_0940_features_350,/mnt/output/opening_strength_fit/datasets/opening_0931_0940_labels_hclose_v1
w1001_1010_h1m,10:01-10:10,1m,2022-01,19,15,0.9752908495002859,0.9850176484375,27896457,350,NVIDIA H20,cuda_resident,211.85657719499432,4.316640853881836,6.948575141006394,b6416fd3e6ffe773aa9a9e8e0d1a89c6e76cd2bf457f02c06898113ab2106958,33951ac75a6fea72d9efa745e6e4696c517d730d,/mnt/output/opening_strength_fit/datasets/opening_1001_1010_features_350,/mnt/output/opening_strength_fit/datasets/opening_1001_1010_labels_h1m_v2
w1001_1010_h1m,10:01-10:10,1m,2022-07,20,16,0.9776590285150729,0.984094359375,29084281,350,NVIDIA H20,cuda_resident,221.37919487897307,4.467049714876339,7.202054483524989,b6416fd3e6ffe773aa9a9e8e0d1a89c6e76cd2bf457f02c06898113ab2106958,33951ac75a6fea72d9efa745e6e4696c517d730d,/mnt/output/opening_strength_fit/datasets/opening_1001_1010_features_350,/mnt/output/opening_strength_fit/datasets/opening_1001_1010_labels_h1m_v2
w1001_1010_h1m,10:01-10:10,1m,2023-01,13,9,1.0032663480799262,0.9979846640625,30506564,350,NVIDIA H20,cuda_resident,234.70200582500547,4.605422436958179,7.721361295481284,b6416fd3e6ffe773aa9a9e8e0d1a89c6e76cd2bf457f02c06898113ab2106958,33951ac75a6fea72d9efa745e6e4696c517d730d,/mnt/output/opening_strength_fit/datasets/opening_1001_1010_features_350,/mnt/output/opening_strength_fit/datasets/opening_1001_1010_labels_h1m_v2
w1001_1010_h1m,10:01-10:10,1m,2023-07,23,19,0.9989996031555347,1.0164344296875,31923618,350,NVIDIA A100 80GB PCIe,cuda_resident,211.1569431759417,4.160843662917614,12.245973362465916,b6416fd3e6ffe773aa9a9e8e0d1a89c6e76cd2bf457f02c06898113ab2106958,33951ac75a6fea72d9efa745e6e4696c517d730d,/mnt/output/opening_strength_fit/datasets/opening_1001_1010_features_350,/mnt/output/opening_strength_fit/datasets/opening_1001_1010_labels_h1m_v2
w1001_1010_h1m,10:01-10:10,1m,2024-01,21,17,1.0100177366708094,1.0423566484375,33200219,350,NVIDIA A100 80GB PCIe,cuda_resident,233.30368609167635,4.07578088529408,12.610809360054278,b6416fd3e6ffe773aa9a9e8e0d1a89c6e76cd2bf457f02c06898113ab2106958,33951ac75a6fea72d9efa745e6e4696c517d730d,/mnt/output/opening_strength_fit/datasets/opening_1001_1010_features_350,/mnt/output/opening_strength_fit/datasets/opening_1001_1010_labels_h1m_v2
w1001_1010_h1m,10:01-10:10,1m,2024-07,12,8,1.0215757006155115,1.0319317109375,34255126,350,NVIDIA A100 80GB PCIe,cuda_resident,220.70951667055488,4.263314057141542,13.055149780741582,b6416fd3e6ffe773aa9a9e8e0d1a89c6e76cd2bf457f02c06898113ab2106958,33951ac75a6fea72d9efa745e6e4696c517d730d,/mnt/output/opening_strength_fit/datasets/opening_1001_1010_features_350,/mnt/output/opening_strength_fit/datasets/opening_1001_1010_labels_h1m_v2
w1001_1010_h1m,10:01-10:10,1m,2025-01,17,13,1.0114069236923293,1.0205980078125,35042287,350,NVIDIA A100 80GB PCIe,cuda_resident,223.26684866845608,4.535282650962472,12.93814302717938,b6416fd3e6ffe773aa9a9e8e0d1a89c6e76cd2bf457f02c06898113ab2106958,33951ac75a6fea72d9efa745e6e4696c517d730d,/mnt/output/opening_strength_fit/datasets/opening_1001_1010_features_350,/mnt/output/opening_strength_fit/datasets/opening_1001_1010_labels_h1m_v2
w1001_1010_h1m,10:01-10:10,1m,2025-07,14,10,1.0177124103103432,0.999181109375,35641013,350,NVIDIA A100 80GB PCIe,cuda_resident,234.69115990772843,4.646869687363505,13.134958124187376,b6416fd3e6ffe773aa9a9e8e0d1a89c6e76cd2bf457f02c06898113ab2106958,33951ac75a6fea72d9efa745e6e4696c517d730d,/mnt/output/opening_strength_fit/datasets/opening_1001_1010_features_350,/mnt/output/opening_strength_fit/datasets/opening_1001_1010_labels_h1m_v2
w1001_1010_h3m,10:01-10:10,3m,2022-01,20,16,1.056377032241017,1.0696287109375,27857054,350,NVIDIA A100 80GB PCIe,cuda_resident,179.96903060935438,3.5809671375900507,10.218441782705487,b6416fd3e6ffe773aa9a9e8e0d1a89c6e76cd2bf457f02c06898113ab2106958,33951ac75a6fea72d9efa745e6e4696c517d730d,/mnt/output/opening_strength_fit/datasets/opening_1001_1010_features_350,/mnt/output/opening_strength_fit/datasets/opening_1001_1010_labels_h3m_v2
w1001_1010_h3m,10:01-10:10,3m,2022-07,19,15,1.0611903279851789,1.0605029375,29039020,350,NVIDIA H20,cuda_resident,234.02011271798983,4.587562429020181,7.22285747279315,b6416fd3e6ffe773aa9a9e8e0d1a89c6e76cd2bf457f02c06898113ab2106958,33951ac75a6fea72d9efa745e6e4696c517d730d,/mnt/output/opening_strength_fit/datasets/opening_1001_1010_features_350,/mnt/output/opening_strength_fit/datasets/opening_1001_1010_labels_h3m_v2
w1001_1010_h3m,10:01-10:10,3m,2023-01,14,10,1.0786936925708444,1.07809628125,30462404,350,NVIDIA H20,cuda_resident,233.74782830406912,4.773114328971133,7.690238686577816,b6416fd3e6ffe773aa9a9e8e0d1a89c6e76cd2bf457f02c06898113ab2106958,33951ac75a6fea72d9efa745e6e4696c517d730d,/mnt/output/opening_strength_fit/datasets/opening_1001_1010_features_350,/mnt/output/opening_strength_fit/datasets/opening_1001_1010_labels_h3m_v2
w1001_1010_h3m,10:01-10:10,3m,2023-07,23,19,1.073967401755744,1.08482296875,31879330,350,NVIDIA A100 80GB PCIe,cuda_resident,201.40797056630254,4.1429815627634525,12.242634561074818,b6416fd3e6ffe773aa9a9e8e0d1a89c6e76cd2bf457f02c06898113ab2106958,33951ac75a6fea72d9efa745e6e4696c517d730d,/mnt/output/opening_strength_fit/datasets/opening_1001_1010_features_350,/mnt/output/opening_strength_fit/datasets/opening_1001_1010_labels_h3m_v2
w1001_1010_h3m,10:01-10:10,3m,2024-01,25,21,1.0771639559756003,1.096970375,33155460,350,NVIDIA H20,cuda_resident,257.7195713648107,5.062317220959812,8.37750980451703,b6416fd3e6ffe773aa9a9e8e0d1a89c6e76cd2bf457f02c06898113ab2106958,33951ac75a6fea72d9efa745e6e4696c517d730d,/mnt/output/opening_strength_fit/datasets/opening_1001_1010_features_350,/mnt/output/opening_strength_fit/datasets/opening_1001_1010_labels_h3m_v2
w1001_1010_h3m,10:01-10:10,3m,2024-07,19,15,1.0832666477786799,1.09807340625,34212863,350,NVIDIA A100 80GB PCIe,cuda_resident,224.24323342740536,4.4707305412739515,13.06513001397252,b6416fd3e6ffe773aa9a9e8e0d1a89c6e76cd2bf457f02c06898113ab2106958,33951ac75a6fea72d9efa745e6e4696c517d730d,/mnt/output/opening_strength_fit/datasets/opening_1001_1010_features_350,/mnt/output/opening_strength_fit/datasets/opening_1001_1010_labels_h3m_v2
w1001_1010_h3m,10:01-10:10,3m,2025-01,16,12,1.0840705852757235,1.101833015625,35001105,350,NVIDIA H20,cuda_resident,275.99195435410365,5.469834223855287,8.90744853868091,b6416fd3e6ffe773aa9a9e8e0d1a89c6e76cd2bf457f02c06898113ab2106958,33951ac75a6fea72d9efa745e6e4696c517d730d,/mnt/output/opening_strength_fit/datasets/opening_1001_1010_features_350,/mnt/output/opening_strength_fit/datasets/opening_1001_1010_labels_h3m_v2
w1001_1010_h3m,10:01-10:10,3m,2025-07,19,15,1.0808083182871597,1.0868854921875,35604573,350,NVIDIA H20,cuda_resident,250.0294680679217,4.999899827875197,8.994476509586859,b6416fd3e6ffe773aa9a9e8e0d1a89c6e76cd2bf457f02c06898113ab2106958,33951ac75a6fea72d9efa745e6e4696c517d730d,/mnt/output/opening_strength_fit/datasets/opening_1001_1010_features_350,/mnt/output/opening_strength_fit/datasets/opening_1001_1010_labels_h3m_v2
w1001_1010_h5m,10:01-10:10,5m,2022-01,25,21,1.0849064042467194,1.09452778125,27817594,350,NVIDIA H20,cuda_resident,212.527229485102,4.2836613999679685,7.2016002817731355,b6416fd3e6ffe773aa9a9e8e0d1a89c6e76cd2bf457f02c06898113ab2106958,33951ac75a6fea72d9efa745e6e4696c517d730d,/mnt/output/opening_strength_fit/datasets/opening_1001_1010_features_350,/mnt/output/opening_strength_fit/datasets/opening_1001_1010_labels_h5m_v2
w1001_1010_h5m,10:01-10:10,5m,2022-07,25,21,1.0879263261844934,1.09034834375,28996639,350,NVIDIA A100 80GB PCIe,cuda_resident,186.13730769976974,3.750587109476328,10.99577361613512,b6416fd3e6ffe773aa9a9e8e0d1a89c6e76cd2bf457f02c06898113ab2106958,33951ac75a6fea72d9efa745e6e4696c517d730d,/mnt/output/opening_strength_fit/datasets/opening_1001_1010_features_350,/mnt/output/opening_strength_fit/datasets/opening_1001_1010_labels_h5m_v2
w1001_1010_h5m,10:01-10:10,5m,2023-01,15,11,1.1087789986658407,1.130301765625,30423872,350,NVIDIA A100 80GB PCIe,cuda_resident,196.60236445628107,3.963947528973222,11.179538916920622,b6416fd3e6ffe773aa9a9e8e0d1a89c6e76cd2bf457f02c06898113ab2106958,33951ac75a6fea72d9efa745e6e4696c517d730d,/mnt/output/opening_strength_fit/datasets/opening_1001_1010_features_350,/mnt/output/opening_strength_fit/datasets/opening_1001_1010_labels_h5m_v2
w1001_1010_h5m,10:01-10:10,5m,2023-07,21,17,1.1069160398106994,1.1174450703125,31842468,350,NVIDIA H20,cuda_resident,233.77559195295908,4.607464167987928,8.042133000601703,b6416fd3e6ffe773aa9a9e8e0d1a89c6e76cd2bf457f02c06898113ab2106958,33951ac75a6fea72d9efa745e6e4696c517d730d,/mnt/output/opening_strength_fit/datasets/opening_1001_1010_features_350,/mnt/output/opening_strength_fit/datasets/opening_1001_1010_labels_h5m_v2
w1001_1010_h5m,10:01-10:10,5m,2024-01,12,8,1.1219472762336862,1.1320681875,33117929,350,NVIDIA H20,cuda_resident,239.2597201128956,4.733842394081876,8.472245178748077,b6416fd3e6ffe773aa9a9e8e0d1a89c6e76cd2bf457f02c06898113ab2106958,33951ac75a6fea72d9efa745e6e4696c517d730d,/mnt/output/opening_strength_fit/datasets/opening_1001_1010_features_350,/mnt/output/opening_strength_fit/datasets/opening_1001_1010_labels_h5m_v2
w1001_1010_h5m,10:01-10:10,5m,2024-07,18,14,1.1131687725154789,1.134367578125,34177146,350,NVIDIA H20,cuda_resident,242.2583086430095,4.7555129998363554,8.745248477711963,b6416fd3e6ffe773aa9a9e8e0d1a89c6e76cd2bf457f02c06898113ab2106958,33951ac75a6fea72d9efa745e6e4696c517d730d,/mnt/output/opening_strength_fit/datasets/opening_1001_1010_features_350,/mnt/output/opening_strength_fit/datasets/opening_1001_1010_labels_h5m_v2
w1001_1010_h5m,10:01-10:10,5m,2025-01,12,8,1.1187031049065683,1.129502171875,34965169,350,NVIDIA H20,cuda_resident,256.8271135557443,4.98226298764348,9.094178163756927,b6416fd3e6ffe773aa9a9e8e0d1a89c6e76cd2bf457f02c06898113ab2106958,33951ac75a6fea72d9efa745e6e4696c517d730d,/mnt/output/opening_strength_fit/datasets/opening_1001_1010_features_350,/mnt/output/opening_strength_fit/datasets/opening_1001_1010_labels_h5m_v2
w1001_1010_h5m,10:01-10:10,5m,2025-07,13,9,1.1175100444923465,1.130713296875,35574093,350,NVIDIA A100 80GB PCIe,cuda_resident,236.0104102231562,4.5409520249813795,13.223632412031293,b6416fd3e6ffe773aa9a9e8e0d1a89c6e76cd2bf457f02c06898113ab2106958,33951ac75a6fea72d9efa745e6e4696c517d730d,/mnt/output/opening_strength_fit/datasets/opening_1001_1010_features_350,/mnt/output/opening_strength_fit/datasets/opening_1001_1010_labels_h5m_v2
w1001_1010_h10m,10:01-10:10,10m,2022-01,30,30,1.1192108391844038,1.1215564296875,27726169,350,NVIDIA A100 80GB PCIe,cuda_resident,190.82800036296248,3.8256293796002865,10.413631385068099,b6416fd3e6ffe773aa9a9e8e0d1a89c6e76cd2bf457f02c06898113ab2106958,33951ac75a6fea72d9efa745e6e4696c517d730d,/mnt/output/opening_strength_fit/datasets/opening_1001_1010_features_350,/mnt/output/opening_strength_fit/datasets/opening_1001_1010_labels_h10m_v1
w1001_1010_h10m,10:01-10:10,10m,2022-07,30,30,1.1213608846304268,1.15097778125,28903857,350,NVIDIA H20,cuda_resident,201.71777827851474,3.9646869525313377,7.557883622683585,b6416fd3e6ffe773aa9a9e8e0d1a89c6e76cd2bf457f02c06898113ab2106958,33951ac75a6fea72d9efa745e6e4696c517d730d,/mnt/output/opening_strength_fit/datasets/opening_1001_1010_features_350,/mnt/output/opening_strength_fit/datasets/opening_1001_1010_labels_h10m_v1
w1001_1010_h10m,10:01-10:10,10m,2023-01,30,29,1.1296731631938237,1.1674230078125,30333218,350,NVIDIA A100 80GB PCIe,cuda_resident,190.66063254140317,3.814232662320137,11.099917595895628,b6416fd3e6ffe773aa9a9e8e0d1a89c6e76cd2bf457f02c06898113ab2106958,33951ac75a6fea72d9efa745e6e4696c517d730d,/mnt/output/opening_strength_fit/datasets/opening_1001_1010_features_350,/mnt/output/opening_strength_fit/datasets/opening_1001_1010_labels_h10m_v1
w1001_1010_h10m,10:01-10:10,10m,2023-07,22,18,1.1441061210330805,1.15878853125,31748654,350,NVIDIA H20,cuda_resident,243.62991387816146,5.144506430020556,8.068325111811811,b6416fd3e6ffe773aa9a9e8e0d1a89c6e76cd2bf457f02c06898113ab2106958,33951ac75a6fea72d9efa745e6e4696c517d730d,/mnt/output/opening_strength_fit/datasets/opening_1001_1010_features_350,/mnt/output/opening_strength_fit/datasets/opening_1001_1010_labels_h10m_v1
w1001_1010_h10m,10:01-10:10,10m,2024-01,30,30,1.13628750789116,1.15695446875,33019783,350,NVIDIA H20,cuda_resident,238.72631666250527,4.869928404688835,8.696051287961502,b6416fd3e6ffe773aa9a9e8e0d1a89c6e76cd2bf457f02c06898113ab2106958,33951ac75a6fea72d9efa745e6e4696c517d730d,/mnt/output/opening_strength_fit/datasets/opening_1001_1010_features_350,/mnt/output/opening_strength_fit/datasets/opening_1001_1010_labels_h10m_v1
w1001_1010_h10m,10:01-10:10,10m,2024-07,30,30,1.1337314539854837,1.1532172890625,34086890,350,NVIDIA H20,cuda_resident,278.9334690619726,5.172109137987718,8.602913050772623,b6416fd3e6ffe773aa9a9e8e0d1a89c6e76cd2bf457f02c06898113ab2106958,33951ac75a6fea72d9efa745e6e4696c517d730d,/mnt/output/opening_strength_fit/datasets/opening_1001_1010_features_350,/mnt/output/opening_strength_fit/datasets/opening_1001_1010_labels_h10m_v1
w1001_1010_h10m,10:01-10:10,10m,2025-01,21,17,1.141817007714759,1.17008696875,34868969,350,NVIDIA H20,cuda_resident,250.47661033645272,4.78592037782073,9.072644914456067,b6416fd3e6ffe773aa9a9e8e0d1a89c6e76cd2bf457f02c06898113ab2106958,33951ac75a6fea72d9efa745e6e4696c517d730d,/mnt/output/opening_strength_fit/datasets/opening_1001_1010_features_350,/mnt/output/opening_strength_fit/datasets/opening_1001_1010_labels_h10m_v1
w1001_1010_h10m,10:01-10:10,10m,2025-07,30,30,1.1291031192868668,1.194673328125,35487342,350,NVIDIA H20,cuda_resident,291.0210569938645,5.333912548143417,8.984012117989671,b6416fd3e6ffe773aa9a9e8e0d1a89c6e76cd2bf457f02c06898113ab2106958,33951ac75a6fea72d9efa745e6e4696c517d730d,/mnt/output/opening_strength_fit/datasets/opening_1001_1010_features_350,/mnt/output/opening_strength_fit/datasets/opening_1001_1010_labels_h10m_v1
w1001_1010_h1h,10:01-10:10,1h,2022-01,30,30,1.2342969012760945,1.2389434375,26862682,350,NVIDIA A100 80GB PCIe,cuda_resident,182.8127693105489,3.4798513278365135,10.165998160031934,b6416fd3e6ffe773aa9a9e8e0d1a89c6e76cd2bf457f02c06898113ab2106958,33951ac75a6fea72d9efa745e6e4696c517d730d,/mnt/output/opening_strength_fit/datasets/opening_1001_1010_features_350,/mnt/output/opening_strength_fit/datasets/opening_1001_1010_labels_h1h_v1
w1001_1010_h1h,10:01-10:10,1h,2022-07,30,30,1.2394750098213303,1.2514221953125,28004716,350,NVIDIA A100 80GB PCIe,cuda_resident,178.11387463472784,3.5395549442619085,10.237947866568962,b6416fd3e6ffe773aa9a9e8e0d1a89c6e76cd2bf457f02c06898113ab2106958,33951ac75a6fea72d9efa745e6e4696c517d730d,/mnt/output/opening_strength_fit/datasets/opening_1001_1010_features_350,/mnt/output/opening_strength_fit/datasets/opening_1001_1010_labels_h1h_v1
w1001_1010_h1h,10:01-10:10,1h,2023-01,30,30,1.242374119969154,1.2500888046875,29457277,350,NVIDIA H20,cuda_resident,229.22888984158635,4.226125819608569,7.699086422349016,b6416fd3e6ffe773aa9a9e8e0d1a89c6e76cd2bf457f02c06898113ab2106958,33951ac75a6fea72d9efa745e6e4696c517d730d,/mnt/output/opening_strength_fit/datasets/opening_1001_1010_features_350,/mnt/output/opening_strength_fit/datasets/opening_1001_1010_labels_h1h_v1
w1001_1010_h1h,10:01-10:10,1h,2023-07,30,30,1.2442560021478033,1.251384859375,30876292,350,NVIDIA H100 PCIe,cuda_resident,243.34278527926654,4.796336943749338,7.740886906317125,b6416fd3e6ffe773aa9a9e8e0d1a89c6e76cd2bf457f02c06898113ab2106958,33951ac75a6fea72d9efa745e6e4696c517d730d,/mnt/output/opening_strength_fit/datasets/opening_1001_1010_features_350,/mnt/output/opening_strength_fit/datasets/opening_1001_1010_labels_h1h_v1
w1001_1010_h1h,10:01-10:10,1h,2024-01,30,30,1.2437231562966296,1.249825046875,32133550,350,NVIDIA H20,cuda_resident,235.17240476608276,4.445338696241379,8.539014205957452,b6416fd3e6ffe773aa9a9e8e0d1a89c6e76cd2bf457f02c06898113ab2106958,33951ac75a6fea72d9efa745e6e4696c517d730d,/mnt/output/opening_strength_fit/datasets/opening_1001_1010_features_350,/mnt/output/opening_strength_fit/datasets/opening_1001_1010_labels_h1h_v1
w1001_1010_h1h,10:01-10:10,1h,2024-07,30,30,1.2356007131949964,1.249327953125,33238103,350,NVIDIA H100 PCIe,cuda_resident,258.638385088183,5.169611525721848,8.291250561581304,b6416fd3e6ffe773aa9a9e8e0d1a89c6e76cd2bf457f02c06898113ab2106958,33951ac75a6fea72d9efa745e6e4696c517d730d,/mnt/output/opening_strength_fit/datasets/opening_1001_1010_features_350,/mnt/output/opening_strength_fit/datasets/opening_1001_1010_labels_h1h_v1
w1001_1010_h1h,10:01-10:10,1h,2025-01,30,29,1.2308977665680614,1.2461396875,33985608,350,NVIDIA H20,cuda_resident,256.2279601469636,4.683310328051448,9.063652304684123,b6416fd3e6ffe773aa9a9e8e0d1a89c6e76cd2bf457f02c06898113ab2106958,33951ac75a6fea72d9efa745e6e4696c517d730d,/mnt/output/opening_strength_fit/datasets/opening_1001_1010_features_350,/mnt/output/opening_strength_fit/datasets/opening_1001_1010_labels_h1h_v1
w1001_1010_h1h,10:01-10:10,1h,2025-07,30,30,1.2277090668641368,1.2257869375,34625265,350,NVIDIA H100 PCIe,cuda_resident,280.21413365984336,5.37863230984658,8.772506858284276,b6416fd3e6ffe773aa9a9e8e0d1a89c6e76cd2bf457f02c06898113ab2106958,33951ac75a6fea72d9efa745e6e4696c517d730d,/mnt/output/opening_strength_fit/datasets/opening_1001_1010_features_350,/mnt/output/opening_strength_fit/datasets/opening_1001_1010_labels_h1h_v1
w1001_1010_hclose,10:01-10:10,close,2022-01,30,30,1.3282189127828363,1.333107265625,28613709,350,NVIDIA A100 80GB PCIe,cuda_resident,188.66224286332726,3.7406572122126818,10.508229848369956,b6416fd3e6ffe773aa9a9e8e0d1a89c6e76cd2bf457f02c06898113ab2106958,33951ac75a6fea72d9efa745e6e4696c517d730d,/mnt/output/opening_strength_fit/datasets/opening_1001_1010_features_350,/mnt/output/opening_strength_fit/datasets/opening_1001_1010_labels_hclose_v1
w1001_1010_hclose,10:01-10:10,close,2022-07,30,30,1.3302485828023671,1.34386246875,29837418,350,NVIDIA H20,cuda_resident,217.90572231262922,4.310699572786689,7.52265056228886,b6416fd3e6ffe773aa9a9e8e0d1a89c6e76cd2bf457f02c06898113ab2106958,33951ac75a6fea72d9efa745e6e4696c517d730d,/mnt/output/opening_strength_fit/datasets/opening_1001_1010_features_350,/mnt/output/opening_strength_fit/datasets/opening_1001_1010_labels_hclose_v1
w1001_1010_hclose,10:01-10:10,close,2023-01,30,30,1.3343966017097393,1.3301590234375,31208053,350,NVIDIA A100 80GB PCIe,cuda_resident,202.9126042276621,4.069986425340176,11.46135939663897,b6416fd3e6ffe773aa9a9e8e0d1a89c6e76cd2bf457f02c06898113ab2106958,33951ac75a6fea72d9efa745e6e4696c517d730d,/mnt/output/opening_strength_fit/datasets/opening_1001_1010_features_350,/mnt/output/opening_strength_fit/datasets/opening_1001_1010_labels_hclose_v1
w1001_1010_hclose,10:01-10:10,close,2023-07,30,30,1.3343982153334526,1.337950984375,32626128,350,NVIDIA H20,cuda_resident,229.64111078344285,4.373534491285682,8.328046629515788,b6416fd3e6ffe773aa9a9e8e0d1a89c6e76cd2bf457f02c06898113ab2106958,33951ac75a6fea72d9efa745e6e4696c517d730d,/mnt/output/opening_strength_fit/datasets/opening_1001_1010_features_350,/mnt/output/opening_strength_fit/datasets/opening_1001_1010_labels_hclose_v1
w1001_1010_hclose,10:01-10:10,close,2024-01,30,30,1.3282686706799303,1.333394015625,33881404,350,NVIDIA H100 PCIe,cuda_resident,277.33828472718596,5.392053503077477,8.661018488137051,b6416fd3e6ffe773aa9a9e8e0d1a89c6e76cd2bf457f02c06898113ab2106958,33951ac75a6fea72d9efa745e6e4696c517d730d,/mnt/output/opening_strength_fit/datasets/opening_1001_1010_features_350,/mnt/output/opening_strength_fit/datasets/opening_1001_1010_labels_hclose_v1
w1001_1010_hclose,10:01-10:10,close,2024-07,30,30,1.3233815319146893,1.3177217265625,34869039,350,NVIDIA H20,cuda_resident,247.8294746428728,4.7111469972878695,8.897229148820042,b6416fd3e6ffe773aa9a9e8e0d1a89c6e76cd2bf457f02c06898113ab2106958,33951ac75a6fea72d9efa745e6e4696c517d730d,/mnt/output/opening_strength_fit/datasets/opening_1001_1010_features_350,/mnt/output/opening_strength_fit/datasets/opening_1001_1010_labels_hclose_v1
w1001_1010_hclose,10:01-10:10,close,2025-01,30,30,1.3193244862557438,1.332827796875,35621685,350,NVIDIA H100 PCIe,cuda_resident,275.32503665518016,5.455966540146619,8.984019509811576,b6416fd3e6ffe773aa9a9e8e0d1a89c6e76cd2bf457f02c06898113ab2106958,33951ac75a6fea72d9efa745e6e4696c517d730d,/mnt/output/opening_strength_fit/datasets/opening_1001_1010_features_350,/mnt/output/opening_strength_fit/datasets/opening_1001_1010_labels_hclose_v1
w1001_1010_hclose,10:01-10:10,close,2025-07,30,30,1.3158833004791686,1.3139258359375,36166180,350,NVIDIA H100 PCIe,cuda_resident,292.9766880059615,5.535713404882699,9.079626188923916,b6416fd3e6ffe773aa9a9e8e0d1a89c6e76cd2bf457f02c06898113ab2106958,33951ac75a6fea72d9efa745e6e4696c517d730d,/mnt/output/opening_strength_fit/datasets/opening_1001_1010_features_350,/mnt/output/opening_strength_fit/datasets/opening_1001_1010_labels_hclose_v1
w1401_1410_h1m,14:01-14:10,1m,2022-01,20,16,0.8917276499488807,0.9186696015625,26952225,350,NVIDIA H100 PCIe,cuda_resident,218.71325872000307,4.105686909984797,6.738612264138647,b6416fd3e6ffe773aa9a9e8e0d1a89c6e76cd2bf457f02c06898113ab2106958,33951ac75a6fea72d9efa745e6e4696c517d730d,/mnt/output/opening_strength_fit/datasets/opening_1401_1410_features_350,/mnt/output/opening_strength_fit/datasets/opening_1401_1410_labels_h1m_v2
w1401_1410_h1m,14:01-14:10,1m,2022-07,21,17,0.8840173956270334,0.9035481953125,28077108,350,NVIDIA H20,cuda_resident,206.22829700633883,4.05176068469882,7.1414503966059,b6416fd3e6ffe773aa9a9e8e0d1a89c6e76cd2bf457f02c06898113ab2106958,33951ac75a6fea72d9efa745e6e4696c517d730d,/mnt/output/opening_strength_fit/datasets/opening_1401_1410_features_350,/mnt/output/opening_strength_fit/datasets/opening_1401_1410_labels_h1m_v2
w1401_1410_h1m,14:01-14:10,1m,2023-01,16,12,0.9032568457631412,0.9203448359375,29479863,350,NVIDIA A100 80GB PCIe,cuda_resident,189.5479382518679,3.810311771929264,10.814010414062068,b6416fd3e6ffe773aa9a9e8e0d1a89c6e76cd2bf457f02c06898113ab2106958,33951ac75a6fea72d9efa745e6e4696c517d730d,/mnt/output/opening_strength_fit/datasets/opening_1401_1410_features_350,/mnt/output/opening_strength_fit/datasets/opening_1401_1410_labels_h1m_v2
w1401_1410_h1m,14:01-14:10,1m,2023-07,15,11,0.9003507275898267,0.9091970078125,30875862,350,NVIDIA H20,cuda_resident,216.55346042104065,4.150674311444163,7.733554945761958,b6416fd3e6ffe773aa9a9e8e0d1a89c6e76cd2bf457f02c06898113ab2106958,33951ac75a6fea72d9efa745e6e4696c517d730d,/mnt/output/opening_strength_fit/datasets/opening_1401_1410_features_350,/mnt/output/opening_strength_fit/datasets/opening_1401_1410_labels_h1m_v2
w1401_1410_h1m,14:01-14:10,1m,2024-01,17,13,0.9006219047859112,0.918437359375,32152352,350,NVIDIA A100 80GB PCIe,cuda_resident,219.18282363191247,4.2295748963952065,12.341294755940051,b6416fd3e6ffe773aa9a9e8e0d1a89c6e76cd2bf457f02c06898113ab2106958,33951ac75a6fea72d9efa745e6e4696c517d730d,/mnt/output/opening_strength_fit/datasets/opening_1401_1410_features_350,/mnt/output/opening_strength_fit/datasets/opening_1401_1410_labels_h1m_v2
w1401_1410_h1m,14:01-14:10,1m,2024-07,17,13,0.8985511120047827,0.8932257578125,33277997,350,NVIDIA A100 80GB PCIe,cuda_resident,243.85599429160357,4.546035708859563,12.81241540501223,b6416fd3e6ffe773aa9a9e8e0d1a89c6e76cd2bf457f02c06898113ab2106958,33951ac75a6fea72d9efa745e6e4696c517d730d,/mnt/output/opening_strength_fit/datasets/opening_1401_1410_features_350,/mnt/output/opening_strength_fit/datasets/opening_1401_1410_labels_h1m_v2
w1401_1410_h1m,14:01-14:10,1m,2025-01,12,8,0.8984844075068236,0.897321671875,34063093,350,NVIDIA H20,cuda_resident,245.77035856992006,4.6698303408920765,8.701919418449203,b6416fd3e6ffe773aa9a9e8e0d1a89c6e76cd2bf457f02c06898113ab2106958,33951ac75a6fea72d9efa745e6e4696c517d730d,/mnt/output/opening_strength_fit/datasets/opening_1401_1410_features_350,/mnt/output/opening_strength_fit/datasets/opening_1401_1410_labels_h1m_v2
w1401_1410_h1m,14:01-14:10,1m,2025-07,12,8,0.9010347740561206,0.9232976171875,34692291,350,NVIDIA A100 80GB PCIe,cuda_resident,236.92262283340096,4.37553240172565,12.830986146039018,b6416fd3e6ffe773aa9a9e8e0d1a89c6e76cd2bf457f02c06898113ab2106958,33951ac75a6fea72d9efa745e6e4696c517d730d,/mnt/output/opening_strength_fit/datasets/opening_1401_1410_features_350,/mnt/output/opening_strength_fit/datasets/opening_1401_1410_labels_h1m_v2
w1401_1410_h3m,14:01-14:10,3m,2022-01,20,16,0.9813702881379318,1.0191617109375,26956262,350,NVIDIA H100 PCIe,cuda_resident,212.81520772119984,4.093403082806617,6.774407514580526,b6416fd3e6ffe773aa9a9e8e0d1a89c6e76cd2bf457f02c06898113ab2106958,33951ac75a6fea72d9efa745e6e4696c517d730d,/mnt/output/opening_strength_fit/datasets/opening_1401_1410_features_350,/mnt/output/opening_strength_fit/datasets/opening_1401_1410_labels_h3m_v2
w1401_1410_h3m,14:01-14:10,3m,2022-07,16,12,0.9832486771490168,1.0088171796875,28076795,350,NVIDIA A100 80GB PCIe,cuda_resident,180.54809327982366,3.676625205203891,10.307401672704145,b6416fd3e6ffe773aa9a9e8e0d1a89c6e76cd2bf457f02c06898113ab2106958,33951ac75a6fea72d9efa745e6e4696c517d730d,/mnt/output/opening_strength_fit/datasets/opening_1401_1410_features_350,/mnt/output/opening_strength_fit/datasets/opening_1401_1410_labels_h3m_v2
w1401_1410_h3m,14:01-14:10,3m,2023-01,14,10,0.994398759767812,0.9879300234375,29475135,350,NVIDIA A100 80GB PCIe,cuda_resident,187.10852790623903,3.8405939899384975,11.290794664594744,b6416fd3e6ffe773aa9a9e8e0d1a89c6e76cd2bf457f02c06898113ab2106958,33951ac75a6fea72d9efa745e6e4696c517d730d,/mnt/output/opening_strength_fit/datasets/opening_1401_1410_features_350,/mnt/output/opening_strength_fit/datasets/opening_1401_1410_labels_h3m_v2
w1401_1410_h3m,14:01-14:10,3m,2023-07,18,14,0.985940119294638,0.9950913203125,30876387,350,NVIDIA H20,cuda_resident,218.60686383210123,4.139103015884757,7.834810190109743,b6416fd3e6ffe773aa9a9e8e0d1a89c6e76cd2bf457f02c06898113ab2106958,33951ac75a6fea72d9efa745e6e4696c517d730d,/mnt/output/opening_strength_fit/datasets/opening_1401_1410_features_350,/mnt/output/opening_strength_fit/datasets/opening_1401_1410_labels_h3m_v2
w1401_1410_h3m,14:01-14:10,3m,2024-01,12,8,0.9981212771031562,1.0250960234375,32152765,350,NVIDIA H20,cuda_resident,236.18501206487417,4.375282049179077,8.130891799616316,b6416fd3e6ffe773aa9a9e8e0d1a89c6e76cd2bf457f02c06898113ab2106958,33951ac75a6fea72d9efa745e6e4696c517d730d,/mnt/output/opening_strength_fit/datasets/opening_1401_1410_features_350,/mnt/output/opening_strength_fit/datasets/opening_1401_1410_labels_h3m_v2
w1401_1410_h3m,14:01-14:10,3m,2024-07,16,12,0.9892927042691003,1.0146506640625,33275143,350,NVIDIA H20,cuda_resident,241.49018707685173,4.574670134112239,8.556367724318989,b6416fd3e6ffe773aa9a9e8e0d1a89c6e76cd2bf457f02c06898113ab2106958,33951ac75a6fea72d9efa745e6e4696c517d730d,/mnt/output/opening_strength_fit/datasets/opening_1401_1410_features_350,/mnt/output/opening_strength_fit/datasets/opening_1401_1410_labels_h3m_v2
w1401_1410_h3m,14:01-14:10,3m,2025-01,22,18,0.9723404942712627,1.0078034375,34052868,350,NVIDIA A100 80GB PCIe,cuda_resident,221.08793435432017,4.288614282384515,13.089401343922047,b6416fd3e6ffe773aa9a9e8e0d1a89c6e76cd2bf457f02c06898113ab2106958,33951ac75a6fea72d9efa745e6e4696c517d730d,/mnt/output/opening_strength_fit/datasets/opening_1401_1410_features_350,/mnt/output/opening_strength_fit/datasets/opening_1401_1410_labels_h3m_v2
w1401_1410_h3m,14:01-14:10,3m,2025-07,17,13,0.9821244902968703,1.0253794453125,34682022,350,NVIDIA A100 80GB PCIe,cuda_resident,219.12433939613402,4.287558205425739,13.095111032509628,b6416fd3e6ffe773aa9a9e8e0d1a89c6e76cd2bf457f02c06898113ab2106958,33951ac75a6fea72d9efa745e6e4696c517d730d,/mnt/output/opening_strength_fit/datasets/opening_1401_1410_features_350,/mnt/output/opening_strength_fit/datasets/opening_1401_1410_labels_h3m_v2
w1401_1410_h5m,14:01-14:10,5m,2022-01,18,14,1.0225248966579195,1.0310212265625,26959420,350,NVIDIA H20,cuda_resident,188.26360819488764,3.6882275212556124,6.801049728567402,b6416fd3e6ffe773aa9a9e8e0d1a89c6e76cd2bf457f02c06898113ab2106958,33951ac75a6fea72d9efa745e6e4696c517d730d,/mnt/output/opening_strength_fit/datasets/opening_1401_1410_features_350,/mnt/output/opening_strength_fit/datasets/opening_1401_1410_labels_h5m_v2
w1401_1410_h5m,14:01-14:10,5m,2022-07,17,13,1.0210558077965035,1.0507134609375,28081290,350,NVIDIA A100 80GB PCIe,cuda_resident,182.6928749345243,3.6431342251598835,10.547653846333132,b6416fd3e6ffe773aa9a9e8e0d1a89c6e76cd2bf457f02c06898113ab2106958,33951ac75a6fea72d9efa745e6e4696c517d730d,/mnt/output/opening_strength_fit/datasets/opening_1401_1410_features_350,/mnt/output/opening_strength_fit/datasets/opening_1401_1410_labels_h5m_v2
w1401_1410_h5m,14:01-14:10,5m,2023-01,23,19,1.0170192736939494,1.056994484375,29485763,350,NVIDIA A100 80GB PCIe,cuda_resident,188.48386909998953,3.7639856059104204,10.797688218967423,b6416fd3e6ffe773aa9a9e8e0d1a89c6e76cd2bf457f02c06898113ab2106958,33951ac75a6fea72d9efa745e6e4696c517d730d,/mnt/output/opening_strength_fit/datasets/opening_1401_1410_features_350,/mnt/output/opening_strength_fit/datasets/opening_1401_1410_labels_h5m_v2
w1401_1410_h5m,14:01-14:10,5m,2023-07,17,13,1.024612431946596,1.04932184375,30895303,350,NVIDIA A100 80GB PCIe,cuda_resident,139.66304735909216,2.4689951399341226,12.023489554152441,b6416fd3e6ffe773aa9a9e8e0d1a89c6e76cd2bf457f02c06898113ab2106958,33951ac75a6fea72d9efa745e6e4696c517d730d,/mnt/output/opening_strength_fit/datasets/opening_1401_1410_features_350,/mnt/output/opening_strength_fit/datasets/opening_1401_1410_labels_h5m_v2
w1401_1410_h5m,14:01-14:10,5m,2024-01,13,9,1.0341412062280109,1.055720359375,32168479,350,NVIDIA A100 80GB PCIe,cuda_resident,148.87453204393387,2.402224821038544,12.490783092225543,b6416fd3e6ffe773aa9a9e8e0d1a89c6e76cd2bf457f02c06898113ab2106958,33951ac75a6fea72d9efa745e6e4696c517d730d,/mnt/output/opening_strength_fit/datasets/opening_1401_1410_features_350,/mnt/output/opening_strength_fit/datasets/opening_1401_1410_labels_h5m_v2
w1401_1410_h5m,14:01-14:10,5m,2024-07,30,29,1.0016870246267042,1.03740978125,33291188,350,NVIDIA A100 80GB PCIe,cuda_resident,224.79440117254853,4.246830530464649,12.43290989951541,b6416fd3e6ffe773aa9a9e8e0d1a89c6e76cd2bf457f02c06898113ab2106958,33951ac75a6fea72d9efa745e6e4696c517d730d,/mnt/output/opening_strength_fit/datasets/opening_1401_1410_features_350,/mnt/output/opening_strength_fit/datasets/opening_1401_1410_labels_h5m_v2
w1401_1410_h5m,14:01-14:10,5m,2025-01,22,18,1.0082673137399023,1.0111730234375,34070960,350,NVIDIA A100 80GB PCIe,cuda_resident,230.30697380565107,4.237192511558533,12.92902779435231,b6416fd3e6ffe773aa9a9e8e0d1a89c6e76cd2bf457f02c06898113ab2106958,33951ac75a6fea72d9efa745e6e4696c517d730d,/mnt/output/opening_strength_fit/datasets/opening_1401_1410_features_350,/mnt/output/opening_strength_fit/datasets/opening_1401_1410_labels_h5m_v2
w1401_1410_h5m,14:01-14:10,5m,2025-07,22,18,1.0082985142300929,1.0716549921875,34700772,350,NVIDIA A100 80GB PCIe,cuda_resident,154.03032793919556,2.6540878070518374,13.509667797405696,b6416fd3e6ffe773aa9a9e8e0d1a89c6e76cd2bf457f02c06898113ab2106958,33951ac75a6fea72d9efa745e6e4696c517d730d,/mnt/output/opening_strength_fit/datasets/opening_1401_1410_features_350,/mnt/output/opening_strength_fit/datasets/opening_1401_1410_labels_h5m_v2
