score_bucket,lower_bps,observations,rank_start,rank_end,upper_bps,midpoint_bps,interval,share_within_score_bucket
1,-5400,1,1,100,-5300,-5350.0,"[-5400, -5300)",1.0319917440660475e-06
1,-5300,0,1,100,-5200,-5250.0,"[-5300, -5200)",0.0
1,-5200,0,1,100,-5100,-5150.0,"[-5200, -5100)",0.0
1,-5100,0,1,100,-5000,-5050.0,"[-5100, -5000)",0.0
1,-5000,0,1,100,-4900,-4950.0,"[-5000, -4900)",0.0
1,-4900,0,1,100,-4800,-4850.0,"[-4900, -4800)",0.0
1,-4800,2,1,100,-4700,-4750.0,"[-4800, -4700)",2.063983488132095e-06
1,-4700,1,1,100,-4600,-4650.0,"[-4700, -4600)",1.0319917440660475e-06
1,-4600,1,1,100,-4500,-4550.0,"[-4600, -4500)",1.0319917440660475e-06
1,-4500,2,1,100,-4400,-4450.0,"[-4500, -4400)",2.063983488132095e-06
1,-4400,2,1,100,-4300,-4350.0,"[-4400, -4300)",2.063983488132095e-06
1,-4300,2,1,100,-4200,-4250.0,"[-4300, -4200)",2.063983488132095e-06
1,-4200,5,1,100,-4100,-4150.0,"[-4200, -4100)",5.159958720330238e-06
1,-4100,4,1,100,-4000,-4050.0,"[-4100, -4000)",4.12796697626419e-06
1,-4000,4,1,100,-3900,-3950.0,"[-4000, -3900)",4.12796697626419e-06
1,-3900,2,1,100,-3800,-3850.0,"[-3900, -3800)",2.063983488132095e-06
1,-3800,7,1,100,-3700,-3750.0,"[-3800, -3700)",7.223942208462332e-06
1,-3700,9,1,100,-3600,-3650.0,"[-3700, -3600)",9.287925696594427e-06
1,-3600,9,1,100,-3500,-3550.0,"[-3600, -3500)",9.287925696594427e-06
1,-3500,15,1,100,-3400,-3450.0,"[-3500, -3400)",1.5479876160990712e-05
1,-3400,10,1,100,-3300,-3350.0,"[-3400, -3300)",1.0319917440660475e-05
1,-3300,9,1,100,-3200,-3250.0,"[-3300, -3200)",9.287925696594427e-06
1,-3200,22,1,100,-3100,-3150.0,"[-3200, -3100)",2.2703818369453044e-05
1,-3100,32,1,100,-3000,-3050.0,"[-3100, -3000)",3.302373581011352e-05
1,-3000,45,1,100,-2900,-2950.0,"[-3000, -2900)",4.6439628482972134e-05
1,-2900,16,1,100,-2800,-2850.0,"[-2900, -2800)",1.651186790505676e-05
1,-2800,10,1,100,-2700,-2750.0,"[-2800, -2700)",1.0319917440660475e-05
1,-2700,15,1,100,-2600,-2650.0,"[-2700, -2600)",1.5479876160990712e-05
1,-2600,18,1,100,-2500,-2550.0,"[-2600, -2500)",1.8575851393188854e-05
1,-2500,23,1,100,-2400,-2450.0,"[-2500, -2400)",2.3735810113519093e-05
1,-2400,31,1,100,-2300,-2350.0,"[-2400, -2300)",3.199174406604747e-05
1,-2300,37,1,100,-2200,-2250.0,"[-2300, -2200)",3.818369453044375e-05
1,-2200,62,1,100,-2100,-2150.0,"[-2200, -2100)",6.398348813209494e-05
1,-2100,85,1,100,-2000,-2050.0,"[-2100, -2000)",8.771929824561403e-05
1,-2000,101,1,100,-1900,-1950.0,"[-2000, -1900)",0.00010423116615067079
1,-1900,143,1,100,-1800,-1850.0,"[-1900, -1800)",0.0001475748194014448
1,-1800,184,1,100,-1700,-1750.0,"[-1800, -1700)",0.00018988648090815274
1,-1700,251,1,100,-1600,-1650.0,"[-1700, -1600)",0.0002590299277605779
1,-1600,406,1,100,-1500,-1550.0,"[-1600, -1500)",0.00041898864809081525
1,-1500,491,1,100,-1400,-1450.0,"[-1500, -1400)",0.0005067079463364293
1,-1400,760,1,100,-1300,-1350.0,"[-1400, -1300)",0.000784313725490196
1,-1300,1254,1,100,-1200,-1250.0,"[-1300, -1200)",0.0012941176470588236
1,-1200,1913,1,100,-1100,-1150.0,"[-1200, -1100)",0.0019742002063983487
1,-1100,2834,1,100,-1000,-1050.0,"[-1100, -1000)",0.0029246646026831785
1,-1000,4403,1,100,-900,-950.0,"[-1000, -900)",0.004543859649122807
1,-900,7016,1,100,-800,-850.0,"[-900, -800)",0.007240454076367389
1,-800,10588,1,100,-700,-750.0,"[-800, -700)",0.010926728586171311
1,-700,17218,1,100,-600,-650.0,"[-700, -600)",0.017768833849329205
1,-600,27918,1,100,-500,-550.0,"[-600, -500)",0.028811145510835915
1,-500,45542,1,100,-400,-450.0,"[-500, -400)",0.04699896800825593
1,-400,70898,1,100,-300,-350.0,"[-400, -300)",0.07316615067079463
1,-300,100811,1,100,-200,-250.0,"[-300, -200)",0.10403611971104232
1,-200,124151,1,100,-100,-150.0,"[-200, -100)",0.12812280701754386
1,-100,124879,1,100,0,-50.0,"[-100, 0)",0.12887409700722394
1,0,104842,1,100,100,50.0,"[0, 100)",0.10819607843137255
1,100,78865,1,100,200,150.0,"[100, 200)",0.08138802889576884
1,200,57991,1,100,300,250.0,"[200, 300)",0.05984623323013416
1,300,41897,1,100,400,350.0,"[300, 400)",0.043237358101135194
1,400,31291,1,100,500,450.0,"[400, 500)",0.03229205366357069
1,500,23104,1,100,600,550.0,"[500, 600)",0.02384313725490196
1,600,17869,1,100,700,650.0,"[600, 700)",0.0184406604747162
1,700,14017,1,100,800,750.0,"[700, 800)",0.014465428276573787
1,800,11306,1,100,900,850.0,"[800, 900)",0.011667698658410733
1,900,8598,1,100,1000,950.0,"[900, 1000)",0.008873065015479875
1,1000,6916,1,100,1100,1050.0,"[1000, 1100)",0.007137254901960785
1,1100,5484,1,100,1200,1150.0,"[1100, 1200)",0.005659442724458204
1,1200,4471,1,100,1300,1250.0,"[1200, 1300)",0.004614035087719299
1,1300,3540,1,100,1400,1350.0,"[1300, 1400)",0.003653250773993808
1,1400,2948,1,100,1500,1450.0,"[1400, 1500)",0.003042311661506708
1,1500,2512,1,100,1600,1550.0,"[1500, 1600)",0.002592363261093911
1,1600,2128,1,100,1700,1650.0,"[1600, 1700)",0.002196078431372549
1,1700,1694,1,100,1800,1750.0,"[1700, 1800)",0.0017481940144478845
1,1800,1325,1,100,1900,1850.0,"[1800, 1900)",0.0013673890608875128
1,1900,1129,1,100,2000,1950.0,"[1900, 2000)",0.0011651186790505677
1,2000,893,1,100,2100,2050.0,"[2000, 2100)",0.0009215686274509804
1,2100,716,1,100,2200,2150.0,"[2100, 2200)",0.00073890608875129
1,2200,603,1,100,2300,2250.0,"[2200, 2300)",0.0006222910216718266
1,2300,493,1,100,2400,2350.0,"[2300, 2400)",0.0005087719298245614
1,2400,417,1,100,2500,2450.0,"[2400, 2500)",0.00043034055727554177
1,2500,282,1,100,2600,2550.0,"[2500, 2600)",0.0002910216718266254
1,2600,229,1,100,2700,2650.0,"[2600, 2700)",0.00023632610939112488
1,2700,167,1,100,2800,2750.0,"[2700, 2800)",0.00017234262125902992
1,2800,161,1,100,2900,2850.0,"[2800, 2900)",0.00016615067079463365
1,2900,135,1,100,3000,2950.0,"[2900, 3000)",0.0001393188854489164
1,3000,96,1,100,3100,3050.0,"[3000, 3100)",9.907120743034055e-05
1,3100,106,1,100,3200,3150.0,"[3100, 3200)",0.00010939112487100103
1,3200,76,1,100,3300,3250.0,"[3200, 3300)",7.843137254901961e-05
1,3300,91,1,100,3400,3350.0,"[3300, 3400)",9.391124871001033e-05
1,3400,56,1,100,3500,3450.0,"[3400, 3500)",5.7791537667698656e-05
1,3500,65,1,100,3600,3550.0,"[3500, 3600)",6.707946336429309e-05
1,3600,54,1,100,3700,3650.0,"[3600, 3700)",5.5727554179566566e-05
1,3700,39,1,100,3800,3750.0,"[3700, 3800)",4.024767801857585e-05
1,3800,33,1,100,3900,3850.0,"[3800, 3900)",3.4055727554179566e-05
1,3900,33,1,100,4000,3950.0,"[3900, 4000)",3.4055727554179566e-05
1,4000,19,1,100,4100,4050.0,"[4000, 4100)",1.9607843137254903e-05
1,4100,20,1,100,4200,4150.0,"[4100, 4200)",2.063983488132095e-05
1,4200,14,1,100,4300,4250.0,"[4200, 4300)",1.4447884416924664e-05
1,4300,10,1,100,4400,4350.0,"[4300, 4400)",1.0319917440660475e-05
1,4400,9,1,100,4500,4450.0,"[4400, 4500)",9.287925696594427e-06
1,4500,8,1,100,4600,4550.0,"[4500, 4600)",8.25593395252838e-06
1,4600,2,1,100,4700,4650.0,"[4600, 4700)",2.063983488132095e-06
1,4700,1,1,100,4800,4750.0,"[4700, 4800)",1.0319917440660475e-06
1,4800,0,1,100,4900,4850.0,"[4800, 4900)",0.0
1,4900,1,1,100,5000,4950.0,"[4900, 5000)",1.0319917440660475e-06
1,5000,2,1,100,5100,5050.0,"[5000, 5100)",2.063983488132095e-06
1,5100,0,1,100,5200,5150.0,"[5100, 5200)",0.0
1,5200,0,1,100,5300,5250.0,"[5200, 5300)",0.0
1,5300,0,1,100,5400,5350.0,"[5300, 5400)",0.0
1,5400,0,1,100,5500,5450.0,"[5400, 5500)",0.0
1,5500,0,1,100,5600,5550.0,"[5500, 5600)",0.0
1,5600,0,1,100,5700,5650.0,"[5600, 5700)",0.0
1,5700,0,1,100,5800,5750.0,"[5700, 5800)",0.0
2,-5400,1,101,200,-5300,-5350.0,"[-5400, -5300)",1.0319917440660475e-06
2,-5300,0,101,200,-5200,-5250.0,"[-5300, -5200)",0.0
2,-5200,0,101,200,-5100,-5150.0,"[-5200, -5100)",0.0
2,-5100,0,101,200,-5000,-5050.0,"[-5100, -5000)",0.0
2,-5000,0,101,200,-4900,-4950.0,"[-5000, -4900)",0.0
2,-4900,1,101,200,-4800,-4850.0,"[-4900, -4800)",1.0319917440660475e-06
2,-4800,1,101,200,-4700,-4750.0,"[-4800, -4700)",1.0319917440660475e-06
2,-4700,2,101,200,-4600,-4650.0,"[-4700, -4600)",2.063983488132095e-06
2,-4600,2,101,200,-4500,-4550.0,"[-4600, -4500)",2.063983488132095e-06
2,-4500,1,101,200,-4400,-4450.0,"[-4500, -4400)",1.0319917440660475e-06
2,-4400,1,101,200,-4300,-4350.0,"[-4400, -4300)",1.0319917440660475e-06
2,-4300,6,101,200,-4200,-4250.0,"[-4300, -4200)",6.191950464396284e-06
2,-4200,4,101,200,-4100,-4150.0,"[-4200, -4100)",4.12796697626419e-06
2,-4100,6,101,200,-4000,-4050.0,"[-4100, -4000)",6.191950464396284e-06
2,-4000,2,101,200,-3900,-3950.0,"[-4000, -3900)",2.063983488132095e-06
2,-3900,2,101,200,-3800,-3850.0,"[-3900, -3800)",2.063983488132095e-06
2,-3800,3,101,200,-3700,-3750.0,"[-3800, -3700)",3.095975232198142e-06
2,-3700,6,101,200,-3600,-3650.0,"[-3700, -3600)",6.191950464396284e-06
2,-3600,13,101,200,-3500,-3550.0,"[-3600, -3500)",1.3415892672858617e-05
2,-3500,15,101,200,-3400,-3450.0,"[-3500, -3400)",1.5479876160990712e-05
2,-3400,14,101,200,-3300,-3350.0,"[-3400, -3300)",1.4447884416924664e-05
2,-3300,13,101,200,-3200,-3250.0,"[-3300, -3200)",1.3415892672858617e-05
2,-3200,17,101,200,-3100,-3150.0,"[-3200, -3100)",1.7543859649122806e-05
2,-3100,32,101,200,-3000,-3050.0,"[-3100, -3000)",3.302373581011352e-05
2,-3000,41,101,200,-2900,-2950.0,"[-3000, -2900)",4.231166150670795e-05
2,-2900,13,101,200,-2800,-2850.0,"[-2900, -2800)",1.3415892672858617e-05
2,-2800,23,101,200,-2700,-2750.0,"[-2800, -2700)",2.3735810113519093e-05
2,-2700,17,101,200,-2600,-2650.0,"[-2700, -2600)",1.7543859649122806e-05
2,-2600,25,101,200,-2500,-2550.0,"[-2600, -2500)",2.5799793601651186e-05
2,-2500,20,101,200,-2400,-2450.0,"[-2500, -2400)",2.063983488132095e-05
2,-2400,25,101,200,-2300,-2350.0,"[-2400, -2300)",2.5799793601651186e-05
2,-2300,20,101,200,-2200,-2250.0,"[-2300, -2200)",2.063983488132095e-05
2,-2200,24,101,200,-2100,-2150.0,"[-2200, -2100)",2.4767801857585138e-05
2,-2100,34,101,200,-2000,-2050.0,"[-2100, -2000)",3.508771929824561e-05
2,-2000,31,101,200,-1900,-1950.0,"[-2000, -1900)",3.199174406604747e-05
2,-1900,40,101,200,-1800,-1850.0,"[-1900, -1800)",4.12796697626419e-05
2,-1800,52,101,200,-1700,-1750.0,"[-1800, -1700)",5.366357069143447e-05
2,-1700,91,101,200,-1600,-1650.0,"[-1700, -1600)",9.391124871001033e-05
2,-1600,142,101,200,-1500,-1550.0,"[-1600, -1500)",0.00014654282765737874
2,-1500,195,101,200,-1400,-1450.0,"[-1500, -1400)",0.00020123839009287926
2,-1400,224,101,200,-1300,-1350.0,"[-1400, -1300)",0.00023116615067079462
2,-1300,424,101,200,-1200,-1250.0,"[-1300, -1200)",0.0004375644994840041
2,-1200,666,101,200,-1100,-1150.0,"[-1200, -1100)",0.0006873065015479877
2,-1100,1022,101,200,-1000,-1050.0,"[-1100, -1000)",0.0010546955624355005
2,-1000,1644,101,200,-900,-950.0,"[-1000, -900)",0.001696594427244582
2,-900,2917,101,200,-800,-850.0,"[-900, -800)",0.0030103199174406603
2,-800,5026,101,200,-700,-750.0,"[-800, -700)",0.005186790505675954
2,-700,8838,101,200,-600,-650.0,"[-700, -600)",0.009120743034055728
2,-600,16909,101,200,-500,-550.0,"[-600, -500)",0.017449948400412797
2,-500,31625,101,200,-400,-450.0,"[-500, -400)",0.03263673890608875
2,-400,58620,101,200,-300,-350.0,"[-400, -300)",0.060495356037151705
2,-300,101530,101,200,-200,-250.0,"[-300, -200)",0.1047781217750258
2,-200,146904,101,200,-100,-150.0,"[-200, -100)",0.15160371517027862
2,-100,162442,101,200,0,-50.0,"[-100, 0)",0.1676388028895769
2,0,134263,101,200,100,50.0,"[0, 100)",0.13855830753353973
2,100,93049,101,200,200,150.0,"[100, 200)",0.09602579979360165
2,200,61117,101,200,300,250.0,"[200, 300)",0.06307223942208462
2,300,40177,101,200,400,350.0,"[300, 400)",0.04146233230134159
2,400,27048,101,200,500,450.0,"[400, 500)",0.027913312693498452
2,500,18465,101,200,600,550.0,"[500, 600)",0.01905572755417957
2,600,13417,101,200,700,650.0,"[600, 700)",0.01384623323013416
2,700,9783,101,200,800,750.0,"[700, 800)",0.010095975232198143
2,800,7387,101,200,900,850.0,"[800, 900)",0.007623323013415893
2,900,5624,101,200,1000,950.0,"[900, 1000)",0.005803921568627451
2,1000,4317,101,200,1100,1050.0,"[1000, 1100)",0.004455108359133127
2,1100,3274,101,200,1200,1150.0,"[1100, 1200)",0.0033787409700722394
2,1200,2338,101,200,1300,1250.0,"[1200, 1300)",0.002412796697626419
2,1300,1724,101,200,1400,1350.0,"[1300, 1400)",0.0017791537667698658
2,1400,1363,101,200,1500,1450.0,"[1400, 1500)",0.0014066047471620227
2,1500,1040,101,200,1600,1550.0,"[1500, 1600)",0.0010732714138286894
2,1600,861,101,200,1700,1650.0,"[1600, 1700)",0.0008885448916408668
2,1700,816,101,200,1800,1750.0,"[1700, 1800)",0.0008421052631578948
2,1800,647,101,200,1900,1850.0,"[1800, 1900)",0.0006676986584107327
2,1900,593,101,200,2000,1950.0,"[1900, 2000)",0.0006119711042311661
2,2000,439,101,200,2100,2050.0,"[2000, 2100)",0.0004530443756449948
2,2100,333,101,200,2200,2150.0,"[2100, 2200)",0.0003436532507739938
2,2200,286,101,200,2300,2250.0,"[2200, 2300)",0.0002951496388028896
2,2300,182,101,200,2400,2350.0,"[2300, 2400)",0.00018782249742002065
2,2400,139,101,200,2500,2450.0,"[2400, 2500)",0.0001434468524251806
2,2500,102,101,200,2600,2550.0,"[2500, 2600)",0.00010526315789473685
2,2600,66,101,200,2700,2650.0,"[2600, 2700)",6.811145510835913e-05
2,2700,79,101,200,2800,2750.0,"[2700, 2800)",8.152734778121775e-05
2,2800,67,101,200,2900,2850.0,"[2800, 2900)",6.914344685242518e-05
2,2900,62,101,200,3000,2950.0,"[2900, 3000)",6.398348813209494e-05
2,3000,37,101,200,3100,3050.0,"[3000, 3100)",3.818369453044375e-05
2,3100,28,101,200,3200,3150.0,"[3100, 3200)",2.8895768833849328e-05
2,3200,22,101,200,3300,3250.0,"[3200, 3300)",2.2703818369453044e-05
2,3300,17,101,200,3400,3350.0,"[3300, 3400)",1.7543859649122806e-05
2,3400,12,101,200,3500,3450.0,"[3400, 3500)",1.2383900928792569e-05
2,3500,12,101,200,3600,3550.0,"[3500, 3600)",1.2383900928792569e-05
2,3600,19,101,200,3700,3650.0,"[3600, 3700)",1.9607843137254903e-05
2,3700,17,101,200,3800,3750.0,"[3700, 3800)",1.7543859649122806e-05
2,3800,5,101,200,3900,3850.0,"[3800, 3900)",5.159958720330238e-06
2,3900,12,101,200,4000,3950.0,"[3900, 4000)",1.2383900928792569e-05
2,4000,9,101,200,4100,4050.0,"[4000, 4100)",9.287925696594427e-06
2,4100,6,101,200,4200,4150.0,"[4100, 4200)",6.191950464396284e-06
2,4200,6,101,200,4300,4250.0,"[4200, 4300)",6.191950464396284e-06
2,4300,5,101,200,4400,4350.0,"[4300, 4400)",5.159958720330238e-06
2,4400,4,101,200,4500,4450.0,"[4400, 4500)",4.12796697626419e-06
2,4500,2,101,200,4600,4550.0,"[4500, 4600)",2.063983488132095e-06
2,4600,0,101,200,4700,4650.0,"[4600, 4700)",0.0
2,4700,1,101,200,4800,4750.0,"[4700, 4800)",1.0319917440660475e-06
2,4800,2,101,200,4900,4850.0,"[4800, 4900)",2.063983488132095e-06
2,4900,0,101,200,5000,4950.0,"[4900, 5000)",0.0
2,5000,0,101,200,5100,5050.0,"[5000, 5100)",0.0
2,5100,0,101,200,5200,5150.0,"[5100, 5200)",0.0
2,5200,0,101,200,5300,5250.0,"[5200, 5300)",0.0
2,5300,0,101,200,5400,5350.0,"[5300, 5400)",0.0
2,5400,0,101,200,5500,5450.0,"[5400, 5500)",0.0
2,5500,0,101,200,5600,5550.0,"[5500, 5600)",0.0
2,5600,0,101,200,5700,5650.0,"[5600, 5700)",0.0
2,5700,0,101,200,5800,5750.0,"[5700, 5800)",0.0
3,-5400,1,201,300,-5300,-5350.0,"[-5400, -5300)",1.0319917440660475e-06
3,-5300,0,201,300,-5200,-5250.0,"[-5300, -5200)",0.0
3,-5200,1,201,300,-5100,-5150.0,"[-5200, -5100)",1.0319917440660475e-06
3,-5100,3,201,300,-5000,-5050.0,"[-5100, -5000)",3.095975232198142e-06
3,-5000,0,201,300,-4900,-4950.0,"[-5000, -4900)",0.0
3,-4900,1,201,300,-4800,-4850.0,"[-4900, -4800)",1.0319917440660475e-06
3,-4800,3,201,300,-4700,-4750.0,"[-4800, -4700)",3.095975232198142e-06
3,-4700,5,201,300,-4600,-4650.0,"[-4700, -4600)",5.159958720330238e-06
3,-4600,2,201,300,-4500,-4550.0,"[-4600, -4500)",2.063983488132095e-06
3,-4500,4,201,300,-4400,-4450.0,"[-4500, -4400)",4.12796697626419e-06
3,-4400,4,201,300,-4300,-4350.0,"[-4400, -4300)",4.12796697626419e-06
3,-4300,4,201,300,-4200,-4250.0,"[-4300, -4200)",4.12796697626419e-06
3,-4200,4,201,300,-4100,-4150.0,"[-4200, -4100)",4.12796697626419e-06
3,-4100,1,201,300,-4000,-4050.0,"[-4100, -4000)",1.0319917440660475e-06
3,-4000,3,201,300,-3900,-3950.0,"[-4000, -3900)",3.095975232198142e-06
3,-3900,2,201,300,-3800,-3850.0,"[-3900, -3800)",2.063983488132095e-06
3,-3800,4,201,300,-3700,-3750.0,"[-3800, -3700)",4.12796697626419e-06
3,-3700,12,201,300,-3600,-3650.0,"[-3700, -3600)",1.2383900928792569e-05
3,-3600,12,201,300,-3500,-3550.0,"[-3600, -3500)",1.2383900928792569e-05
3,-3500,12,201,300,-3400,-3450.0,"[-3500, -3400)",1.2383900928792569e-05
3,-3400,13,201,300,-3300,-3350.0,"[-3400, -3300)",1.3415892672858617e-05
3,-3300,14,201,300,-3200,-3250.0,"[-3300, -3200)",1.4447884416924664e-05
3,-3200,19,201,300,-3100,-3150.0,"[-3200, -3100)",1.9607843137254903e-05
3,-3100,37,201,300,-3000,-3050.0,"[-3100, -3000)",3.818369453044375e-05
3,-3000,49,201,300,-2900,-2950.0,"[-3000, -2900)",5.056759545923633e-05
3,-2900,19,201,300,-2800,-2850.0,"[-2900, -2800)",1.9607843137254903e-05
3,-2800,19,201,300,-2700,-2750.0,"[-2800, -2700)",1.9607843137254903e-05
3,-2700,24,201,300,-2600,-2650.0,"[-2700, -2600)",2.4767801857585138e-05
3,-2600,20,201,300,-2500,-2550.0,"[-2600, -2500)",2.063983488132095e-05
3,-2500,18,201,300,-2400,-2450.0,"[-2500, -2400)",1.8575851393188854e-05
3,-2400,8,201,300,-2300,-2350.0,"[-2400, -2300)",8.25593395252838e-06
3,-2300,16,201,300,-2200,-2250.0,"[-2300, -2200)",1.651186790505676e-05
3,-2200,20,201,300,-2100,-2150.0,"[-2200, -2100)",2.063983488132095e-05
3,-2100,16,201,300,-2000,-2050.0,"[-2100, -2000)",1.651186790505676e-05
3,-2000,28,201,300,-1900,-1950.0,"[-2000, -1900)",2.8895768833849328e-05
3,-1900,29,201,300,-1800,-1850.0,"[-1900, -1800)",2.9927760577915376e-05
3,-1800,48,201,300,-1700,-1750.0,"[-1800, -1700)",4.9535603715170275e-05
3,-1700,69,201,300,-1600,-1650.0,"[-1700, -1600)",7.120743034055728e-05
3,-1600,123,201,300,-1500,-1550.0,"[-1600, -1500)",0.00012693498452012383
3,-1500,118,201,300,-1400,-1450.0,"[-1500, -1400)",0.0001217750257997936
3,-1400,204,201,300,-1300,-1350.0,"[-1400, -1300)",0.0002105263157894737
3,-1300,299,201,300,-1200,-1250.0,"[-1300, -1200)",0.0003085655314757482
3,-1200,512,201,300,-1100,-1150.0,"[-1200, -1100)",0.0005283797729618163
3,-1100,815,201,300,-1000,-1050.0,"[-1100, -1000)",0.0008410732714138287
3,-1000,1326,201,300,-900,-950.0,"[-1000, -900)",0.0013684210526315789
3,-900,2203,201,300,-800,-850.0,"[-900, -800)",0.0022734778121775026
3,-800,3904,201,300,-700,-750.0,"[-800, -700)",0.004028895768833849
3,-700,7033,201,300,-600,-650.0,"[-700, -600)",0.007257997936016512
3,-600,13710,201,300,-500,-550.0,"[-600, -500)",0.014148606811145511
3,-500,26518,201,300,-400,-450.0,"[-500, -400)",0.027366357069143445
3,-400,51993,201,300,-300,-350.0,"[-400, -300)",0.05365634674922601
3,-300,98231,201,300,-200,-250.0,"[-300, -200)",0.10137358101135191
3,-200,153442,201,300,-100,-150.0,"[-200, -100)",0.15835087719298246
3,-100,178501,201,300,0,-50.0,"[-100, 0)",0.18421155830753355
3,0,146044,201,300,100,50.0,"[0, 100)",0.15071620227038185
3,100,97316,201,300,200,150.0,"[100, 200)",0.10042930856553148
3,200,61377,201,300,300,250.0,"[200, 300)",0.06334055727554179
3,300,38085,201,300,400,350.0,"[300, 400)",0.03930340557275542
3,400,24749,201,300,500,450.0,"[400, 500)",0.025540763673890608
3,500,16407,201,300,600,550.0,"[500, 600)",0.01693188854489164
3,600,11723,201,300,700,650.0,"[600, 700)",0.012098039215686274
3,700,8411,201,300,800,750.0,"[700, 800)",0.008680082559339525
3,800,6205,201,300,900,850.0,"[800, 900)",0.006403508771929824
3,900,4645,201,300,1000,950.0,"[900, 1000)",0.004793601651186791
3,1000,3449,201,300,1100,1050.0,"[1000, 1100)",0.0035593395252837977
3,1100,2547,201,300,1200,1150.0,"[1100, 1200)",0.0026284829721362228
3,1200,1835,201,300,1300,1250.0,"[1200, 1300)",0.0018937048503611972
3,1300,1342,201,300,1400,1350.0,"[1300, 1400)",0.0013849329205366358
3,1400,988,201,300,1500,1450.0,"[1400, 1500)",0.001019607843137255
3,1500,748,201,300,1600,1550.0,"[1500, 1600)",0.0007719298245614035
3,1600,634,201,300,1700,1650.0,"[1600, 1700)",0.0006542827657378741
3,1700,571,201,300,1800,1750.0,"[1700, 1800)",0.0005892672858617131
3,1800,546,201,300,1900,1850.0,"[1800, 1900)",0.0005634674922600619
3,1900,424,201,300,2000,1950.0,"[1900, 2000)",0.0004375644994840041
3,2000,373,201,300,2100,2050.0,"[2000, 2100)",0.0003849329205366357
3,2100,256,201,300,2200,2150.0,"[2100, 2200)",0.00026418988648090817
3,2200,188,201,300,2300,2250.0,"[2200, 2300)",0.00019401444788441692
3,2300,133,201,300,2400,2350.0,"[2300, 2400)",0.0001372549019607843
3,2400,98,201,300,2500,2450.0,"[2400, 2500)",0.00010113519091847265
3,2500,77,201,300,2600,2550.0,"[2500, 2600)",7.946336429308566e-05
3,2600,66,201,300,2700,2650.0,"[2600, 2700)",6.811145510835913e-05
3,2700,36,201,300,2800,2750.0,"[2700, 2800)",3.715170278637771e-05
3,2800,46,201,300,2900,2850.0,"[2800, 2900)",4.7471620227038185e-05
3,2900,45,201,300,3000,2950.0,"[2900, 3000)",4.6439628482972134e-05
3,3000,27,201,300,3100,3050.0,"[3000, 3100)",2.7863777089783283e-05
3,3100,20,201,300,3200,3150.0,"[3100, 3200)",2.063983488132095e-05
3,3200,14,201,300,3300,3250.0,"[3200, 3300)",1.4447884416924664e-05
3,3300,15,201,300,3400,3350.0,"[3300, 3400)",1.5479876160990712e-05
3,3400,11,201,300,3500,3450.0,"[3400, 3500)",1.1351909184726522e-05
3,3500,5,201,300,3600,3550.0,"[3500, 3600)",5.159958720330238e-06
3,3600,13,201,300,3700,3650.0,"[3600, 3700)",1.3415892672858617e-05
3,3700,3,201,300,3800,3750.0,"[3700, 3800)",3.095975232198142e-06
3,3800,4,201,300,3900,3850.0,"[3800, 3900)",4.12796697626419e-06
3,3900,6,201,300,4000,3950.0,"[3900, 4000)",6.191950464396284e-06
3,4000,9,201,300,4100,4050.0,"[4000, 4100)",9.287925696594427e-06
3,4100,10,201,300,4200,4150.0,"[4100, 4200)",1.0319917440660475e-05
3,4200,5,201,300,4300,4250.0,"[4200, 4300)",5.159958720330238e-06
3,4300,6,201,300,4400,4350.0,"[4300, 4400)",6.191950464396284e-06
3,4400,9,201,300,4500,4450.0,"[4400, 4500)",9.287925696594427e-06
3,4500,3,201,300,4600,4550.0,"[4500, 4600)",3.095975232198142e-06
3,4600,0,201,300,4700,4650.0,"[4600, 4700)",0.0
3,4700,0,201,300,4800,4750.0,"[4700, 4800)",0.0
3,4800,0,201,300,4900,4850.0,"[4800, 4900)",0.0
3,4900,0,201,300,5000,4950.0,"[4900, 5000)",0.0
3,5000,0,201,300,5100,5050.0,"[5000, 5100)",0.0
3,5100,0,201,300,5200,5150.0,"[5100, 5200)",0.0
3,5200,0,201,300,5300,5250.0,"[5200, 5300)",0.0
3,5300,0,201,300,5400,5350.0,"[5300, 5400)",0.0
3,5400,0,201,300,5500,5450.0,"[5400, 5500)",0.0
3,5500,0,201,300,5600,5550.0,"[5500, 5600)",0.0
3,5600,0,201,300,5700,5650.0,"[5600, 5700)",0.0
3,5700,0,201,300,5800,5750.0,"[5700, 5800)",0.0
4,-5400,1,301,400,-5300,-5350.0,"[-5400, -5300)",1.0319917440660475e-06
4,-5300,0,301,400,-5200,-5250.0,"[-5300, -5200)",0.0
4,-5200,1,301,400,-5100,-5150.0,"[-5200, -5100)",1.0319917440660475e-06
4,-5100,1,301,400,-5000,-5050.0,"[-5100, -5000)",1.0319917440660475e-06
4,-5000,0,301,400,-4900,-4950.0,"[-5000, -4900)",0.0
4,-4900,0,301,400,-4800,-4850.0,"[-4900, -4800)",0.0
4,-4800,0,301,400,-4700,-4750.0,"[-4800, -4700)",0.0
4,-4700,1,301,400,-4600,-4650.0,"[-4700, -4600)",1.0319917440660475e-06
4,-4600,4,301,400,-4500,-4550.0,"[-4600, -4500)",4.12796697626419e-06
4,-4500,5,301,400,-4400,-4450.0,"[-4500, -4400)",5.159958720330238e-06
4,-4400,6,301,400,-4300,-4350.0,"[-4400, -4300)",6.191950464396284e-06
4,-4300,9,301,400,-4200,-4250.0,"[-4300, -4200)",9.287925696594427e-06
4,-4200,2,301,400,-4100,-4150.0,"[-4200, -4100)",2.063983488132095e-06
4,-4100,1,301,400,-4000,-4050.0,"[-4100, -4000)",1.0319917440660475e-06
4,-4000,5,301,400,-3900,-3950.0,"[-4000, -3900)",5.159958720330238e-06
4,-3900,0,301,400,-3800,-3850.0,"[-3900, -3800)",0.0
4,-3800,4,301,400,-3700,-3750.0,"[-3800, -3700)",4.12796697626419e-06
4,-3700,1,301,400,-3600,-3650.0,"[-3700, -3600)",1.0319917440660475e-06
4,-3600,13,301,400,-3500,-3550.0,"[-3600, -3500)",1.3415892672858617e-05
4,-3500,16,301,400,-3400,-3450.0,"[-3500, -3400)",1.651186790505676e-05
4,-3400,12,301,400,-3300,-3350.0,"[-3400, -3300)",1.2383900928792569e-05
4,-3300,15,301,400,-3200,-3250.0,"[-3300, -3200)",1.5479876160990712e-05
4,-3200,26,301,400,-3100,-3150.0,"[-3200, -3100)",2.6831785345717234e-05
4,-3100,33,301,400,-3000,-3050.0,"[-3100, -3000)",3.4055727554179566e-05
4,-3000,43,301,400,-2900,-2950.0,"[-3000, -2900)",4.4375644994840044e-05
4,-2900,32,301,400,-2800,-2850.0,"[-2900, -2800)",3.302373581011352e-05
4,-2800,16,301,400,-2700,-2750.0,"[-2800, -2700)",1.651186790505676e-05
4,-2700,15,301,400,-2600,-2650.0,"[-2700, -2600)",1.5479876160990712e-05
4,-2600,21,301,400,-2500,-2550.0,"[-2600, -2500)",2.1671826625386996e-05
4,-2500,15,301,400,-2400,-2450.0,"[-2500, -2400)",1.5479876160990712e-05
4,-2400,15,301,400,-2300,-2350.0,"[-2400, -2300)",1.5479876160990712e-05
4,-2300,14,301,400,-2200,-2250.0,"[-2300, -2200)",1.4447884416924664e-05
4,-2200,19,301,400,-2100,-2150.0,"[-2200, -2100)",1.9607843137254903e-05
4,-2100,18,301,400,-2000,-2050.0,"[-2100, -2000)",1.8575851393188854e-05
4,-2000,26,301,400,-1900,-1950.0,"[-2000, -1900)",2.6831785345717234e-05
4,-1900,28,301,400,-1800,-1850.0,"[-1900, -1800)",2.8895768833849328e-05
4,-1800,55,301,400,-1700,-1750.0,"[-1800, -1700)",5.675954592363261e-05
4,-1700,64,301,400,-1600,-1650.0,"[-1700, -1600)",6.604747162022704e-05
4,-1600,98,301,400,-1500,-1550.0,"[-1600, -1500)",0.00010113519091847265
4,-1500,123,301,400,-1400,-1450.0,"[-1500, -1400)",0.00012693498452012383
4,-1400,182,301,400,-1300,-1350.0,"[-1400, -1300)",0.00018782249742002065
4,-1300,270,301,400,-1200,-1250.0,"[-1300, -1200)",0.0002786377708978328
4,-1200,455,301,400,-1100,-1150.0,"[-1200, -1100)",0.0004695562435500516
4,-1100,685,301,400,-1000,-1050.0,"[-1100, -1000)",0.0007069143446852425
4,-1000,1089,301,400,-900,-950.0,"[-1000, -900)",0.0011238390092879256
4,-900,1952,301,400,-800,-850.0,"[-900, -800)",0.0020144478844169246
4,-800,3314,301,400,-700,-750.0,"[-800, -700)",0.0034200206398348814
4,-700,6195,301,400,-600,-650.0,"[-700, -600)",0.0063931888544891645
4,-600,12203,301,400,-500,-550.0,"[-600, -500)",0.012593395252837977
4,-500,24124,301,400,-400,-450.0,"[-500, -400)",0.02489576883384933
4,-400,49036,301,400,-300,-350.0,"[-400, -300)",0.050604747162022706
4,-300,95113,301,400,-200,-250.0,"[-300, -200)",0.09815583075335398
4,-200,156794,301,400,-100,-150.0,"[-200, -100)",0.16181011351909186
4,-100,187968,301,400,0,-50.0,"[-100, 0)",0.1939814241486068
4,0,153057,301,400,100,50.0,"[0, 100)",0.15795356037151703
4,100,99623,301,400,200,150.0,"[100, 200)",0.10281011351909185
4,200,60768,301,400,300,250.0,"[200, 300)",0.06271207430340557
4,300,36855,301,400,400,350.0,"[300, 400)",0.03803405572755418
4,400,23135,301,400,500,450.0,"[400, 500)",0.023875128998968008
4,500,15311,301,400,600,550.0,"[500, 600)",0.015800825593395254
4,600,10388,301,400,700,650.0,"[600, 700)",0.0107203302373581
4,700,7488,301,400,800,750.0,"[700, 800)",0.007727554179566563
4,800,5522,301,400,900,850.0,"[800, 900)",0.005698658410732714
4,900,4242,301,400,1000,950.0,"[900, 1000)",0.004377708978328174
4,1000,3038,301,400,1100,1050.0,"[1000, 1100)",0.003135190918472652
4,1100,2228,301,400,1200,1150.0,"[1100, 1200)",0.0022992776057791536
4,1200,1586,301,400,1300,1250.0,"[1200, 1300)",0.0016367389060887513
4,1300,1120,301,400,1400,1350.0,"[1300, 1400)",0.0011558307533539732
4,1400,842,301,400,1500,1450.0,"[1400, 1500)",0.000868937048503612
4,1500,693,301,400,1600,1550.0,"[1500, 1600)",0.000715170278637771
4,1600,511,301,400,1700,1650.0,"[1600, 1700)",0.0005273477812177503
4,1700,487,301,400,1800,1750.0,"[1700, 1800)",0.0005025799793601651
4,1800,434,301,400,1900,1850.0,"[1800, 1900)",0.0004478844169246646
4,1900,349,301,400,2000,1950.0,"[1900, 2000)",0.00036016511867905055
4,2000,277,301,400,2100,2050.0,"[2000, 2100)",0.00028586171310629514
4,2100,227,301,400,2200,2150.0,"[2100, 2200)",0.00023426212590299279
4,2200,163,301,400,2300,2250.0,"[2200, 2300)",0.00016821465428276574
4,2300,113,301,400,2400,2350.0,"[2300, 2400)",0.00011661506707946337
4,2400,81,301,400,2500,2450.0,"[2400, 2500)",8.359133126934985e-05
4,2500,67,301,400,2600,2550.0,"[2500, 2600)",6.914344685242518e-05
4,2600,38,301,400,2700,2650.0,"[2600, 2700)",3.9215686274509805e-05
4,2700,28,301,400,2800,2750.0,"[2700, 2800)",2.8895768833849328e-05
4,2800,34,301,400,2900,2850.0,"[2800, 2900)",3.508771929824561e-05
4,2900,23,301,400,3000,2950.0,"[2900, 3000)",2.3735810113519093e-05
4,3000,12,301,400,3100,3050.0,"[3000, 3100)",1.2383900928792569e-05
4,3100,12,301,400,3200,3150.0,"[3100, 3200)",1.2383900928792569e-05
4,3200,18,301,400,3300,3250.0,"[3200, 3300)",1.8575851393188854e-05
4,3300,6,301,400,3400,3350.0,"[3300, 3400)",6.191950464396284e-06
4,3400,13,301,400,3500,3450.0,"[3400, 3500)",1.3415892672858617e-05
4,3500,13,301,400,3600,3550.0,"[3500, 3600)",1.3415892672858617e-05
4,3600,5,301,400,3700,3650.0,"[3600, 3700)",5.159958720330238e-06
4,3700,7,301,400,3800,3750.0,"[3700, 3800)",7.223942208462332e-06
4,3800,9,301,400,3900,3850.0,"[3800, 3900)",9.287925696594427e-06
4,3900,9,301,400,4000,3950.0,"[3900, 4000)",9.287925696594427e-06
4,4000,4,301,400,4100,4050.0,"[4000, 4100)",4.12796697626419e-06
4,4100,2,301,400,4200,4150.0,"[4100, 4200)",2.063983488132095e-06
4,4200,11,301,400,4300,4250.0,"[4200, 4300)",1.1351909184726522e-05
4,4300,3,301,400,4400,4350.0,"[4300, 4400)",3.095975232198142e-06
4,4400,3,301,400,4500,4450.0,"[4400, 4500)",3.095975232198142e-06
4,4500,1,301,400,4600,4550.0,"[4500, 4600)",1.0319917440660475e-06
4,4600,2,301,400,4700,4650.0,"[4600, 4700)",2.063983488132095e-06
4,4700,1,301,400,4800,4750.0,"[4700, 4800)",1.0319917440660475e-06
4,4800,0,301,400,4900,4850.0,"[4800, 4900)",0.0
4,4900,1,301,400,5000,4950.0,"[4900, 5000)",1.0319917440660475e-06
4,5000,1,301,400,5100,5050.0,"[5000, 5100)",1.0319917440660475e-06
4,5100,0,301,400,5200,5150.0,"[5100, 5200)",0.0
4,5200,0,301,400,5300,5250.0,"[5200, 5300)",0.0
4,5300,0,301,400,5400,5350.0,"[5300, 5400)",0.0
4,5400,0,301,400,5500,5450.0,"[5400, 5500)",0.0
4,5500,0,301,400,5600,5550.0,"[5500, 5600)",0.0
4,5600,0,301,400,5700,5650.0,"[5600, 5700)",0.0
4,5700,1,301,400,5800,5750.0,"[5700, 5800)",1.0319917440660475e-06
5,-5400,0,401,500,-5300,-5350.0,"[-5400, -5300)",0.0
5,-5300,1,401,500,-5200,-5250.0,"[-5300, -5200)",1.0319917440660475e-06
5,-5200,0,401,500,-5100,-5150.0,"[-5200, -5100)",0.0
5,-5100,0,401,500,-5000,-5050.0,"[-5100, -5000)",0.0
5,-5000,0,401,500,-4900,-4950.0,"[-5000, -4900)",0.0
5,-4900,2,401,500,-4800,-4850.0,"[-4900, -4800)",2.063983488132095e-06
5,-4800,1,401,500,-4700,-4750.0,"[-4800, -4700)",1.0319917440660475e-06
5,-4700,1,401,500,-4600,-4650.0,"[-4700, -4600)",1.0319917440660475e-06
5,-4600,4,401,500,-4500,-4550.0,"[-4600, -4500)",4.12796697626419e-06
5,-4500,4,401,500,-4400,-4450.0,"[-4500, -4400)",4.12796697626419e-06
5,-4400,0,401,500,-4300,-4350.0,"[-4400, -4300)",0.0
5,-4300,5,401,500,-4200,-4250.0,"[-4300, -4200)",5.159958720330238e-06
5,-4200,3,401,500,-4100,-4150.0,"[-4200, -4100)",3.095975232198142e-06
5,-4100,4,401,500,-4000,-4050.0,"[-4100, -4000)",4.12796697626419e-06
5,-4000,4,401,500,-3900,-3950.0,"[-4000, -3900)",4.12796697626419e-06
5,-3900,2,401,500,-3800,-3850.0,"[-3900, -3800)",2.063983488132095e-06
5,-3800,2,401,500,-3700,-3750.0,"[-3800, -3700)",2.063983488132095e-06
5,-3700,5,401,500,-3600,-3650.0,"[-3700, -3600)",5.159958720330238e-06
5,-3600,8,401,500,-3500,-3550.0,"[-3600, -3500)",8.25593395252838e-06
5,-3500,17,401,500,-3400,-3450.0,"[-3500, -3400)",1.7543859649122806e-05
5,-3400,8,401,500,-3300,-3350.0,"[-3400, -3300)",8.25593395252838e-06
5,-3300,11,401,500,-3200,-3250.0,"[-3300, -3200)",1.1351909184726522e-05
5,-3200,26,401,500,-3100,-3150.0,"[-3200, -3100)",2.6831785345717234e-05
5,-3100,33,401,500,-3000,-3050.0,"[-3100, -3000)",3.4055727554179566e-05
5,-3000,46,401,500,-2900,-2950.0,"[-3000, -2900)",4.7471620227038185e-05
5,-2900,32,401,500,-2800,-2850.0,"[-2900, -2800)",3.302373581011352e-05
5,-2800,29,401,500,-2700,-2750.0,"[-2800, -2700)",2.9927760577915376e-05
5,-2700,17,401,500,-2600,-2650.0,"[-2700, -2600)",1.7543859649122806e-05
5,-2600,20,401,500,-2500,-2550.0,"[-2600, -2500)",2.063983488132095e-05
5,-2500,22,401,500,-2400,-2450.0,"[-2500, -2400)",2.2703818369453044e-05
5,-2400,18,401,500,-2300,-2350.0,"[-2400, -2300)",1.8575851393188854e-05
5,-2300,16,401,500,-2200,-2250.0,"[-2300, -2200)",1.651186790505676e-05
5,-2200,20,401,500,-2100,-2150.0,"[-2200, -2100)",2.063983488132095e-05
5,-2100,18,401,500,-2000,-2050.0,"[-2100, -2000)",1.8575851393188854e-05
5,-2000,29,401,500,-1900,-1950.0,"[-2000, -1900)",2.9927760577915376e-05
5,-1900,26,401,500,-1800,-1850.0,"[-1900, -1800)",2.6831785345717234e-05
5,-1800,49,401,500,-1700,-1750.0,"[-1800, -1700)",5.056759545923633e-05
5,-1700,51,401,500,-1600,-1650.0,"[-1700, -1600)",5.2631578947368424e-05
5,-1600,89,401,500,-1500,-1550.0,"[-1600, -1500)",9.184726522187822e-05
5,-1500,135,401,500,-1400,-1450.0,"[-1500, -1400)",0.0001393188854489164
5,-1400,163,401,500,-1300,-1350.0,"[-1400, -1300)",0.00016821465428276574
5,-1300,252,401,500,-1200,-1250.0,"[-1300, -1200)",0.00026006191950464394
5,-1200,361,401,500,-1100,-1150.0,"[-1200, -1100)",0.00037254901960784314
5,-1100,664,401,500,-1000,-1050.0,"[-1100, -1000)",0.0006852425180598555
5,-1000,1030,401,500,-900,-950.0,"[-1000, -900)",0.001062951496388029
5,-900,1807,401,500,-800,-850.0,"[-900, -800)",0.0018648090815273478
5,-800,2999,401,500,-700,-750.0,"[-800, -700)",0.0030949432404540765
5,-700,5659,401,500,-600,-650.0,"[-700, -600)",0.005840041279669763
5,-600,10882,401,500,-500,-550.0,"[-600, -500)",0.011230134158926729
5,-500,22486,401,500,-400,-450.0,"[-500, -400)",0.023205366357069143
5,-400,46695,401,500,-300,-350.0,"[-400, -300)",0.04818885448916409
5,-300,93439,401,500,-200,-250.0,"[-300, -200)",0.09642827657378741
5,-200,158786,401,500,-100,-150.0,"[-200, -100)",0.1638658410732714
5,-100,194671,401,500,0,-50.0,"[-100, 0)",0.20089886480908153
5,0,158734,401,500,100,50.0,"[0, 100)",0.16381217750257998
5,100,100348,401,500,200,150.0,"[100, 200)",0.10355830753353973
5,200,60005,401,500,300,250.0,"[200, 300)",0.06192466460268318
5,300,35773,401,500,400,350.0,"[300, 400)",0.03691744066047472
5,400,22066,401,500,500,450.0,"[400, 500)",0.022771929824561405
5,500,14351,401,500,600,550.0,"[500, 600)",0.014810113519091847
5,600,9768,401,500,700,650.0,"[600, 700)",0.010080495356037151
5,700,6993,401,500,800,750.0,"[700, 800)",0.00721671826625387
5,800,5095,401,500,900,850.0,"[800, 900)",0.005257997936016512
5,900,3801,401,500,1000,950.0,"[900, 1000)",0.003922600619195047
5,1000,2806,401,500,1100,1050.0,"[1000, 1100)",0.0028957688338493294
5,1100,2064,401,500,1200,1150.0,"[1100, 1200)",0.002130030959752322
5,1200,1479,401,500,1300,1250.0,"[1200, 1300)",0.0015263157894736842
5,1300,964,401,500,1400,1350.0,"[1300, 1400)",0.0009948400412796697
5,1400,826,401,500,1500,1450.0,"[1400, 1500)",0.0008524251805985552
5,1500,589,401,500,1600,1550.0,"[1500, 1600)",0.0006078431372549019
5,1600,476,401,500,1700,1650.0,"[1600, 1700)",0.0004912280701754386
5,1700,395,401,500,1800,1750.0,"[1700, 1800)",0.0004076367389060887
5,1800,387,401,500,1900,1850.0,"[1800, 1900)",0.00039938080495356037
5,1900,345,401,500,2000,1950.0,"[1900, 2000)",0.00035603715170278637
5,2000,286,401,500,2100,2050.0,"[2000, 2100)",0.0002951496388028896
5,2100,197,401,500,2200,2150.0,"[2100, 2200)",0.00020330237358101135
5,2200,144,401,500,2300,2250.0,"[2200, 2300)",0.00014860681114551083
5,2300,126,401,500,2400,2350.0,"[2300, 2400)",0.00013003095975232197
5,2400,69,401,500,2500,2450.0,"[2400, 2500)",7.120743034055728e-05
5,2500,52,401,500,2600,2550.0,"[2500, 2600)",5.366357069143447e-05
5,2600,43,401,500,2700,2650.0,"[2600, 2700)",4.4375644994840044e-05
5,2700,28,401,500,2800,2750.0,"[2700, 2800)",2.8895768833849328e-05
5,2800,32,401,500,2900,2850.0,"[2800, 2900)",3.302373581011352e-05
5,2900,17,401,500,3000,2950.0,"[2900, 3000)",1.7543859649122806e-05
5,3000,9,401,500,3100,3050.0,"[3000, 3100)",9.287925696594427e-06
5,3100,12,401,500,3200,3150.0,"[3100, 3200)",1.2383900928792569e-05
5,3200,5,401,500,3300,3250.0,"[3200, 3300)",5.159958720330238e-06
5,3300,13,401,500,3400,3350.0,"[3300, 3400)",1.3415892672858617e-05
5,3400,10,401,500,3500,3450.0,"[3400, 3500)",1.0319917440660475e-05
5,3500,7,401,500,3600,3550.0,"[3500, 3600)",7.223942208462332e-06
5,3600,2,401,500,3700,3650.0,"[3600, 3700)",2.063983488132095e-06
5,3700,6,401,500,3800,3750.0,"[3700, 3800)",6.191950464396284e-06
5,3800,2,401,500,3900,3850.0,"[3800, 3900)",2.063983488132095e-06
5,3900,2,401,500,4000,3950.0,"[3900, 4000)",2.063983488132095e-06
5,4000,1,401,500,4100,4050.0,"[4000, 4100)",1.0319917440660475e-06
5,4100,5,401,500,4200,4150.0,"[4100, 4200)",5.159958720330238e-06
5,4200,3,401,500,4300,4250.0,"[4200, 4300)",3.095975232198142e-06
5,4300,4,401,500,4400,4350.0,"[4300, 4400)",4.12796697626419e-06
5,4400,5,401,500,4500,4450.0,"[4400, 4500)",5.159958720330238e-06
5,4500,2,401,500,4600,4550.0,"[4500, 4600)",2.063983488132095e-06
5,4600,1,401,500,4700,4650.0,"[4600, 4700)",1.0319917440660475e-06
5,4700,0,401,500,4800,4750.0,"[4700, 4800)",0.0
5,4800,0,401,500,4900,4850.0,"[4800, 4900)",0.0
5,4900,0,401,500,5000,4950.0,"[4900, 5000)",0.0
5,5000,0,401,500,5100,5050.0,"[5000, 5100)",0.0
5,5100,0,401,500,5200,5150.0,"[5100, 5200)",0.0
5,5200,0,401,500,5300,5250.0,"[5200, 5300)",0.0
5,5300,0,401,500,5400,5350.0,"[5300, 5400)",0.0
5,5400,0,401,500,5500,5450.0,"[5400, 5500)",0.0
5,5500,0,401,500,5600,5550.0,"[5500, 5600)",0.0
5,5600,0,401,500,5700,5650.0,"[5600, 5700)",0.0
5,5700,0,401,500,5800,5750.0,"[5700, 5800)",0.0
6,-5400,1,501,600,-5300,-5350.0,"[-5400, -5300)",1.0319917440660475e-06
6,-5300,1,501,600,-5200,-5250.0,"[-5300, -5200)",1.0319917440660475e-06
6,-5200,0,501,600,-5100,-5150.0,"[-5200, -5100)",0.0
6,-5100,0,501,600,-5000,-5050.0,"[-5100, -5000)",0.0
6,-5000,0,501,600,-4900,-4950.0,"[-5000, -4900)",0.0
6,-4900,0,501,600,-4800,-4850.0,"[-4900, -4800)",0.0
6,-4800,0,501,600,-4700,-4750.0,"[-4800, -4700)",0.0
6,-4700,3,501,600,-4600,-4650.0,"[-4700, -4600)",3.095975232198142e-06
6,-4600,1,501,600,-4500,-4550.0,"[-4600, -4500)",1.0319917440660475e-06
6,-4500,3,501,600,-4400,-4450.0,"[-4500, -4400)",3.095975232198142e-06
6,-4400,7,501,600,-4300,-4350.0,"[-4400, -4300)",7.223942208462332e-06
6,-4300,5,501,600,-4200,-4250.0,"[-4300, -4200)",5.159958720330238e-06
6,-4200,4,501,600,-4100,-4150.0,"[-4200, -4100)",4.12796697626419e-06
6,-4100,2,501,600,-4000,-4050.0,"[-4100, -4000)",2.063983488132095e-06
6,-4000,5,501,600,-3900,-3950.0,"[-4000, -3900)",5.159958720330238e-06
6,-3900,2,501,600,-3800,-3850.0,"[-3900, -3800)",2.063983488132095e-06
6,-3800,1,501,600,-3700,-3750.0,"[-3800, -3700)",1.0319917440660475e-06
6,-3700,3,501,600,-3600,-3650.0,"[-3700, -3600)",3.095975232198142e-06
6,-3600,9,501,600,-3500,-3550.0,"[-3600, -3500)",9.287925696594427e-06
6,-3500,14,501,600,-3400,-3450.0,"[-3500, -3400)",1.4447884416924664e-05
6,-3400,16,501,600,-3300,-3350.0,"[-3400, -3300)",1.651186790505676e-05
6,-3300,25,501,600,-3200,-3250.0,"[-3300, -3200)",2.5799793601651186e-05
6,-3200,17,501,600,-3100,-3150.0,"[-3200, -3100)",1.7543859649122806e-05
6,-3100,36,501,600,-3000,-3050.0,"[-3100, -3000)",3.715170278637771e-05
6,-3000,50,501,600,-2900,-2950.0,"[-3000, -2900)",5.159958720330237e-05
6,-2900,31,501,600,-2800,-2850.0,"[-2900, -2800)",3.199174406604747e-05
6,-2800,16,501,600,-2700,-2750.0,"[-2800, -2700)",1.651186790505676e-05
6,-2700,15,501,600,-2600,-2650.0,"[-2700, -2600)",1.5479876160990712e-05
6,-2600,19,501,600,-2500,-2550.0,"[-2600, -2500)",1.9607843137254903e-05
6,-2500,21,501,600,-2400,-2450.0,"[-2500, -2400)",2.1671826625386996e-05
6,-2400,20,501,600,-2300,-2350.0,"[-2400, -2300)",2.063983488132095e-05
6,-2300,17,501,600,-2200,-2250.0,"[-2300, -2200)",1.7543859649122806e-05
6,-2200,21,501,600,-2100,-2150.0,"[-2200, -2100)",2.1671826625386996e-05
6,-2100,18,501,600,-2000,-2050.0,"[-2100, -2000)",1.8575851393188854e-05
6,-2000,26,501,600,-1900,-1950.0,"[-2000, -1900)",2.6831785345717234e-05
6,-1900,32,501,600,-1800,-1850.0,"[-1900, -1800)",3.302373581011352e-05
6,-1800,42,501,600,-1700,-1750.0,"[-1800, -1700)",4.334365325077399e-05
6,-1700,51,501,600,-1600,-1650.0,"[-1700, -1600)",5.2631578947368424e-05
6,-1600,97,501,600,-1500,-1550.0,"[-1600, -1500)",0.00010010319917440661
6,-1500,114,501,600,-1400,-1450.0,"[-1500, -1400)",0.00011764705882352942
6,-1400,166,501,600,-1300,-1350.0,"[-1400, -1300)",0.00017131062951496388
6,-1300,220,501,600,-1200,-1250.0,"[-1300, -1200)",0.00022703818369453044
6,-1200,405,501,600,-1100,-1150.0,"[-1200, -1100)",0.00041795665634674923
6,-1100,607,501,600,-1000,-1050.0,"[-1100, -1000)",0.0006264189886480908
6,-1000,893,501,600,-900,-950.0,"[-1000, -900)",0.0009215686274509804
6,-900,1640,501,600,-800,-850.0,"[-900, -800)",0.001692466460268318
6,-800,2801,501,600,-700,-750.0,"[-800, -700)",0.002890608875128999
6,-700,5309,501,600,-600,-650.0,"[-700, -600)",0.005478844169246646
6,-600,10246,501,600,-500,-550.0,"[-600, -500)",0.010573787409700722
6,-500,21406,501,600,-400,-450.0,"[-500, -400)",0.022090815273477813
6,-400,44710,501,600,-300,-350.0,"[-400, -300)",0.04614035087719298
6,-300,91856,501,600,-200,-250.0,"[-300, -200)",0.09479463364293085
6,-200,159929,501,600,-100,-150.0,"[-200, -100)",0.16504540763673892
6,-100,199712,501,600,0,-50.0,"[-100, 0)",0.20610113519091847
6,0,162202,501,600,100,50.0,"[0, 100)",0.16739112487100102
6,100,101073,501,600,200,150.0,"[100, 200)",0.10430650154798761
6,200,59639,501,600,300,250.0,"[200, 300)",0.061546955624355006
6,300,35308,501,600,400,350.0,"[300, 400)",0.036437564499484
6,400,21408,501,600,500,450.0,"[400, 500)",0.022092879256965944
6,500,13962,501,600,600,550.0,"[500, 600)",0.014408668730650154
6,600,9241,501,600,700,650.0,"[600, 700)",0.009536635706914345
6,700,6558,501,600,800,750.0,"[700, 800)",0.0067678018575851396
6,800,4827,501,600,900,850.0,"[800, 900)",0.004981424148606811
6,900,3635,501,600,1000,950.0,"[900, 1000)",0.0037512899896800823
6,1000,2618,501,600,1100,1050.0,"[1000, 1100)",0.002701754385964912
6,1100,1938,501,600,1200,1150.0,"[1100, 1200)",0.002
6,1200,1331,501,600,1300,1250.0,"[1200, 1300)",0.0013735810113519092
6,1300,963,501,600,1400,1350.0,"[1300, 1400)",0.0009938080495356038
6,1400,706,501,600,1500,1450.0,"[1400, 1500)",0.0007285861713106296
6,1500,561,501,600,1600,1550.0,"[1500, 1600)",0.0005789473684210527
6,1600,448,501,600,1700,1650.0,"[1600, 1700)",0.00046233230134158925
6,1700,376,501,600,1800,1750.0,"[1700, 1800)",0.00038802889576883384
6,1800,311,501,600,1900,1850.0,"[1800, 1900)",0.0003209494324045408
6,1900,316,501,600,2000,1950.0,"[1900, 2000)",0.000326109391124871
6,2000,253,501,600,2100,2050.0,"[2000, 2100)",0.00026109391124871
6,2100,184,501,600,2200,2150.0,"[2100, 2200)",0.00018988648090815274
6,2200,138,501,600,2300,2250.0,"[2200, 2300)",0.00014241486068111456
6,2300,82,501,600,2400,2350.0,"[2300, 2400)",8.46233230134159e-05
6,2400,50,501,600,2500,2450.0,"[2400, 2500)",5.159958720330237e-05
6,2500,39,501,600,2600,2550.0,"[2500, 2600)",4.024767801857585e-05
6,2600,35,501,600,2700,2650.0,"[2600, 2700)",3.611971104231166e-05
6,2700,19,501,600,2800,2750.0,"[2700, 2800)",1.9607843137254903e-05
6,2800,26,501,600,2900,2850.0,"[2800, 2900)",2.6831785345717234e-05
6,2900,15,501,600,3000,2950.0,"[2900, 3000)",1.5479876160990712e-05
6,3000,15,501,600,3100,3050.0,"[3000, 3100)",1.5479876160990712e-05
6,3100,8,501,600,3200,3150.0,"[3100, 3200)",8.25593395252838e-06
6,3200,5,501,600,3300,3250.0,"[3200, 3300)",5.159958720330238e-06
6,3300,9,501,600,3400,3350.0,"[3300, 3400)",9.287925696594427e-06
6,3400,7,501,600,3500,3450.0,"[3400, 3500)",7.223942208462332e-06
6,3500,7,501,600,3600,3550.0,"[3500, 3600)",7.223942208462332e-06
6,3600,8,501,600,3700,3650.0,"[3600, 3700)",8.25593395252838e-06
6,3700,6,501,600,3800,3750.0,"[3700, 3800)",6.191950464396284e-06
6,3800,3,501,600,3900,3850.0,"[3800, 3900)",3.095975232198142e-06
6,3900,3,501,600,4000,3950.0,"[3900, 4000)",3.095975232198142e-06
6,4000,8,501,600,4100,4050.0,"[4000, 4100)",8.25593395252838e-06
6,4100,4,501,600,4200,4150.0,"[4100, 4200)",4.12796697626419e-06
6,4200,1,501,600,4300,4250.0,"[4200, 4300)",1.0319917440660475e-06
6,4300,4,501,600,4400,4350.0,"[4300, 4400)",4.12796697626419e-06
6,4400,1,501,600,4500,4450.0,"[4400, 4500)",1.0319917440660475e-06
6,4500,2,501,600,4600,4550.0,"[4500, 4600)",2.063983488132095e-06
6,4600,0,501,600,4700,4650.0,"[4600, 4700)",0.0
6,4700,1,501,600,4800,4750.0,"[4700, 4800)",1.0319917440660475e-06
6,4800,0,501,600,4900,4850.0,"[4800, 4900)",0.0
6,4900,0,501,600,5000,4950.0,"[4900, 5000)",0.0
6,5000,0,501,600,5100,5050.0,"[5000, 5100)",0.0
6,5100,0,501,600,5200,5150.0,"[5100, 5200)",0.0
6,5200,0,501,600,5300,5250.0,"[5200, 5300)",0.0
6,5300,0,501,600,5400,5350.0,"[5300, 5400)",0.0
6,5400,0,501,600,5500,5450.0,"[5400, 5500)",0.0
6,5500,1,501,600,5600,5550.0,"[5500, 5600)",1.0319917440660475e-06
6,5600,0,501,600,5700,5650.0,"[5600, 5700)",0.0
6,5700,0,501,600,5800,5750.0,"[5700, 5800)",0.0
7,-5400,1,601,700,-5300,-5350.0,"[-5400, -5300)",1.0319917440660475e-06
7,-5300,1,601,700,-5200,-5250.0,"[-5300, -5200)",1.0319917440660475e-06
7,-5200,1,601,700,-5100,-5150.0,"[-5200, -5100)",1.0319917440660475e-06
7,-5100,0,601,700,-5000,-5050.0,"[-5100, -5000)",0.0
7,-5000,0,601,700,-4900,-4950.0,"[-5000, -4900)",0.0
7,-4900,3,601,700,-4800,-4850.0,"[-4900, -4800)",3.095975232198142e-06
7,-4800,0,601,700,-4700,-4750.0,"[-4800, -4700)",0.0
7,-4700,0,601,700,-4600,-4650.0,"[-4700, -4600)",0.0
7,-4600,4,601,700,-4500,-4550.0,"[-4600, -4500)",4.12796697626419e-06
7,-4500,2,601,700,-4400,-4450.0,"[-4500, -4400)",2.063983488132095e-06
7,-4400,3,601,700,-4300,-4350.0,"[-4400, -4300)",3.095975232198142e-06
7,-4300,3,601,700,-4200,-4250.0,"[-4300, -4200)",3.095975232198142e-06
7,-4200,4,601,700,-4100,-4150.0,"[-4200, -4100)",4.12796697626419e-06
7,-4100,2,601,700,-4000,-4050.0,"[-4100, -4000)",2.063983488132095e-06
7,-4000,2,601,700,-3900,-3950.0,"[-4000, -3900)",2.063983488132095e-06
7,-3900,4,601,700,-3800,-3850.0,"[-3900, -3800)",4.12796697626419e-06
7,-3800,4,601,700,-3700,-3750.0,"[-3800, -3700)",4.12796697626419e-06
7,-3700,6,601,700,-3600,-3650.0,"[-3700, -3600)",6.191950464396284e-06
7,-3600,13,601,700,-3500,-3550.0,"[-3600, -3500)",1.3415892672858617e-05
7,-3500,21,601,700,-3400,-3450.0,"[-3500, -3400)",2.1671826625386996e-05
7,-3400,15,601,700,-3300,-3350.0,"[-3400, -3300)",1.5479876160990712e-05
7,-3300,13,601,700,-3200,-3250.0,"[-3300, -3200)",1.3415892672858617e-05
7,-3200,31,601,700,-3100,-3150.0,"[-3200, -3100)",3.199174406604747e-05
7,-3100,33,601,700,-3000,-3050.0,"[-3100, -3000)",3.4055727554179566e-05
7,-3000,35,601,700,-2900,-2950.0,"[-3000, -2900)",3.611971104231166e-05
7,-2900,24,601,700,-2800,-2850.0,"[-2900, -2800)",2.4767801857585138e-05
7,-2800,21,601,700,-2700,-2750.0,"[-2800, -2700)",2.1671826625386996e-05
7,-2700,17,601,700,-2600,-2650.0,"[-2700, -2600)",1.7543859649122806e-05
7,-2600,24,601,700,-2500,-2550.0,"[-2600, -2500)",2.4767801857585138e-05
7,-2500,22,601,700,-2400,-2450.0,"[-2500, -2400)",2.2703818369453044e-05
7,-2400,12,601,700,-2300,-2350.0,"[-2400, -2300)",1.2383900928792569e-05
7,-2300,7,601,700,-2200,-2250.0,"[-2300, -2200)",7.223942208462332e-06
7,-2200,11,601,700,-2100,-2150.0,"[-2200, -2100)",1.1351909184726522e-05
7,-2100,20,601,700,-2000,-2050.0,"[-2100, -2000)",2.063983488132095e-05
7,-2000,18,601,700,-1900,-1950.0,"[-2000, -1900)",1.8575851393188854e-05
7,-1900,24,601,700,-1800,-1850.0,"[-1900, -1800)",2.4767801857585138e-05
7,-1800,41,601,700,-1700,-1750.0,"[-1800, -1700)",4.231166150670795e-05
7,-1700,47,601,700,-1600,-1650.0,"[-1700, -1600)",4.850361197110423e-05
7,-1600,98,601,700,-1500,-1550.0,"[-1600, -1500)",0.00010113519091847265
7,-1500,116,601,700,-1400,-1450.0,"[-1500, -1400)",0.0001197110423116615
7,-1400,153,601,700,-1300,-1350.0,"[-1400, -1300)",0.00015789473684210527
7,-1300,220,601,700,-1200,-1250.0,"[-1300, -1200)",0.00022703818369453044
7,-1200,347,601,700,-1100,-1150.0,"[-1200, -1100)",0.00035810113519091846
7,-1100,596,601,700,-1000,-1050.0,"[-1100, -1000)",0.0006150670794633643
7,-1000,906,601,700,-900,-950.0,"[-1000, -900)",0.000934984520123839
7,-900,1575,601,700,-800,-850.0,"[-900, -800)",0.0016253869969040248
7,-800,2715,601,700,-700,-750.0,"[-800, -700)",0.002801857585139319
7,-700,4910,601,700,-600,-650.0,"[-700, -600)",0.0050670794633642935
7,-600,9762,601,700,-500,-550.0,"[-600, -500)",0.010074303405572756
7,-500,20394,601,700,-400,-450.0,"[-500, -400)",0.02104643962848297
7,-400,43521,601,700,-300,-350.0,"[-400, -300)",0.04491331269349845
7,-300,91126,601,700,-200,-250.0,"[-300, -200)",0.09404127966976264
7,-200,161137,601,700,-100,-150.0,"[-200, -100)",0.1662920536635707
7,-100,203297,601,700,0,-50.0,"[-100, 0)",0.20980082559339525
7,0,164879,601,700,100,50.0,"[0, 100)",0.17015376676986585
7,100,101845,601,700,200,150.0,"[100, 200)",0.10510319917440661
7,200,58879,601,700,300,250.0,"[200, 300)",0.06076264189886481
7,300,34321,601,700,400,350.0,"[300, 400)",0.035418988648090816
7,400,21058,601,700,500,450.0,"[400, 500)",0.02173168214654283
7,500,13329,601,700,600,550.0,"[500, 600)",0.013755417956656347
7,600,8885,601,700,700,650.0,"[600, 700)",0.009169246646026832
7,700,6238,601,700,800,750.0,"[700, 800)",0.006437564499484004
7,800,4599,601,700,900,850.0,"[800, 900)",0.0047461300309597524
7,900,3478,601,700,1000,950.0,"[900, 1000)",0.003589267285861713
7,1000,2555,601,700,1100,1050.0,"[1000, 1100)",0.0026367389060887514
7,1100,1846,601,700,1200,1150.0,"[1100, 1200)",0.0019050567595459236
7,1200,1273,601,700,1300,1250.0,"[1200, 1300)",0.0013137254901960784
7,1300,929,601,700,1400,1350.0,"[1300, 1400)",0.0009587203302373581
7,1400,740,601,700,1500,1450.0,"[1400, 1500)",0.0007636738906088751
7,1500,509,601,700,1600,1550.0,"[1500, 1600)",0.0005252837977296181
7,1600,387,601,700,1700,1650.0,"[1600, 1700)",0.00039938080495356037
7,1700,364,601,700,1800,1750.0,"[1700, 1800)",0.0003756449948400413
7,1800,363,601,700,1900,1850.0,"[1800, 1900)",0.00037461300309597523
7,1900,288,601,700,2000,1950.0,"[1900, 2000)",0.00029721362229102167
7,2000,216,601,700,2100,2050.0,"[2000, 2100)",0.00022291021671826626
7,2100,184,601,700,2200,2150.0,"[2100, 2200)",0.00018988648090815274
7,2200,117,601,700,2300,2250.0,"[2200, 2300)",0.00012074303405572755
7,2300,85,601,700,2400,2350.0,"[2300, 2400)",8.771929824561403e-05
7,2400,58,601,700,2500,2450.0,"[2400, 2500)",5.985552115583075e-05
7,2500,37,601,700,2600,2550.0,"[2500, 2600)",3.818369453044375e-05
7,2600,34,601,700,2700,2650.0,"[2600, 2700)",3.508771929824561e-05
7,2700,27,601,700,2800,2750.0,"[2700, 2800)",2.7863777089783283e-05
7,2800,23,601,700,2900,2850.0,"[2800, 2900)",2.3735810113519093e-05
7,2900,10,601,700,3000,2950.0,"[2900, 3000)",1.0319917440660475e-05
7,3000,12,601,700,3100,3050.0,"[3000, 3100)",1.2383900928792569e-05
7,3100,9,601,700,3200,3150.0,"[3100, 3200)",9.287925696594427e-06
7,3200,8,601,700,3300,3250.0,"[3200, 3300)",8.25593395252838e-06
7,3300,9,601,700,3400,3350.0,"[3300, 3400)",9.287925696594427e-06
7,3400,9,601,700,3500,3450.0,"[3400, 3500)",9.287925696594427e-06
7,3500,3,601,700,3600,3550.0,"[3500, 3600)",3.095975232198142e-06
7,3600,8,601,700,3700,3650.0,"[3600, 3700)",8.25593395252838e-06
7,3700,1,601,700,3800,3750.0,"[3700, 3800)",1.0319917440660475e-06
7,3800,0,601,700,3900,3850.0,"[3800, 3900)",0.0
7,3900,4,601,700,4000,3950.0,"[3900, 4000)",4.12796697626419e-06
7,4000,1,601,700,4100,4050.0,"[4000, 4100)",1.0319917440660475e-06
7,4100,3,601,700,4200,4150.0,"[4100, 4200)",3.095975232198142e-06
7,4200,4,601,700,4300,4250.0,"[4200, 4300)",4.12796697626419e-06
7,4300,5,601,700,4400,4350.0,"[4300, 4400)",5.159958720330238e-06
7,4400,4,601,700,4500,4450.0,"[4400, 4500)",4.12796697626419e-06
7,4500,1,601,700,4600,4550.0,"[4500, 4600)",1.0319917440660475e-06
7,4600,0,601,700,4700,4650.0,"[4600, 4700)",0.0
7,4700,1,601,700,4800,4750.0,"[4700, 4800)",1.0319917440660475e-06
7,4800,0,601,700,4900,4850.0,"[4800, 4900)",0.0
7,4900,0,601,700,5000,4950.0,"[4900, 5000)",0.0
7,5000,0,601,700,5100,5050.0,"[5000, 5100)",0.0
7,5100,0,601,700,5200,5150.0,"[5100, 5200)",0.0
7,5200,0,601,700,5300,5250.0,"[5200, 5300)",0.0
7,5300,0,601,700,5400,5350.0,"[5300, 5400)",0.0
7,5400,0,601,700,5500,5450.0,"[5400, 5500)",0.0
7,5500,0,601,700,5600,5550.0,"[5500, 5600)",0.0
7,5600,0,601,700,5700,5650.0,"[5600, 5700)",0.0
7,5700,0,601,700,5800,5750.0,"[5700, 5800)",0.0
8,-5400,1,701,800,-5300,-5350.0,"[-5400, -5300)",1.0319917440660475e-06
8,-5300,0,701,800,-5200,-5250.0,"[-5300, -5200)",0.0
8,-5200,1,701,800,-5100,-5150.0,"[-5200, -5100)",1.0319917440660475e-06
8,-5100,0,701,800,-5000,-5050.0,"[-5100, -5000)",0.0
8,-5000,1,701,800,-4900,-4950.0,"[-5000, -4900)",1.0319917440660475e-06
8,-4900,1,701,800,-4800,-4850.0,"[-4900, -4800)",1.0319917440660475e-06
8,-4800,4,701,800,-4700,-4750.0,"[-4800, -4700)",4.12796697626419e-06
8,-4700,2,701,800,-4600,-4650.0,"[-4700, -4600)",2.063983488132095e-06
8,-4600,3,701,800,-4500,-4550.0,"[-4600, -4500)",3.095975232198142e-06
8,-4500,3,701,800,-4400,-4450.0,"[-4500, -4400)",3.095975232198142e-06
8,-4400,3,701,800,-4300,-4350.0,"[-4400, -4300)",3.095975232198142e-06
8,-4300,1,701,800,-4200,-4250.0,"[-4300, -4200)",1.0319917440660475e-06
8,-4200,1,701,800,-4100,-4150.0,"[-4200, -4100)",1.0319917440660475e-06
8,-4100,0,701,800,-4000,-4050.0,"[-4100, -4000)",0.0
8,-4000,8,701,800,-3900,-3950.0,"[-4000, -3900)",8.25593395252838e-06
8,-3900,0,701,800,-3800,-3850.0,"[-3900, -3800)",0.0
8,-3800,3,701,800,-3700,-3750.0,"[-3800, -3700)",3.095975232198142e-06
8,-3700,10,701,800,-3600,-3650.0,"[-3700, -3600)",1.0319917440660475e-05
8,-3600,8,701,800,-3500,-3550.0,"[-3600, -3500)",8.25593395252838e-06
8,-3500,15,701,800,-3400,-3450.0,"[-3500, -3400)",1.5479876160990712e-05
8,-3400,14,701,800,-3300,-3350.0,"[-3400, -3300)",1.4447884416924664e-05
8,-3300,14,701,800,-3200,-3250.0,"[-3300, -3200)",1.4447884416924664e-05
8,-3200,19,701,800,-3100,-3150.0,"[-3200, -3100)",1.9607843137254903e-05
8,-3100,18,701,800,-3000,-3050.0,"[-3100, -3000)",1.8575851393188854e-05
8,-3000,42,701,800,-2900,-2950.0,"[-3000, -2900)",4.334365325077399e-05
8,-2900,27,701,800,-2800,-2850.0,"[-2900, -2800)",2.7863777089783283e-05
8,-2800,17,701,800,-2700,-2750.0,"[-2800, -2700)",1.7543859649122806e-05
8,-2700,7,701,800,-2600,-2650.0,"[-2700, -2600)",7.223942208462332e-06
8,-2600,11,701,800,-2500,-2550.0,"[-2600, -2500)",1.1351909184726522e-05
8,-2500,11,701,800,-2400,-2450.0,"[-2500, -2400)",1.1351909184726522e-05
8,-2400,15,701,800,-2300,-2350.0,"[-2400, -2300)",1.5479876160990712e-05
8,-2300,13,701,800,-2200,-2250.0,"[-2300, -2200)",1.3415892672858617e-05
8,-2200,11,701,800,-2100,-2150.0,"[-2200, -2100)",1.1351909184726522e-05
8,-2100,15,701,800,-2000,-2050.0,"[-2100, -2000)",1.5479876160990712e-05
8,-2000,19,701,800,-1900,-1950.0,"[-2000, -1900)",1.9607843137254903e-05
8,-1900,14,701,800,-1800,-1850.0,"[-1900, -1800)",1.4447884416924664e-05
8,-1800,46,701,800,-1700,-1750.0,"[-1800, -1700)",4.7471620227038185e-05
8,-1700,52,701,800,-1600,-1650.0,"[-1700, -1600)",5.366357069143447e-05
8,-1600,69,701,800,-1500,-1550.0,"[-1600, -1500)",7.120743034055728e-05
8,-1500,103,701,800,-1400,-1450.0,"[-1500, -1400)",0.00010629514963880289
8,-1400,152,701,800,-1300,-1350.0,"[-1400, -1300)",0.00015686274509803922
8,-1300,186,701,800,-1200,-1250.0,"[-1300, -1200)",0.00019195046439628483
8,-1200,338,701,800,-1100,-1150.0,"[-1200, -1100)",0.000348813209494324
8,-1100,591,701,800,-1000,-1050.0,"[-1100, -1000)",0.0006099071207430341
8,-1000,903,701,800,-900,-950.0,"[-1000, -900)",0.0009318885448916409
8,-900,1571,701,800,-800,-850.0,"[-900, -800)",0.0016212590299277607
8,-800,2513,701,800,-700,-750.0,"[-800, -700)",0.002593395252837977
8,-700,4732,701,800,-600,-650.0,"[-700, -600)",0.004883384932920537
8,-600,9482,701,800,-500,-550.0,"[-600, -500)",0.009785345717234262
8,-500,19863,701,800,-400,-450.0,"[-500, -400)",0.0204984520123839
8,-400,42651,701,800,-300,-350.0,"[-400, -300)",0.044015479876160994
8,-300,90546,701,800,-200,-250.0,"[-300, -200)",0.09344272445820434
8,-200,163024,701,800,-100,-150.0,"[-200, -100)",0.16823942208462334
8,-100,205160,701,800,0,-50.0,"[-100, 0)",0.2117234262125903
8,0,166688,701,800,100,50.0,"[0, 100)",0.17202063983488133
8,100,102198,701,800,200,150.0,"[100, 200)",0.10546749226006193
8,200,58268,701,800,300,250.0,"[200, 300)",0.060132094943240455
8,300,33573,701,800,400,350.0,"[300, 400)",0.03464705882352941
8,400,20352,701,800,500,450.0,"[400, 500)",0.021003095975232196
8,500,13110,701,800,600,550.0,"[500, 600)",0.013529411764705882
8,600,8820,701,800,700,650.0,"[600, 700)",0.00910216718266254
8,700,6139,701,800,800,750.0,"[700, 800)",0.006335397316821465
8,800,4569,701,800,900,850.0,"[800, 900)",0.004715170278637771
8,900,3209,701,800,1000,950.0,"[900, 1000)",0.0033116615067079465
8,1000,2539,701,800,1100,1050.0,"[1000, 1100)",0.0026202270381836946
8,1100,1839,701,800,1200,1150.0,"[1100, 1200)",0.0018978328173374613
8,1200,1233,701,800,1300,1250.0,"[1200, 1300)",0.0012724458204334366
8,1300,834,701,800,1400,1350.0,"[1300, 1400)",0.0008606811145510835
8,1400,633,701,800,1500,1450.0,"[1400, 1500)",0.000653250773993808
8,1500,503,701,800,1600,1550.0,"[1500, 1600)",0.0005190918472652219
8,1600,382,701,800,1700,1650.0,"[1600, 1700)",0.0003942208462332301
8,1700,340,701,800,1800,1750.0,"[1700, 1800)",0.0003508771929824561
8,1800,299,701,800,1900,1850.0,"[1800, 1900)",0.0003085655314757482
8,1900,304,701,800,2000,1950.0,"[1900, 2000)",0.00031372549019607844
8,2000,233,701,800,2100,2050.0,"[2000, 2100)",0.00024045407636738906
8,2100,172,701,800,2200,2150.0,"[2100, 2200)",0.00017750257997936017
8,2200,113,701,800,2300,2250.0,"[2200, 2300)",0.00011661506707946337
8,2300,80,701,800,2400,2350.0,"[2300, 2400)",8.25593395252838e-05
8,2400,50,701,800,2500,2450.0,"[2400, 2500)",5.159958720330237e-05
8,2500,44,701,800,2600,2550.0,"[2500, 2600)",4.540763673890609e-05
8,2600,22,701,800,2700,2650.0,"[2600, 2700)",2.2703818369453044e-05
8,2700,18,701,800,2800,2750.0,"[2700, 2800)",1.8575851393188854e-05
8,2800,22,701,800,2900,2850.0,"[2800, 2900)",2.2703818369453044e-05
8,2900,19,701,800,3000,2950.0,"[2900, 3000)",1.9607843137254903e-05
8,3000,14,701,800,3100,3050.0,"[3000, 3100)",1.4447884416924664e-05
8,3100,4,701,800,3200,3150.0,"[3100, 3200)",4.12796697626419e-06
8,3200,5,701,800,3300,3250.0,"[3200, 3300)",5.159958720330238e-06
8,3300,9,701,800,3400,3350.0,"[3300, 3400)",9.287925696594427e-06
8,3400,6,701,800,3500,3450.0,"[3400, 3500)",6.191950464396284e-06
8,3500,5,701,800,3600,3550.0,"[3500, 3600)",5.159958720330238e-06
8,3600,7,701,800,3700,3650.0,"[3600, 3700)",7.223942208462332e-06
8,3700,3,701,800,3800,3750.0,"[3700, 3800)",3.095975232198142e-06
8,3800,4,701,800,3900,3850.0,"[3800, 3900)",4.12796697626419e-06
8,3900,0,701,800,4000,3950.0,"[3900, 4000)",0.0
8,4000,2,701,800,4100,4050.0,"[4000, 4100)",2.063983488132095e-06
8,4100,4,701,800,4200,4150.0,"[4100, 4200)",4.12796697626419e-06
8,4200,2,701,800,4300,4250.0,"[4200, 4300)",2.063983488132095e-06
8,4300,7,701,800,4400,4350.0,"[4300, 4400)",7.223942208462332e-06
8,4400,6,701,800,4500,4450.0,"[4400, 4500)",6.191950464396284e-06
8,4500,1,701,800,4600,4550.0,"[4500, 4600)",1.0319917440660475e-06
8,4600,1,701,800,4700,4650.0,"[4600, 4700)",1.0319917440660475e-06
8,4700,0,701,800,4800,4750.0,"[4700, 4800)",0.0
8,4800,0,701,800,4900,4850.0,"[4800, 4900)",0.0
8,4900,0,701,800,5000,4950.0,"[4900, 5000)",0.0
8,5000,0,701,800,5100,5050.0,"[5000, 5100)",0.0
8,5100,0,701,800,5200,5150.0,"[5100, 5200)",0.0
8,5200,0,701,800,5300,5250.0,"[5200, 5300)",0.0
8,5300,0,701,800,5400,5350.0,"[5300, 5400)",0.0
8,5400,0,701,800,5500,5450.0,"[5400, 5500)",0.0
8,5500,0,701,800,5600,5550.0,"[5500, 5600)",0.0
8,5600,1,701,800,5700,5650.0,"[5600, 5700)",1.0319917440660475e-06
8,5700,0,701,800,5800,5750.0,"[5700, 5800)",0.0
9,-5400,0,801,900,-5300,-5350.0,"[-5400, -5300)",0.0
9,-5300,0,801,900,-5200,-5250.0,"[-5300, -5200)",0.0
9,-5200,1,801,900,-5100,-5150.0,"[-5200, -5100)",1.0319917440660475e-06
9,-5100,0,801,900,-5000,-5050.0,"[-5100, -5000)",0.0
9,-5000,0,801,900,-4900,-4950.0,"[-5000, -4900)",0.0
9,-4900,0,801,900,-4800,-4850.0,"[-4900, -4800)",0.0
9,-4800,1,801,900,-4700,-4750.0,"[-4800, -4700)",1.0319917440660475e-06
9,-4700,2,801,900,-4600,-4650.0,"[-4700, -4600)",2.063983488132095e-06
9,-4600,2,801,900,-4500,-4550.0,"[-4600, -4500)",2.063983488132095e-06
9,-4500,2,801,900,-4400,-4450.0,"[-4500, -4400)",2.063983488132095e-06
9,-4400,3,801,900,-4300,-4350.0,"[-4400, -4300)",3.095975232198142e-06
9,-4300,4,801,900,-4200,-4250.0,"[-4300, -4200)",4.12796697626419e-06
9,-4200,0,801,900,-4100,-4150.0,"[-4200, -4100)",0.0
9,-4100,1,801,900,-4000,-4050.0,"[-4100, -4000)",1.0319917440660475e-06
9,-4000,2,801,900,-3900,-3950.0,"[-4000, -3900)",2.063983488132095e-06
9,-3900,8,801,900,-3800,-3850.0,"[-3900, -3800)",8.25593395252838e-06
9,-3800,5,801,900,-3700,-3750.0,"[-3800, -3700)",5.159958720330238e-06
9,-3700,9,801,900,-3600,-3650.0,"[-3700, -3600)",9.287925696594427e-06
9,-3600,15,801,900,-3500,-3550.0,"[-3600, -3500)",1.5479876160990712e-05
9,-3500,15,801,900,-3400,-3450.0,"[-3500, -3400)",1.5479876160990712e-05
9,-3400,12,801,900,-3300,-3350.0,"[-3400, -3300)",1.2383900928792569e-05
9,-3300,12,801,900,-3200,-3250.0,"[-3300, -3200)",1.2383900928792569e-05
9,-3200,23,801,900,-3100,-3150.0,"[-3200, -3100)",2.3735810113519093e-05
9,-3100,37,801,900,-3000,-3050.0,"[-3100, -3000)",3.818369453044375e-05
9,-3000,37,801,900,-2900,-2950.0,"[-3000, -2900)",3.818369453044375e-05
9,-2900,32,801,900,-2800,-2850.0,"[-2900, -2800)",3.302373581011352e-05
9,-2800,22,801,900,-2700,-2750.0,"[-2800, -2700)",2.2703818369453044e-05
9,-2700,19,801,900,-2600,-2650.0,"[-2700, -2600)",1.9607843137254903e-05
9,-2600,17,801,900,-2500,-2550.0,"[-2600, -2500)",1.7543859649122806e-05
9,-2500,13,801,900,-2400,-2450.0,"[-2500, -2400)",1.3415892672858617e-05
9,-2400,21,801,900,-2300,-2350.0,"[-2400, -2300)",2.1671826625386996e-05
9,-2300,16,801,900,-2200,-2250.0,"[-2300, -2200)",1.651186790505676e-05
9,-2200,15,801,900,-2100,-2150.0,"[-2200, -2100)",1.5479876160990712e-05
9,-2100,12,801,900,-2000,-2050.0,"[-2100, -2000)",1.2383900928792569e-05
9,-2000,20,801,900,-1900,-1950.0,"[-2000, -1900)",2.063983488132095e-05
9,-1900,24,801,900,-1800,-1850.0,"[-1900, -1800)",2.4767801857585138e-05
9,-1800,40,801,900,-1700,-1750.0,"[-1800, -1700)",4.12796697626419e-05
9,-1700,64,801,900,-1600,-1650.0,"[-1700, -1600)",6.604747162022704e-05
9,-1600,83,801,900,-1500,-1550.0,"[-1600, -1500)",8.565531475748194e-05
9,-1500,110,801,900,-1400,-1450.0,"[-1500, -1400)",0.00011351909184726522
9,-1400,138,801,900,-1300,-1350.0,"[-1400, -1300)",0.00014241486068111456
9,-1300,192,801,900,-1200,-1250.0,"[-1300, -1200)",0.0001981424148606811
9,-1200,347,801,900,-1100,-1150.0,"[-1200, -1100)",0.00035810113519091846
9,-1100,507,801,900,-1000,-1050.0,"[-1100, -1000)",0.0005232198142414861
9,-1000,851,801,900,-900,-950.0,"[-1000, -900)",0.0008782249742002064
9,-900,1422,801,900,-800,-850.0,"[-900, -800)",0.0014674922600619194
9,-800,2429,801,900,-700,-750.0,"[-800, -700)",0.0025067079463364293
9,-700,4553,801,900,-600,-650.0,"[-700, -600)",0.004698658410732714
9,-600,9500,801,900,-500,-550.0,"[-600, -500)",0.00980392156862745
9,-500,19525,801,900,-400,-450.0,"[-500, -400)",0.020149638802889575
9,-400,41896,801,900,-300,-350.0,"[-400, -300)",0.04323632610939113
9,-300,89572,801,900,-200,-250.0,"[-300, -200)",0.09243756449948401
9,-200,162986,801,900,-100,-150.0,"[-200, -100)",0.16820020639834882
9,-100,207829,801,900,0,-50.0,"[-100, 0)",0.21447781217750259
9,0,168779,801,900,100,50.0,"[0, 100)",0.17417853457172341
9,100,102873,801,900,200,150.0,"[100, 200)",0.10616408668730651
9,200,57776,801,900,300,250.0,"[200, 300)",0.05962435500515996
9,300,33117,801,900,400,350.0,"[300, 400)",0.034176470588235294
9,400,19778,801,900,500,450.0,"[400, 500)",0.020410732714138288
9,500,12743,801,900,600,550.0,"[500, 600)",0.013150670794633643
9,600,8422,801,900,700,650.0,"[600, 700)",0.008691434468524252
9,700,5911,801,900,800,750.0,"[700, 800)",0.006100103199174407
9,800,4540,801,900,900,850.0,"[800, 900)",0.0046852425180598555
9,900,3315,801,900,1000,950.0,"[900, 1000)",0.0034210526315789475
9,1000,2401,801,900,1100,1050.0,"[1000, 1100)",0.00247781217750258
9,1100,1742,801,900,1200,1150.0,"[1100, 1200)",0.0017977296181630547
9,1200,1171,801,900,1300,1250.0,"[1200, 1300)",0.0012084623323013416
9,1300,829,801,900,1400,1350.0,"[1300, 1400)",0.0008555211558307534
9,1400,607,801,900,1500,1450.0,"[1400, 1500)",0.0006264189886480908
9,1500,463,801,900,1600,1550.0,"[1500, 1600)",0.00047781217750258
9,1600,321,801,900,1700,1650.0,"[1600, 1700)",0.00033126934984520123
9,1700,321,801,900,1800,1750.0,"[1700, 1800)",0.00033126934984520123
9,1800,295,801,900,1900,1850.0,"[1800, 1900)",0.000304437564499484
9,1900,315,801,900,2000,1950.0,"[1900, 2000)",0.00032507739938080496
9,2000,225,801,900,2100,2050.0,"[2000, 2100)",0.00023219814241486067
9,2100,148,801,900,2200,2150.0,"[2100, 2200)",0.000152734778121775
9,2200,127,801,900,2300,2250.0,"[2200, 2300)",0.00013106295149638804
9,2300,70,801,900,2400,2350.0,"[2300, 2400)",7.223942208462333e-05
9,2400,74,801,900,2500,2450.0,"[2400, 2500)",7.63673890608875e-05
9,2500,32,801,900,2600,2550.0,"[2500, 2600)",3.302373581011352e-05
9,2600,30,801,900,2700,2650.0,"[2600, 2700)",3.0959752321981425e-05
9,2700,26,801,900,2800,2750.0,"[2700, 2800)",2.6831785345717234e-05
9,2800,24,801,900,2900,2850.0,"[2800, 2900)",2.4767801857585138e-05
9,2900,8,801,900,3000,2950.0,"[2900, 3000)",8.25593395252838e-06
9,3000,5,801,900,3100,3050.0,"[3000, 3100)",5.159958720330238e-06
9,3100,8,801,900,3200,3150.0,"[3100, 3200)",8.25593395252838e-06
9,3200,6,801,900,3300,3250.0,"[3200, 3300)",6.191950464396284e-06
9,3300,8,801,900,3400,3350.0,"[3300, 3400)",8.25593395252838e-06
9,3400,3,801,900,3500,3450.0,"[3400, 3500)",3.095975232198142e-06
9,3500,6,801,900,3600,3550.0,"[3500, 3600)",6.191950464396284e-06
9,3600,4,801,900,3700,3650.0,"[3600, 3700)",4.12796697626419e-06
9,3700,6,801,900,3800,3750.0,"[3700, 3800)",6.191950464396284e-06
9,3800,4,801,900,3900,3850.0,"[3800, 3900)",4.12796697626419e-06
9,3900,2,801,900,4000,3950.0,"[3900, 4000)",2.063983488132095e-06
9,4000,1,801,900,4100,4050.0,"[4000, 4100)",1.0319917440660475e-06
9,4100,4,801,900,4200,4150.0,"[4100, 4200)",4.12796697626419e-06
9,4200,4,801,900,4300,4250.0,"[4200, 4300)",4.12796697626419e-06
9,4300,3,801,900,4400,4350.0,"[4300, 4400)",3.095975232198142e-06
9,4400,3,801,900,4500,4450.0,"[4400, 4500)",3.095975232198142e-06
9,4500,2,801,900,4600,4550.0,"[4500, 4600)",2.063983488132095e-06
9,4600,0,801,900,4700,4650.0,"[4600, 4700)",0.0
9,4700,1,801,900,4800,4750.0,"[4700, 4800)",1.0319917440660475e-06
9,4800,1,801,900,4900,4850.0,"[4800, 4900)",1.0319917440660475e-06
9,4900,0,801,900,5000,4950.0,"[4900, 5000)",0.0
9,5000,0,801,900,5100,5050.0,"[5000, 5100)",0.0
9,5100,0,801,900,5200,5150.0,"[5100, 5200)",0.0
9,5200,0,801,900,5300,5250.0,"[5200, 5300)",0.0
9,5300,0,801,900,5400,5350.0,"[5300, 5400)",0.0
9,5400,0,801,900,5500,5450.0,"[5400, 5500)",0.0
9,5500,0,801,900,5600,5550.0,"[5500, 5600)",0.0
9,5600,0,801,900,5700,5650.0,"[5600, 5700)",0.0
9,5700,0,801,900,5800,5750.0,"[5700, 5800)",0.0
10,-5400,0,901,1000,-5300,-5350.0,"[-5400, -5300)",0.0
10,-5300,0,901,1000,-5200,-5250.0,"[-5300, -5200)",0.0
10,-5200,2,901,1000,-5100,-5150.0,"[-5200, -5100)",2.063983488132095e-06
10,-5100,0,901,1000,-5000,-5050.0,"[-5100, -5000)",0.0
10,-5000,0,901,1000,-4900,-4950.0,"[-5000, -4900)",0.0
10,-4900,0,901,1000,-4800,-4850.0,"[-4900, -4800)",0.0
10,-4800,1,901,1000,-4700,-4750.0,"[-4800, -4700)",1.0319917440660475e-06
10,-4700,1,901,1000,-4600,-4650.0,"[-4700, -4600)",1.0319917440660475e-06
10,-4600,0,901,1000,-4500,-4550.0,"[-4600, -4500)",0.0
10,-4500,5,901,1000,-4400,-4450.0,"[-4500, -4400)",5.159958720330238e-06
10,-4400,6,901,1000,-4300,-4350.0,"[-4400, -4300)",6.191950464396284e-06
10,-4300,2,901,1000,-4200,-4250.0,"[-4300, -4200)",2.063983488132095e-06
10,-4200,5,901,1000,-4100,-4150.0,"[-4200, -4100)",5.159958720330238e-06
10,-4100,1,901,1000,-4000,-4050.0,"[-4100, -4000)",1.0319917440660475e-06
10,-4000,5,901,1000,-3900,-3950.0,"[-4000, -3900)",5.159958720330238e-06
10,-3900,1,901,1000,-3800,-3850.0,"[-3900, -3800)",1.0319917440660475e-06
10,-3800,3,901,1000,-3700,-3750.0,"[-3800, -3700)",3.095975232198142e-06
10,-3700,9,901,1000,-3600,-3650.0,"[-3700, -3600)",9.287925696594427e-06
10,-3600,10,901,1000,-3500,-3550.0,"[-3600, -3500)",1.0319917440660475e-05
10,-3500,17,901,1000,-3400,-3450.0,"[-3500, -3400)",1.7543859649122806e-05
10,-3400,8,901,1000,-3300,-3350.0,"[-3400, -3300)",8.25593395252838e-06
10,-3300,19,901,1000,-3200,-3250.0,"[-3300, -3200)",1.9607843137254903e-05
10,-3200,20,901,1000,-3100,-3150.0,"[-3200, -3100)",2.063983488132095e-05
10,-3100,28,901,1000,-3000,-3050.0,"[-3100, -3000)",2.8895768833849328e-05
10,-3000,42,901,1000,-2900,-2950.0,"[-3000, -2900)",4.334365325077399e-05
10,-2900,22,901,1000,-2800,-2850.0,"[-2900, -2800)",2.2703818369453044e-05
10,-2800,19,901,1000,-2700,-2750.0,"[-2800, -2700)",1.9607843137254903e-05
10,-2700,17,901,1000,-2600,-2650.0,"[-2700, -2600)",1.7543859649122806e-05
10,-2600,26,901,1000,-2500,-2550.0,"[-2600, -2500)",2.6831785345717234e-05
10,-2500,13,901,1000,-2400,-2450.0,"[-2500, -2400)",1.3415892672858617e-05
10,-2400,23,901,1000,-2300,-2350.0,"[-2400, -2300)",2.3735810113519093e-05
10,-2300,10,901,1000,-2200,-2250.0,"[-2300, -2200)",1.0319917440660475e-05
10,-2200,13,901,1000,-2100,-2150.0,"[-2200, -2100)",1.3415892672858617e-05
10,-2100,14,901,1000,-2000,-2050.0,"[-2100, -2000)",1.4447884416924664e-05
10,-2000,26,901,1000,-1900,-1950.0,"[-2000, -1900)",2.6831785345717234e-05
10,-1900,19,901,1000,-1800,-1850.0,"[-1900, -1800)",1.9607843137254903e-05
10,-1800,37,901,1000,-1700,-1750.0,"[-1800, -1700)",3.818369453044375e-05
10,-1700,48,901,1000,-1600,-1650.0,"[-1700, -1600)",4.9535603715170275e-05
10,-1600,61,901,1000,-1500,-1550.0,"[-1600, -1500)",6.29514963880289e-05
10,-1500,101,901,1000,-1400,-1450.0,"[-1500, -1400)",0.00010423116615067079
10,-1400,142,901,1000,-1300,-1350.0,"[-1400, -1300)",0.00014654282765737874
10,-1300,225,901,1000,-1200,-1250.0,"[-1300, -1200)",0.00023219814241486067
10,-1200,337,901,1000,-1100,-1150.0,"[-1200, -1100)",0.000347781217750258
10,-1100,554,901,1000,-1000,-1050.0,"[-1100, -1000)",0.0005717234262125903
10,-1000,840,901,1000,-900,-950.0,"[-1000, -900)",0.0008668730650154799
10,-900,1436,901,1000,-800,-850.0,"[-900, -800)",0.0014819401444788442
10,-800,2388,901,1000,-700,-750.0,"[-800, -700)",0.002464396284829721
10,-700,4518,901,1000,-600,-650.0,"[-700, -600)",0.004662538699690403
10,-600,8895,901,1000,-500,-550.0,"[-600, -500)",0.009179566563467492
10,-500,18861,901,1000,-400,-450.0,"[-500, -400)",0.01946439628482972
10,-400,41409,901,1000,-300,-350.0,"[-400, -300)",0.04273374613003096
10,-300,89079,901,1000,-200,-250.0,"[-300, -200)",0.09192879256965944
10,-200,163619,901,1000,-100,-150.0,"[-200, -100)",0.16885345717234262
10,-100,209541,901,1000,0,-50.0,"[-100, 0)",0.21624458204334365
10,0,170142,901,1000,100,50.0,"[0, 100)",0.17558513931888545
10,100,102879,901,1000,200,150.0,"[100, 200)",0.1061702786377709
10,200,57452,901,1000,300,250.0,"[200, 300)",0.05928998968008256
10,300,32766,901,1000,400,350.0,"[300, 400)",0.03381424148606811
10,400,19497,901,1000,500,450.0,"[400, 500)",0.020120743034055727
10,500,12389,901,1000,600,550.0,"[500, 600)",0.012785345717234262
10,600,8396,901,1000,700,650.0,"[600, 700)",0.008664602683178535
10,700,5805,901,1000,800,750.0,"[700, 800)",0.005990712074303406
10,800,4413,901,1000,900,850.0,"[800, 900)",0.004554179566563467
10,900,3407,901,1000,1000,950.0,"[900, 1000)",0.0035159958720330235
10,1000,2428,901,1000,1100,1050.0,"[1000, 1100)",0.0025056759545923632
10,1100,1759,901,1000,1200,1150.0,"[1100, 1200)",0.0018152734778121775
10,1200,1239,901,1000,1300,1250.0,"[1200, 1300)",0.0012786377708978328
10,1300,822,901,1000,1400,1350.0,"[1300, 1400)",0.000848297213622291
10,1400,596,901,1000,1500,1450.0,"[1400, 1500)",0.0006150670794633643
10,1500,462,901,1000,1600,1550.0,"[1500, 1600)",0.00047678018575851393
10,1600,360,901,1000,1700,1650.0,"[1600, 1700)",0.00037151702786377707
10,1700,306,901,1000,1800,1750.0,"[1700, 1800)",0.00031578947368421053
10,1800,302,901,1000,1900,1850.0,"[1800, 1900)",0.00031166150670794635
10,1900,264,901,1000,2000,1950.0,"[1900, 2000)",0.00027244582043343653
10,2000,267,901,1000,2100,2050.0,"[2000, 2100)",0.0002755417956656347
10,2100,160,901,1000,2200,2150.0,"[2100, 2200)",0.0001651186790505676
10,2200,102,901,1000,2300,2250.0,"[2200, 2300)",0.00010526315789473685
10,2300,58,901,1000,2400,2350.0,"[2300, 2400)",5.985552115583075e-05
10,2400,56,901,1000,2500,2450.0,"[2400, 2500)",5.7791537667698656e-05
10,2500,39,901,1000,2600,2550.0,"[2500, 2600)",4.024767801857585e-05
10,2600,24,901,1000,2700,2650.0,"[2600, 2700)",2.4767801857585138e-05
10,2700,26,901,1000,2800,2750.0,"[2700, 2800)",2.6831785345717234e-05
10,2800,14,901,1000,2900,2850.0,"[2800, 2900)",1.4447884416924664e-05
10,2900,19,901,1000,3000,2950.0,"[2900, 3000)",1.9607843137254903e-05
10,3000,6,901,1000,3100,3050.0,"[3000, 3100)",6.191950464396284e-06
10,3100,8,901,1000,3200,3150.0,"[3100, 3200)",8.25593395252838e-06
10,3200,4,901,1000,3300,3250.0,"[3200, 3300)",4.12796697626419e-06
10,3300,5,901,1000,3400,3350.0,"[3300, 3400)",5.159958720330238e-06
10,3400,9,901,1000,3500,3450.0,"[3400, 3500)",9.287925696594427e-06
10,3500,3,901,1000,3600,3550.0,"[3500, 3600)",3.095975232198142e-06
10,3600,4,901,1000,3700,3650.0,"[3600, 3700)",4.12796697626419e-06
10,3700,3,901,1000,3800,3750.0,"[3700, 3800)",3.095975232198142e-06
10,3800,5,901,1000,3900,3850.0,"[3800, 3900)",5.159958720330238e-06
10,3900,4,901,1000,4000,3950.0,"[3900, 4000)",4.12796697626419e-06
10,4000,2,901,1000,4100,4050.0,"[4000, 4100)",2.063983488132095e-06
10,4100,2,901,1000,4200,4150.0,"[4100, 4200)",2.063983488132095e-06
10,4200,9,901,1000,4300,4250.0,"[4200, 4300)",9.287925696594427e-06
10,4300,5,901,1000,4400,4350.0,"[4300, 4400)",5.159958720330238e-06
10,4400,1,901,1000,4500,4450.0,"[4400, 4500)",1.0319917440660475e-06
10,4500,2,901,1000,4600,4550.0,"[4500, 4600)",2.063983488132095e-06
10,4600,0,901,1000,4700,4650.0,"[4600, 4700)",0.0
10,4700,0,901,1000,4800,4750.0,"[4700, 4800)",0.0
10,4800,1,901,1000,4900,4850.0,"[4800, 4900)",1.0319917440660475e-06
10,4900,0,901,1000,5000,4950.0,"[4900, 5000)",0.0
10,5000,0,901,1000,5100,5050.0,"[5000, 5100)",0.0
10,5100,0,901,1000,5200,5150.0,"[5100, 5200)",0.0
10,5200,0,901,1000,5300,5250.0,"[5200, 5300)",0.0
10,5300,0,901,1000,5400,5350.0,"[5300, 5400)",0.0
10,5400,0,901,1000,5500,5450.0,"[5400, 5500)",0.0
10,5500,0,901,1000,5600,5550.0,"[5500, 5600)",0.0
10,5600,0,901,1000,5700,5650.0,"[5600, 5700)",0.0
10,5700,0,901,1000,5800,5750.0,"[5700, 5800)",0.0
