case,window,label,pool,test_month,groups,months,candidate_rows,selected_rows,pool_short_mean_bps,selected_short_mean_bps,short_internal_excess_bps,pool_next_mean_bps,selected_next_mean_bps,next_internal_excess_bps,short_rank_ic,next_rank_ic
w0931_0940_h1m,09:31-09:40,1m,universe,2022Q1,580,3,4574.589655172414,100.0,-10.096039,25.949291,36.04533,-42.59172792842582,-18.414195427644177,24.177532500781645,0.1811658472113396,0.0095206172363059
w0931_0940_h1m,09:31-09:40,1m,universe,2022Q2,590,3,4622.149152542373,100.0,-9.135125,25.237844,34.37297,9.59243304779522,3.8465241330685407,-5.745908914726678,0.1922474568430744,0.0340586163055645
w0931_0940_h1m,09:31-09:40,1m,universe,2022Q3,650,3,4712.332307692308,100.0,-10.210277,19.654902,29.865177,-34.023738500412335,-28.41317554759329,5.610562952819042,0.1763183597601655,0.0077902354243473
w0931_0940_h1m,09:31-09:40,1m,universe,2022Q4,600,3,4814.255,100.0,-8.979641,16.665255,25.644897,20.19177570184526,27.207838680976497,7.016062979131234,0.1661497060235976,0.0189749975225163
w0931_0940_h1m,09:31-09:40,1m,universe,2023Q1,590,3,4874.31186440678,100.0,-7.559466,12.836752,20.396217,18.616830222659257,34.71366249885331,16.09683227619405,0.1738623171559183,0.0221872606384871
w0931_0940_h1m,09:31-09:40,1m,universe,2023Q2,590,3,4923.125423728814,100.0,-9.215606,17.283228,26.498833,-3.8902920448007,29.30989984797891,33.20019189277961,0.1589627375003872,0.0164961250453833
w0931_0940_h1m,09:31-09:40,1m,universe,2023Q3,640,3,4997.090625,100.0,-8.406504,14.123082,22.529585,-17.291476564889102,-14.30153936293855,2.989937201950553,0.1613010653936298,-0.0030069894669076
w0931_0940_h1m,09:31-09:40,1m,universe,2023Q4,600,3,5042.545,100.0,-7.381974,12.845076,20.22705,3.5575962873662728,-0.8734663045498545,-4.431062591916128,0.1603196174866268,0.0017209004068687
w0931_0940_h1m,09:31-09:40,1m,universe,2024Q1,580,3,5061.212068965518,100.0,-8.497933,17.38822,25.886152,-20.051983674158578,-8.818684757739883,11.233298916418695,0.1535649492001795,0.0109337168764795
w0931_0940_h1m,09:31-09:40,1m,universe,2024Q2,590,3,5051.932203389831,100.0,-10.314391,14.015139,24.32953,-37.61654048212096,-42.72583085420553,-5.109290372084576,0.1670821320833393,0.0479926064290006
w0931_0940_h1m,09:31-09:40,1m,universe,2024Q3,640,3,5028.1390625,100.0,-10.104639,10.899929,21.004568,57.76230402244802,55.69614190359262,-2.0661621188554067,0.1961564267363482,-0.0133266428959279
w0931_0940_h1m,09:31-09:40,1m,universe,2024Q4,610,3,5045.8,100.0,-9.005498,22.322086,31.327583,-13.002545274883223,-16.579574205696932,-3.577028930813708,0.1389460973733217,0.014507339810363
w0931_0940_h1m,09:31-09:40,1m,universe,2025Q1,570,3,5083.117543859649,100.0,-7.5592737,10.737621,18.296896,25.089339588545908,6.351795396175951,-18.73754419236996,0.1354788531552624,0.0190618637871843
w0931_0940_h1m,09:31-09:40,1m,universe,2025Q2,600,3,5091.038333333333,100.0,-8.500218,7.772636,16.272854,22.88610325702613,12.84133226985074,-10.044770987175388,0.1365428194498038,-0.0041936052869401
w0931_0940_h1m,09:31-09:40,1m,universe,2025Q3,660,3,5115.89696969697,100.0,-5.9304333,8.155945,14.086377,34.692147911002,28.53317427966357,-6.158973631338431,0.1434345040331039,0.0220462856649085
w0931_0940_h1m,09:31-09:40,1m,universe,2025Q4,600,3,5124.7283333333335,100.0,-6.740732,5.336325,12.077058,10.386659882290438,7.325965417588206,-3.0606944647022334,0.1271911091413314,0.0049616352800924
w0931_0940_h1m,09:31-09:40,1m,pool_L,2022Q1,580,3,3082.5103448275863,100.0,-9.74222,8.610101,18.35232,-34.15569831467221,3.1327469253875297,37.28844524005974,0.1592652724555985,0.0050256996801704
w0931_0940_h1m,09:31-09:40,1m,pool_L,2022Q2,590,3,3128.5542372881355,100.0,-8.5420885,11.097084,19.639172,22.90144638816304,42.30699930874847,19.40555292058544,0.1744453844144801,0.0308348286948229
w0931_0940_h1m,09:31-09:40,1m,pool_L,2022Q3,650,3,3200.9615384615386,100.0,-9.805927,6.7119207,16.517849,-27.03416184751501,-11.355225329291924,15.678936518223084,0.1564889930464245,0.0086741308668195
w0931_0940_h1m,09:31-09:40,1m,pool_L,2022Q4,600,3,3281.0066666666667,100.0,-8.389646,4.021872,12.411517,28.034020569174547,32.714022922394385,4.6800023532198365,0.1444218589489995,0.015633460012239
w0931_0940_h1m,09:31-09:40,1m,pool_L,2023Q1,590,3,3327.0322033898306,100.0,-7.137821,4.253163,11.390985,25.429931597412757,49.61836297335543,24.188431375942677,0.1544882739780834,0.0173545476224441
w0931_0940_h1m,09:31-09:40,1m,pool_L,2023Q2,590,3,3358.581355932203,100.0,-8.818501,5.2900596,14.108561,5.420361494589133,50.458522573747686,45.03816107915856,0.1410094261336437,0.0087353352092734
w0931_0940_h1m,09:31-09:40,1m,pool_L,2023Q3,640,3,3421.2875,100.0,-7.968338,1.6845096,9.652847,-10.207723901871251,3.936578702352226,14.144302604223476,0.1415743108482985,-0.0093844649470368
w0931_0940_h1m,09:31-09:40,1m,pool_L,2023Q4,600,3,3458.2116666666666,100.0,-6.7094517,2.769038,9.47849,8.76106377255482,19.2597141307152,10.498650358160374,0.1370965549520254,-0.0091703877130113
w0931_0940_h1m,09:31-09:40,1m,pool_L,2024Q1,580,3,3475.751724137931,100.0,-8.43288,3.926749,12.35963,-5.069048736735863,17.5023059855437,22.57135472227956,0.1343978190365505,0.0016060355088846
w0931_0940_h1m,09:31-09:40,1m,pool_L,2024Q2,590,3,3451.3169491525423,100.0,-10.3866005,1.4537759,11.840377,-28.218432377654107,-13.204914192789284,15.01351818486482,0.1540161828561869,0.0460090332444803
w0931_0940_h1m,09:31-09:40,1m,pool_L,2024Q3,640,3,3447.5953125,100.0,-9.892297,1.3102504,11.202547,64.36753636095271,67.73030629073254,3.3627699297798195,0.1888344496062306,-0.022295399093324
w0931_0940_h1m,09:31-09:40,1m,pool_L,2024Q4,610,3,3460.6344262295083,100.0,-8.701173,4.7004232,13.401595,-1.654795212718645,17.368253758500487,19.02304897121913,0.1249117612913678,0.012977732341682
w0931_0940_h1m,09:31-09:40,1m,pool_L,2025Q1,570,3,3476.398245614035,100.0,-7.3454494,1.8702307,9.215681,36.026847989988404,56.66077187878912,20.63392388880071,0.1308640531832063,0.0179795482446326
w0931_0940_h1m,09:31-09:40,1m,pool_L,2025Q2,600,3,3458.4166666666665,100.0,-8.500781,-2.682201,5.81858,29.6283735755018,38.561754609874384,8.933381034372585,0.1367320877843139,-0.0057855984859166
w0931_0940_h1m,09:31-09:40,1m,pool_L,2025Q3,660,3,3467.457575757576,100.0,-5.4762187,2.772384,8.248603,44.33160473542021,71.23262335485855,26.901018619438336,0.1350783445246417,0.0191282239154105
w0931_0940_h1m,09:31-09:40,1m,pool_L,2025Q4,600,3,3473.435,100.0,-6.308628,0.3970981,6.705726,16.8045830091804,26.525748006202136,9.721164997021733,0.118610398613502,-0.0011098375238545
w0931_0940_h3m,09:31-09:40,3m,universe,2022Q1,580,3,4570.789655172413,100.0,-10.361467,29.373165,39.73463,-42.57357726142823,-10.933753228050346,31.63982403337788,0.1330898671883213,0.0152184581574939
w0931_0940_h3m,09:31-09:40,3m,universe,2022Q2,590,3,4618.077966101695,100.0,-6.8653173,32.548122,39.41344,9.602812476235773,17.085457416709907,7.482644940474135,0.1431570706894938,0.0347867357531287
w0931_0940_h3m,09:31-09:40,3m,universe,2022Q3,650,3,4709.509230769231,100.0,-9.529207,23.886126,33.415333,-34.00718856813019,-15.158383660746768,18.848804907383418,0.1228423480560506,0.0109441978801346
w0931_0940_h3m,09:31-09:40,3m,universe,2022Q4,600,3,4810.018333333333,100.0,-8.269748,17.64338,25.913126,20.18202577915832,31.550438301995342,11.368412522837032,0.1177044394433053,0.0221495646636827
w0931_0940_h3m,09:31-09:40,3m,universe,2023Q1,590,3,4869.796610169492,100.0,-5.6764174,16.04877,21.725191,18.64055316989865,42.646145644593815,24.00559247469517,0.1159189790127379,0.0219491821719221
w0931_0940_h3m,09:31-09:40,3m,universe,2023Q2,590,3,4918.266101694915,100.0,-8.179636,20.649199,28.828833,-3.874866961424375,33.91777349215862,37.79264045358299,0.1072719086387044,0.0185137198218503
w0931_0940_h3m,09:31-09:40,3m,universe,2023Q3,640,3,4992.903125,100.0,-7.6126413,15.726442,23.339085,-17.29138469987136,-8.046854086409846,9.244530613461516,0.111838911984643,-0.0009616298765358
w0931_0940_h3m,09:31-09:40,3m,universe,2023Q4,600,3,5039.761666666666,100.0,-6.4466834,17.97976,24.426441,3.5563132373917834,5.412069583486422,1.8557563460946391,0.1128121474264504,0.0090865305777505
w0931_0940_h3m,09:31-09:40,3m,universe,2024Q1,580,3,5059.025862068966,100.0,-8.721608,18.693514,27.415123,-20.027789057105544,-0.6258436057732459,19.401945451332296,0.0964897655773265,0.0126211535991434
w0931_0940_h3m,09:31-09:40,3m,universe,2024Q2,590,3,5047.869491525424,100.0,-10.422059,15.685456,26.107515,-37.59113558494519,-38.17189656672242,-0.5807609817772275,0.1055033037624786,0.0436099437366973
w0931_0940_h3m,09:31-09:40,3m,universe,2024Q3,640,3,5022.0296875,100.0,-9.003468,15.152384,24.15585,57.77183822631107,65.2505934057383,7.478755179427227,0.1337108987082374,-0.0103911481424683
w0931_0940_h3m,09:31-09:40,3m,universe,2024Q4,610,3,5044.372131147541,100.0,-7.2225947,22.681807,29.904402,-12.99245299496283,-13.354248728305338,-0.361795733342509,0.0871383947624172,0.0160284839019218
w0931_0940_h3m,09:31-09:40,3m,universe,2025Q1,570,3,5080.473684210527,100.0,-5.263356,15.353821,20.617178,25.087431807827123,12.86806030308935,-12.219371504737769,0.0809989242794589,0.0159997391610704
w0931_0940_h3m,09:31-09:40,3m,universe,2025Q2,600,3,5089.363333333334,100.0,-8.374079,8.751799,17.125877,22.89126220529048,22.11636108728729,-0.7749011180031917,0.0774506889663763,-0.0050571958593325
w0931_0940_h3m,09:31-09:40,3m,universe,2025Q3,660,3,5115.048484848485,100.0,-4.1447444,12.947939,17.092684,34.696871151312905,29.47931076253842,-5.217560388774487,0.0952408826271254,0.0140134368421536
w0931_0940_h3m,09:31-09:40,3m,universe,2025Q4,600,3,5123.426666666666,100.0,-5.61482,8.507294,14.122114,10.387548870064666,12.188964507021522,1.8014156369568577,0.0800862789333818,0.0058876864803105
w0931_0940_h3m,09:31-09:40,3m,pool_L,2022Q1,580,3,3080.0844827586207,100.0,-10.196021,10.707095,20.903116,-34.1288642184464,10.36739927978066,44.49626349822706,0.1154112233579659,0.0092805267257817
w0931_0940_h3m,09:31-09:40,3m,pool_L,2022Q2,590,3,3125.708474576272,100.0,-6.2879767,16.161547,22.449524,22.91311662487878,43.51226916596976,20.59915254109098,0.1287837337492649,0.031151689421364
w0931_0940_h3m,09:31-09:40,3m,pool_L,2022Q3,650,3,3199.1292307692306,100.0,-9.2520075,8.67337,17.925379,-27.01892117112201,-7.287621415877603,19.731299755244404,0.1073301544813457,0.0112400640347085
w0931_0940_h3m,09:31-09:40,3m,pool_L,2022Q4,600,3,3278.385,100.0,-7.791329,4.676275,12.467605,28.023890874095724,32.543646711240086,4.51975583714436,0.1002314678984313,0.0183788255833513
w0931_0940_h3m,09:31-09:40,3m,pool_L,2023Q1,590,3,3324.262711864407,100.0,-5.1757274,6.578636,11.754363,25.4514595797192,52.07204815181967,26.620588572100463,0.1009357014427737,0.0157926734686064
w0931_0940_h3m,09:31-09:40,3m,pool_L,2023Q2,590,3,3355.8881355932203,100.0,-7.7574077,8.218008,15.975415,5.42275451245122,52.8295069202761,47.40675240782489,0.0926533317847627,0.0097686571896602
w0931_0940_h3m,09:31-09:40,3m,pool_L,2023Q3,640,3,3419.115625,100.0,-7.1713843,2.8657737,10.037158,-10.211620091272708,5.870297147951302,16.08191723922401,0.0962632605119519,-0.0080776504999113
w0931_0940_h3m,09:31-09:40,3m,pool_L,2023Q4,600,3,3456.92,100.0,-5.82642,6.5493803,12.3758,8.757032877925527,23.25207287837165,14.49504000044612,0.0941203069096045,-0.0010700589597929
w0931_0940_h3m,09:31-09:40,3m,pool_L,2024Q1,580,3,3474.9,100.0,-8.958594,3.2056959,12.16429,-5.054078148219507,18.381496560182622,23.43557470840213,0.0803726709989967,0.0013948042627981
w0931_0940_h3m,09:31-09:40,3m,pool_L,2024Q2,590,3,3449.177966101695,100.0,-10.79734,1.2916147,12.088955,-28.21826524571063,-15.410097574516858,12.808167671193768,0.0952284740153303,0.040055621488387
w0931_0940_h3m,09:31-09:40,3m,pool_L,2024Q3,640,3,3443.7203125,100.0,-9.041456,2.070322,11.111778,64.38290671733417,71.76560236247786,7.382695645143704,0.1262279446129101,-0.0186619525357106
w0931_0940_h3m,09:31-09:40,3m,pool_L,2024Q4,610,3,3459.7639344262293,100.0,-7.156953,6.0444293,13.201382,-1.649182970645229,19.933596320738918,21.582779291384146,0.0786609550653182,0.0133905760344428
w0931_0940_h3m,09:31-09:40,3m,pool_L,2025Q1,570,3,3474.833333333333,100.0,-5.0242815,4.356178,9.38046,36.02749472080856,57.93398542539654,21.906490704587977,0.0770013350031975,0.0171467878765842
w0931_0940_h3m,09:31-09:40,3m,pool_L,2025Q2,600,3,3457.648333333333,100.0,-8.687599,-4.341901,4.3456984,29.629074721722407,38.51711469999205,8.888039978269637,0.0771403110775207,-0.0076331271173868
w0931_0940_h3m,09:31-09:40,3m,pool_L,2025Q3,660,3,3467.1227272727274,100.0,-3.575128,7.191099,10.766228,44.331578845389245,67.18343456479543,22.851855719406185,0.0882751094502733,0.0114001208196715
w0931_0940_h3m,09:31-09:40,3m,pool_L,2025Q4,600,3,3472.7883333333334,100.0,-5.290526,1.5177892,6.808315,16.802202210731025,29.43533588051563,12.633133669784607,0.0708100880974957,-0.0001881958843618
w0931_0940_h5m,09:31-09:40,5m,universe,2022Q1,580,3,4567.51551724138,100.0,-10.895922,31.553724,42.449646,-42.56675325754839,-3.523616780062374,39.04313647748602,0.1125902085783154,0.0142484015508226
w0931_0940_h5m,09:31-09:40,5m,universe,2022Q2,590,3,4614.3830508474575,100.0,-5.0003376,38.297752,43.298088,9.64515529210085,25.19056847573548,15.545413183634636,0.1241144033837976,0.0310989982865864
w0931_0940_h5m,09:31-09:40,5m,universe,2022Q3,650,3,4706.106153846154,100.0,-8.586509,26.868639,35.455147,-34.00531789191586,-14.112205637023454,19.8931122548924,0.1066070684684928,0.0144156139070686
w0931_0940_h5m,09:31-09:40,5m,universe,2022Q4,600,3,4806.265,100.0,-7.873912,19.630907,27.504822,20.195060896012137,32.80016292630503,12.605102030292892,0.1020170592784403,0.0253550217694647
w0931_0940_h5m,09:31-09:40,5m,universe,2023Q1,590,3,4866.230508474577,100.0,-3.9118326,18.967571,22.879402,18.654934119218986,44.01864225405305,25.36370813483406,0.0967241772242938,0.0267214404188548
w0931_0940_h5m,09:31-09:40,5m,universe,2023Q2,590,3,4914.4305084745765,100.0,-7.236759,22.573605,29.810366,-3.8612046987792503,33.84005668313802,37.70126138191727,0.0899613882073298,0.0222126023267033
w0931_0940_h5m,09:31-09:40,5m,universe,2023Q3,640,3,4989.534375,100.0,-7.173018,18.908194,26.081213,-17.30502587836365,-9.814382619448924,7.490643258914727,0.0890878613651974,0.0043434704048327
w0931_0940_h5m,09:31-09:40,5m,universe,2023Q4,600,3,5037.58,100.0,-6.178054,21.868713,28.046768,3.5621534826192307,8.136222958715225,4.574069476095995,0.0937442605433855,0.0073737267483087
w0931_0940_h5m,09:31-09:40,5m,universe,2024Q1,580,3,5056.7827586206895,100.0,-9.565864,21.30643,30.872295,-19.998302706280988,1.3724018767708457,21.37070458305184,0.0766120050144722,0.0114291872678192
w0931_0940_h5m,09:31-09:40,5m,universe,2024Q2,590,3,5045.164406779661,100.0,-10.7406645,17.88329,28.623955,-37.550767808710006,-50.01482617009435,-12.464058361384348,0.0852754623362501,0.0346627243881914
w0931_0940_h5m,09:31-09:40,5m,universe,2024Q3,640,3,5018.46875,100.0,-8.021464,18.449926,26.47139,57.79258683301261,62.82786963700892,5.035282803996314,0.1044048522254784,-0.0114122687690222
w0931_0940_h5m,09:31-09:40,5m,universe,2024Q4,610,3,5043.386885245902,100.0,-6.6226215,27.248774,33.871395,-12.980763353147683,-10.07298470461506,2.9077786485326214,0.0695047540251182,0.0166007114126388
w0931_0940_h5m,09:31-09:40,5m,universe,2025Q1,570,3,5078.570175438596,100.0,-2.0857694,22.08452,24.17029,25.09378495459449,14.665077812952918,-10.428707141641574,0.0620814232117762,0.0133059276362526
w0931_0940_h5m,09:31-09:40,5m,universe,2025Q2,600,3,5087.843333333333,100.0,-8.02964,11.732956,19.762596,22.901495117055816,23.57852683499233,0.6770317179365186,0.0641763557059579,-0.0026974919788177
w0931_0940_h5m,09:31-09:40,5m,universe,2025Q3,660,3,5114.295454545455,100.0,-2.869852,15.753077,18.622929,34.698612017614465,26.116080992682825,-8.582531024931649,0.0717913108879183,0.0051345760861858
w0931_0940_h5m,09:31-09:40,5m,universe,2025Q4,600,3,5122.44,100.0,-5.2344418,11.856958,17.0914,10.398658197261392,18.179762579303283,7.7811043820418915,0.0593835773779465,0.0007252655469909
w0931_0940_h5m,09:31-09:40,5m,pool_L,2022Q1,580,3,3078.103448275862,100.0,-10.863639,11.854252,22.717892,-34.113202947122694,12.345774507708056,46.458977454830745,0.095670240660261,0.0098481090465955
w0931_0940_h5m,09:31-09:40,5m,pool_L,2022Q2,590,3,3123.34406779661,100.0,-4.467343,19.467262,23.934603,22.95678850623865,46.30236445489136,23.345575948652705,0.1114190733360435,0.0293136760503536
w0931_0940_h5m,09:31-09:40,5m,pool_L,2022Q3,650,3,3197.1184615384614,100.0,-8.347422,10.713349,19.06077,-27.008618509923952,-5.06274597427584,21.945872535648117,0.0927143865331808,0.0144855330799515
w0931_0940_h5m,09:31-09:40,5m,pool_L,2022Q4,600,3,3276.063333333333,100.0,-7.480021,4.6885185,12.168539,28.03633998220292,34.40348180092839,6.367141818725473,0.0866109275435053,0.022316256948881
w0931_0940_h5m,09:31-09:40,5m,pool_L,2023Q1,590,3,3322.338983050848,100.0,-3.32647,8.770251,12.096721,25.460843152555075,50.70525896341736,25.24441581086228,0.0829659523635077,0.0200528891955345
w0931_0940_h5m,09:31-09:40,5m,pool_L,2023Q2,590,3,3353.915254237288,100.0,-6.730927,10.073795,16.804722,5.4259751090079975,55.47741609242409,50.0514409834161,0.0764784512185596,0.0140750475948493
w0931_0940_h5m,09:31-09:40,5m,pool_L,2023Q3,640,3,3417.5234375,100.0,-6.7419577,5.4142485,12.156206,-10.221661876925696,4.731517827005091,14.95317970393079,0.0745784082218385,-0.0012914883714476
w0931_0940_h5m,09:31-09:40,5m,pool_L,2023Q4,600,3,3456.1183333333333,100.0,-5.6757226,8.9779625,14.653685,8.755566893831922,23.32170897652069,14.566142082688764,0.0768726351143438,-0.0027310271930014
w0931_0940_h5m,09:31-09:40,5m,pool_L,2024Q1,580,3,3474.148275862069,100.0,-9.898932,2.3603926,12.259325,-5.039334757227478,22.235134130639267,27.27446888786675,0.0603290296016583,0.0017967438616196
w0931_0940_h5m,09:31-09:40,5m,pool_L,2024Q2,590,3,3448.0491525423727,100.0,-11.361314,0.7941602,12.155475,-28.21469577147255,-21.255155887717574,6.959539883754971,0.0747582178526749,0.0322657753236408
w0931_0940_h5m,09:31-09:40,5m,pool_L,2024Q3,640,3,3441.675,100.0,-8.248354,2.786917,11.035272,64.40088254382067,75.66176362079305,11.26088107697238,0.0968460139512034,-0.0184156332236638
w0931_0940_h5m,09:31-09:40,5m,pool_L,2024Q4,610,3,3459.1491803278686,100.0,-6.7416296,7.1472287,13.888858,-1.638095866990516,18.293310926662357,19.931406793652872,0.0621561190281013,0.0157701088945035
w0931_0940_h5m,09:31-09:40,5m,pool_L,2025Q1,570,3,3473.9491228070174,100.0,-1.7310071,8.912008,10.643015,36.03412563077701,60.30001904327086,24.265893412493845,0.0580796289018924,0.0165926034245146
w0931_0940_h5m,09:31-09:40,5m,pool_L,2025Q2,600,3,3457.085,100.0,-8.582534,-3.7972417,4.785291,29.63129068239974,43.15099382204149,13.519703139641756,0.0642145462005512,-0.0026542029110481
w0931_0940_h5m,09:31-09:40,5m,pool_L,2025Q3,660,3,3466.8818181818183,100.0,-2.2261007,9.330207,11.556308,44.330652851895145,66.11423322050715,21.783580368612,0.0664040062512146,0.0057692609600457
w0931_0940_h5m,09:31-09:40,5m,pool_L,2025Q4,600,3,3472.431666666667,100.0,-4.9494476,1.8445182,6.7939663,16.805409654312093,30.05170335242893,13.246293698116842,0.050001563253882,-0.0034880131310808
w0931_0940_h10m,09:31-09:40,10m,universe,2022Q1,580,3,4559.796551724138,100.0,-10.6630945,37.424694,48.08779,-42.540488834779445,-4.457323369362429,38.08316546541702,0.0882376701897113,0.0174624565206295
w0931_0940_h10m,09:31-09:40,10m,universe,2022Q2,590,3,4604.754237288135,100.0,-0.6684507,49.120136,49.78859,9.73988920549649,23.504269366479814,13.764380160983327,0.1072989063543024,0.0321615038758365
w0931_0940_h10m,09:31-09:40,10m,universe,2022Q3,650,3,4694.804615384615,100.0,-4.7483506,35.614746,40.363094,-33.9892359172702,-12.67035669604412,21.31887922122608,0.081376769274847,0.0176092098350883
w0931_0940_h10m,09:31-09:40,10m,universe,2022Q4,600,3,4795.4783333333335,100.0,-10.746268,20.260174,31.006441,20.234075742091857,36.59402771934302,16.359951977251164,0.0747536296387458,0.0232413195374335
w0931_0940_h10m,09:31-09:40,10m,universe,2023Q1,590,3,4854.754237288135,100.0,-0.5928905,24.33338,24.926271,18.682292893327787,45.88895895166082,27.206666058333035,0.0714422830875362,0.0229405123151178
w0931_0940_h10m,09:31-09:40,10m,universe,2023Q2,590,3,4901.85593220339,100.0,-5.014977,28.086626,33.101604,-3.8304220151962793,35.836394233542265,39.66681624873854,0.0702984576179463,0.0174514775806767
w0931_0940_h10m,09:31-09:40,10m,universe,2023Q3,640,3,4980.109375,100.0,-7.2881064,24.261827,31.549932,-17.312081268443333,-12.621419434673562,4.690661833769772,0.0713990708264066,0.0041176384375082
w0931_0940_h10m,09:31-09:40,10m,universe,2023Q4,600,3,5031.05,100.0,-6.9006534,26.038391,32.93904,3.5600203706434628,1.9057284016245235,-1.654291969018939,0.0713547770194372,0.0084319000818324
w0931_0940_h10m,09:31-09:40,10m,universe,2024Q1,580,3,5051.548275862069,100.0,-13.255705,16.847715,30.103418,-19.93810780041008,1.5263971807486916,21.46450498115877,0.0527848386579195,0.0093024475994195
w0931_0940_h10m,09:31-09:40,10m,universe,2024Q2,590,3,5038.730508474577,100.0,-12.942081,16.797646,29.739727,-37.45074598725785,-50.14809983853047,-12.697353851272622,0.0638347418163729,0.0283686650774537
w0931_0940_h10m,09:31-09:40,10m,universe,2024Q3,640,3,5005.965625,100.0,-5.3346257,25.662914,30.99754,57.77462280494329,69.70304187129963,11.928419066356344,0.0716237279452399,-0.0086423012774184
w0931_0940_h10m,09:31-09:40,10m,universe,2024Q4,610,3,5040.329508196722,100.0,-4.3440084,35.579037,39.923046,-12.963807127438194,-17.56107140646084,-4.597264279022647,0.0505551446077841,0.011766691132233
w0931_0940_h10m,09:31-09:40,10m,universe,2025Q1,570,3,5072.971929824562,100.0,2.2934375,30.70189,28.408455,25.098879110135933,16.556614637329695,-8.542264472806243,0.0472722475873364,0.0114031940264495
w0931_0940_h10m,09:31-09:40,10m,universe,2025Q2,600,3,5083.738333333334,100.0,-6.619994,14.5619335,21.181929,22.928143452611973,26.68865119022293,3.760507737610964,0.0395344040502545,-0.0027254258476133
w0931_0940_h10m,09:31-09:40,10m,universe,2025Q3,660,3,5111.877272727273,100.0,-1.2781177,16.284603,17.562721,34.71060052392479,22.01531242174023,-12.69528810218456,0.0459164079086987,-0.0039872830967085
w0931_0940_h10m,09:31-09:40,10m,universe,2025Q4,600,3,5118.753333333333,100.0,-4.7555785,13.786702,18.542282,10.417134840260443,12.403100021476083,1.9859651812156387,0.0479060414876861,-0.0021119354269459
w0931_0940_h10m,09:31-09:40,10m,pool_L,2022Q1,580,3,3073.405172413793,100.0,-10.579443,16.368172,26.947617,-34.04971143549769,15.192897283194684,49.24260871869238,0.0710196507641453,0.0121293497190654
w0931_0940_h10m,09:31-09:40,10m,pool_L,2022Q2,590,3,3116.9762711864405,100.0,-0.28177848,26.67824,26.960018,23.041302912427167,48.35290032012546,25.3115974076983,0.0958679235472935,0.031734778123076
w0931_0940_h10m,09:31-09:40,10m,pool_L,2022Q3,650,3,3189.783076923077,100.0,-4.4127755,17.482458,21.895233,-26.971436420054413,-3.880657568321179,23.090778851733237,0.0699007172414744,0.0166525314152085
w0931_0940_h10m,09:31-09:40,10m,pool_L,2022Q4,600,3,3269.411666666667,100.0,-10.515535,2.236602,12.752137,28.06841790238793,33.60332402338424,5.534906120996303,0.0603462796328159,0.0179626606610284
w0931_0940_h10m,09:31-09:40,10m,pool_L,2023Q1,590,3,3314.9559322033897,100.0,0.171414,12.9988985,12.827484,25.493992139189466,52.48670242315268,26.992710283963216,0.0594167718407061,0.0169215587014337
w0931_0940_h10m,09:31-09:40,10m,pool_L,2023Q2,590,3,3346.6474576271185,100.0,-4.31319,15.272319,19.585508,5.447195217397833,55.82539502271676,50.378199805318914,0.059518834191605,0.010280986636576
w0931_0940_h10m,09:31-09:40,10m,pool_L,2023Q3,640,3,3412.39375,100.0,-6.8472357,9.827258,16.674496,-10.222747714966028,5.592708283957203,15.81545599892323,0.0602075906265539,-0.0007066624552943
w0931_0940_h10m,09:31-09:40,10m,pool_L,2023Q4,600,3,3453.2366666666667,100.0,-6.7115383,10.289681,17.001219,8.74215177720748,23.27662349135481,14.53447171414733,0.0581693323406548,0.0010523537028003
w0931_0940_h10m,09:31-09:40,10m,pool_L,2024Q1,580,3,3471.986206896552,100.0,-13.689079,-2.895784,10.793296,-4.998576732091942,19.459256994176283,24.457833726268223,0.0362510502234825,-0.0031146609841238
w0931_0940_h10m,09:31-09:40,10m,pool_L,2024Q2,590,3,3445.2813559322035,100.0,-14.036043,-2.4482296,11.587813,-28.1909632320641,-24.588186535980796,3.6027766960833043,0.0542488474101447,0.0244310693869802
w0931_0940_h10m,09:31-09:40,10m,pool_L,2024Q3,640,3,3434.1,100.0,-5.671817,5.022723,10.69454,64.40867994166506,78.11790705169449,13.709227110029431,0.0646112820126144,-0.0136605533123564
w0931_0940_h10m,09:31-09:40,10m,pool_L,2024Q4,610,3,3457.265573770492,100.0,-4.6506305,11.678812,16.329441,-1.624983155037134,15.36868909783122,16.993672252868354,0.04410850745065,0.0126860524295579
w0931_0940_h10m,09:31-09:40,10m,pool_L,2025Q1,570,3,3470.80701754386,100.0,2.7016668,16.119705,13.418038,36.038834512819214,59.31665481319004,23.27782030037082,0.0428178456185034,0.0150056707304826
w0931_0940_h10m,09:31-09:40,10m,pool_L,2025Q2,600,3,3455.286666666667,100.0,-7.3079233,-3.6994543,3.6084692,29.64464675332373,41.876483093585286,12.231836340261552,0.0375963358957198,-0.0037237610580433
w0931_0940_h10m,09:31-09:40,10m,pool_L,2025Q3,660,3,3465.7818181818184,100.0,-0.53763926,10.728364,11.266003,44.330898886081926,64.66838002806134,20.337481141979417,0.0455391015132913,0.0029065076189407
w0931_0940_h10m,09:31-09:40,10m,pool_L,2025Q4,600,3,3470.74,100.0,-4.3757997,3.1082304,7.48403,16.81572951266596,35.43052001975853,18.61479050709257,0.0448000419959217,0.0014610072519505
w0931_0940_h1h,09:31-09:40,1h,universe,2022Q1,580,3,4437.212068965518,100.0,-5.0040846,67.22337,72.227455,-41.98972486736166,-5.517890301317174,36.471834566044485,0.0535768456398462,0.0204583348978867
w0931_0940_h1h,09:31-09:40,1h,universe,2022Q2,590,3,4477.279661016949,100.0,3.4832466,62.96336,59.480118,10.132517309876992,15.507182441524971,5.374665131647982,0.0582315973443417,0.0248756095712492
w0931_0940_h1h,09:31-09:40,1h,universe,2022Q3,650,3,4581.515384615384,100.0,-8.059318,49.672848,57.73217,-33.848647945194855,-18.810448456275992,15.03819948891886,0.0495989114720038,0.0175993694319158
w0931_0940_h1h,09:31-09:40,1h,universe,2022Q4,600,3,4663.77,100.0,4.5370884,45.071793,40.534702,20.83013726466918,37.61727492726257,16.787137662593388,0.038950471367145,0.0210813150790561
w0931_0940_h1h,09:31-09:40,1h,universe,2023Q1,590,3,4739.038983050848,100.0,-1.4042403,28.544453,29.948692,19.06342551708865,43.79329137908703,24.729865861998384,0.0408050548923594,0.02275626865246
w0931_0940_h1h,09:31-09:40,1h,universe,2023Q2,590,3,4780.959322033898,100.0,-8.292917,42.966316,51.259235,-3.4051005130826164,32.95950771670543,36.36460822978805,0.033501023974566,0.0154144704256944
w0931_0940_h1h,09:31-09:40,1h,universe,2023Q3,640,3,4853.8875,100.0,-2.6919174,38.817116,41.509033,-17.27668511281474,-23.271247400456936,-5.994562287642201,0.0396033478629616,0.0010442545110456
w0931_0940_h1h,09:31-09:40,1h,universe,2023Q4,600,3,4937.453333333333,100.0,-4.8332543,44.805706,49.63896,3.5460143540695186,-6.228679613044875,-9.774693967114397,0.0263375183751683,0.0004503848306386
w0931_0940_h1h,09:31-09:40,1h,universe,2024Q1,580,3,4973.418965517241,100.0,-11.371722,33.91981,45.29153,-19.53445401984483,-1.0169738513086433,18.517480168536185,0.0336779520652272,0.0142827179825643
w0931_0940_h1h,09:31-09:40,1h,universe,2024Q2,590,3,4911.922033898305,100.0,-9.917923,35.741146,45.65907,-37.031660677722655,-45.0432673023743,-8.011606624651643,0.0361378163366656,0.0156622942669447
w0931_0940_h1h,09:31-09:40,1h,universe,2024Q3,640,3,4784.084375,100.0,2.1723292,43.568905,41.396576,60.02667071964344,74.9030592728142,14.87638855317078,0.0271513994866424,-0.0102026978156244
w0931_0940_h1h,09:31-09:40,1h,universe,2024Q4,610,3,4986.247540983607,100.0,-8.460887,58.404007,66.8649,-12.90424027368617,-19.47707718439589,-6.572836910709723,0.0272308455900701,0.0134006362464651
w0931_0940_h1h,09:31-09:40,1h,universe,2025Q1,570,3,4991.563157894737,100.0,10.905615,51.538483,40.632866,25.189540696924077,3.2121757529948707,-21.977364943929203,0.0191983330126207,0.0080791243284428
w0931_0940_h1h,09:31-09:40,1h,universe,2025Q2,600,3,5006.066666666667,100.0,11.376203,42.67491,31.298708,23.08101296369076,22.967716776135248,-0.113296187555511,0.0251214888818803,0.0045132409266366
w0931_0940_h1h,09:31-09:40,1h,universe,2025Q3,660,3,5065.612121212122,100.0,-3.713069,21.019817,24.732887,34.874201297202674,19.13673984408897,-15.737461453113704,0.0176379880830319,-0.0091052429451325
w0931_0940_h1h,09:31-09:40,1h,universe,2025Q4,600,3,5060.766666666666,100.0,2.179745,31.898418,29.718676,10.559272364552236,19.161908512696,8.602636148143755,0.0187936104922916,0.0025384729772105
w0931_0940_h1h,09:31-09:40,1h,pool_L,2022Q1,580,3,2994.941379310345,100.0,-5.277292,30.118261,35.395554,-33.29520700671547,24.974700056029526,58.269907062745,0.0397398825413267,0.0176107394811717
w0931_0940_h1h,09:31-09:40,1h,pool_L,2022Q2,590,3,3031.935593220339,100.0,3.6439795,27.390081,23.746101,23.566001913619065,50.75648514759419,27.19048323397512,0.0485753233308537,0.0256926227099298
w0931_0940_h1h,09:31-09:40,1h,pool_L,2022Q3,650,3,3116.0615384615385,100.0,-8.133241,20.780964,28.914204,-26.57555283255285,-1.5722222556038743,25.00333057694898,0.0413495485424312,0.0193375757651149
w0931_0940_h1h,09:31-09:40,1h,pool_L,2022Q4,600,3,3184.405,100.0,4.641591,16.701506,12.059914,28.68507488815469,41.235753472375485,12.550678584220794,0.0269208558537448,0.0187338659566325
w0931_0940_h1h,09:31-09:40,1h,pool_L,2023Q1,590,3,3239.8661016949154,100.0,-0.38531122,13.189585,13.574896,25.821437370170216,56.48827191206551,30.66683454189529,0.0339149469916567,0.0201882664954381
w0931_0940_h1h,09:31-09:40,1h,pool_L,2023Q2,590,3,3275.259322033898,100.0,-7.2631993,21.276258,28.539457,5.728963689150839,59.66840452479018,53.93944083563934,0.0249363400825672,0.0132596522567167
w0931_0940_h1h,09:31-09:40,1h,pool_L,2023Q3,640,3,3339.4453125,100.0,-1.6530586,25.60942,27.262478,-10.10306162334976,5.124334037386349,15.22739566073611,0.0370784973963179,0.0022442494507729
w0931_0940_h1h,09:31-09:40,1h,pool_L,2023Q4,600,3,3402.161666666667,100.0,-5.5887184,14.465146,20.053865,8.764907266772674,17.183246577426075,8.418339310653403,0.0152300530662396,-0.0025924945972691
w0931_0940_h1h,09:31-09:40,1h,pool_L,2024Q1,580,3,3427.091379310345,100.0,-11.866292,0.26277664,12.129068,-4.645823727058567,19.296175661303703,23.941999388362262,0.0207079586041437,0.0074904107661735
w0931_0940_h1h,09:31-09:40,1h,pool_L,2024Q2,590,3,3364.528813559322,100.0,-11.9802065,-3.0779862,8.902221,-28.07808767319928,-25.79680995129521,2.2812777219040727,0.0245913695465691,0.0112597928054732
w0931_0940_h1h,09:31-09:40,1h,pool_L,2024Q3,640,3,3282.3359375,100.0,2.261071,8.958346,6.697276,66.48609618953404,81.24859295014235,14.762496760608304,0.0202229469853395,-0.0103488952777995
w0931_0940_h1h,09:31-09:40,1h,pool_L,2024Q4,610,3,3421.616393442623,100.0,-9.961095,10.571008,20.532103,-1.4380202106032576,16.88192780022304,18.31994801082629,0.0227465986996699,0.0187778300751203
w0931_0940_h1h,09:31-09:40,1h,pool_L,2025Q1,570,3,3421.368421052632,100.0,11.31278,25.732967,14.420186,36.186645067667854,55.82849348188502,19.64184841421717,0.0188811717973811,0.0147134026669941
w0931_0940_h1h,09:31-09:40,1h,pool_L,2025Q2,600,3,3413.016666666667,100.0,11.176708,17.400352,6.2236433,29.84343596970611,40.87219317086295,11.02875720115684,0.0235825310511775,0.0075245462937563
w0931_0940_h1h,09:31-09:40,1h,pool_L,2025Q3,660,3,3441.827272727273,100.0,-3.5570352,14.603687,18.160723,44.42255152535115,68.85712479612936,24.4345732707782,0.0169738493076066,-0.0032339939088969
w0931_0940_h1h,09:31-09:40,1h,pool_L,2025Q4,600,3,3441.005,100.0,2.790801,15.877971,13.08717,16.941090334934106,38.408184522270425,21.467094187336315,0.0167310858538932,0.0059737369619203
w0931_0940_hclose,09:31-09:40,close,universe,2022Q1,580,3,4607.986206896552,100.0,-21.959627,60.451736,82.41137,-42.91324272946247,2.7231307089655954,45.63637343842806,0.0501495936962929,0.037204715171772
w0931_0940_hclose,09:31-09:40,close,universe,2022Q2,590,3,4655.681355932204,100.0,11.0492,72.02393,60.974735,9.1575223492403,25.953724641439777,16.796202292199478,0.0596321630412939,0.0383054177963696
w0931_0940_hclose,09:31-09:40,close,universe,2022Q3,650,3,4740.796923076923,100.0,-16.352331,36.2122,52.56453,-34.06980605597991,-5.347431063755367,28.722374992224545,0.0469259587280601,0.0338018164332034
w0931_0940_hclose,09:31-09:40,close,universe,2022Q4,600,3,4843.95,100.0,2.019919,48.70529,46.68537,20.1116806021296,46.03920192914211,25.927521327012503,0.0441079231757729,0.0312908893129973
w0931_0940_hclose,09:31-09:40,close,universe,2023Q1,590,3,4903.206779661017,100.0,4.7367773,41.339993,36.603214,18.527240616927195,43.75497143837388,25.227730821446688,0.0337347846391668,0.0237376887401735
w0931_0940_hclose,09:31-09:40,close,universe,2023Q2,590,3,4948.079661016949,100.0,3.1539924,59.10355,55.94956,-4.0762491673808965,34.54682268270384,38.623071850084735,0.0276283076381137,0.0179704081650288
w0931_0940_hclose,09:31-09:40,close,universe,2023Q3,640,3,5022.0,100.0,-9.921216,41.020515,50.941734,-17.314339898881688,-13.419620535589091,3.8947193632925936,0.0346977815105745,0.0124905116431409
w0931_0940_hclose,09:31-09:40,close,universe,2023Q4,600,3,5059.725,100.0,2.054974,49.49999,47.445015,3.5447935953976115,12.811107281363642,9.266313685966033,0.0357138887100823,0.0223807773716625
w0931_0940_hclose,09:31-09:40,close,universe,2024Q1,580,3,5077.527586206897,100.0,-9.648823,65.846855,75.495674,-20.23503954428948,24.653083676816458,44.888123221105936,0.0587924821558704,0.0391584734418206
w0931_0940_hclose,09:31-09:40,close,universe,2024Q2,590,3,5075.981355932204,100.0,-12.511572,46.210365,58.721935,-37.91239879124014,-44.75278997916215,-6.840391187922012,0.0318216387180796,0.0118824883959524
w0931_0940_hclose,09:31-09:40,close,universe,2024Q3,640,3,5067.2359375,100.0,16.114588,72.307526,56.19294,57.485023779697336,70.78356605737913,13.298542277681792,0.027181275743128,-0.0012586729130647
w0931_0940_hclose,09:31-09:40,close,universe,2024Q4,610,3,5052.804918032787,100.0,-7.3066397,55.359226,62.665867,-13.030749753195249,-12.504615217371228,0.5261345358240184,0.0448821432613743,0.0388814131124096
w0931_0940_hclose,09:31-09:40,close,universe,2025Q1,570,3,5093.742105263158,100.0,9.522396,52.219822,42.697426,25.03830064706247,19.46338469378966,-5.574915953272812,0.0239975137746271,0.0127968330540013
w0931_0940_hclose,09:31-09:40,close,universe,2025Q2,600,3,5098.201666666667,100.0,11.589506,49.385666,37.796158,22.85772208040108,37.72322928132501,14.865507200923922,0.0186675792242779,0.0161933375830074
w0931_0940_hclose,09:31-09:40,close,universe,2025Q3,660,3,5120.504545454545,100.0,13.659785,35.570885,21.9111,34.660628848172806,29.57977573107172,-5.080853117101088,0.0101626028398858,-0.0053508337024351
w0931_0940_hclose,09:31-09:40,close,universe,2025Q4,600,3,5130.866666666667,100.0,4.6543436,49.49093,44.836586,10.370319410203304,33.66882459772158,23.298505187518284,0.0267380235753041,0.0161500978227068
w0931_0940_hclose,09:31-09:40,close,pool_L,2022Q1,580,3,3102.1706896551723,100.0,-22.380896,27.330624,49.71152,-34.47271542020658,28.721131614302035,63.19384703450862,0.0398338181702423,0.0319936703703424
w0931_0940_hclose,09:31-09:40,close,pool_L,2022Q2,590,3,3149.913559322034,100.0,12.797749,42.574768,29.77702,22.58534693227824,54.49747635635186,31.912129424073623,0.053589226289455,0.0380114459388101
w0931_0940_hclose,09:31-09:40,close,pool_L,2022Q3,650,3,3217.253846153846,100.0,-16.065733,8.636957,24.70269,-27.10562952288221,-0.5488749362516949,26.55675458663052,0.0395172762664387,0.029373713593953
w0931_0940_hclose,09:31-09:40,close,pool_L,2022Q4,600,3,3296.1466666666665,100.0,2.9800758,22.823278,19.8432,27.95947625030541,43.65703668573917,15.697560435433756,0.0303746317624479,0.0220723016130126
w0931_0940_hclose,09:31-09:40,close,pool_L,2023Q1,590,3,3341.3050847457625,100.0,5.7588468,23.638443,17.879597,25.40485553663505,46.74235272315522,21.337497186520167,0.0229046883994145,0.0154664512891274
w0931_0940_hclose,09:31-09:40,close,pool_L,2023Q2,590,3,3367.916949152542,100.0,5.1405387,38.269463,33.12892,5.378871748541531,51.30838966547656,45.92951791693503,0.0181479430808817,0.0088757161626605
w0931_0940_hclose,09:31-09:40,close,pool_L,2023Q3,640,3,3429.009375,100.0,-8.96369,17.163553,26.127243,-10.232943896903148,3.5218270087849133,13.754770905688062,0.025978085739757,0.0079132096672663
w0931_0940_hclose,09:31-09:40,close,pool_L,2023Q4,600,3,3463.076666666667,100.0,2.2721474,21.802505,19.530357,8.762587809951603,21.82730535537052,13.064717545418915,0.0247900975100023,0.0147898935247805
w0931_0940_hclose,09:31-09:40,close,pool_L,2024Q1,580,3,3481.4224137931037,100.0,-6.502749,31.76884,38.271587,-5.147496956454227,41.771617349392265,46.91911430584649,0.0484171712212872,0.0320406215145309
w0931_0940_hclose,09:31-09:40,close,pool_L,2024Q2,590,3,3460.6474576271185,100.0,-12.9634905,8.589967,21.553457,-28.28537784287089,-25.23644968363125,3.0489281592396416,0.0183042940693171,0.0007399490230176
w0931_0940_hclose,09:31-09:40,close,pool_L,2024Q3,640,3,3467.340625,100.0,16.387775,34.081585,17.69381,64.19708536621907,79.20043299924316,15.003347633024095,0.0161825144302186,-0.0031423534399149
w0931_0940_hclose,09:31-09:40,close,pool_L,2024Q4,610,3,3464.3934426229507,100.0,-6.7867627,19.182611,25.969376,-1.6819869520978337,23.48448571502315,25.166472667120985,0.0355024536689823,0.0383749463232625
w0931_0940_hclose,09:31-09:40,close,pool_L,2025Q1,570,3,3480.8087719298246,100.0,10.798498,33.159344,22.360847,36.00091812559234,59.96975627109252,23.96883814550017,0.0193335147674128,0.0130936250599085
w0931_0940_hclose,09:31-09:40,close,pool_L,2025Q2,600,3,3460.8516666666665,100.0,11.317986,23.103695,11.785708,29.61715573154607,51.54044772644956,21.923291994903494,0.0095835853220227,0.0131676161658404
w0931_0940_hclose,09:31-09:40,close,pool_L,2025Q3,660,3,3468.4984848484846,100.0,15.4117985,34.281025,18.869225,44.32239470724302,65.1878527826482,20.865458075405183,0.0071881430835272,-0.0063448704075686
w0931_0940_hclose,09:31-09:40,close,pool_L,2025Q4,600,3,3475.218333333333,100.0,5.1593113,25.820051,20.66074,16.80346938729043,39.07671504622128,22.273245658930847,0.024495308881437,0.0188461773565168
w1001_1010_h1m,10:01-10:10,1m,universe,2022Q1,580,3,4495.994827586207,100.0,-9.055805,10.104374,19.16018,-46.35703223815881,-50.49590830860242,-4.138876070443613,0.2505079523158414,-0.0066883055864569
w1001_1010_h1m,10:01-10:10,1m,universe,2022Q2,590,3,4539.974576271186,100.0,-8.400373,9.859856,18.26023,3.859594914257437,-21.7139488218804,-25.57354373613784,0.2628150417286328,0.0311232764241573
w1001_1010_h1m,10:01-10:10,1m,universe,2022Q3,650,3,4642.57076923077,100.0,-8.869866,7.23332,16.103186,-41.1394046022093,-63.51350384977477,-22.374099247565475,0.2624423133316891,-0.0100291918810989
w1001_1010_h1m,10:01-10:10,1m,universe,2022Q4,600,3,4719.8133333333335,100.0,-8.26135,6.9165463,15.177896,21.169140086812988,2.877903209422593,-18.291236877390396,0.2547992231770743,0.010864291235316
w1001_1010_h1m,10:01-10:10,1m,universe,2023Q1,590,3,4808.186440677966,100.0,-8.290562,4.9259806,13.216543,9.247110142330005,12.826255480843807,3.579145338513807,0.2849026350177551,0.0157378522724488
w1001_1010_h1m,10:01-10:10,1m,universe,2023Q2,590,3,4845.925423728813,100.0,-7.853936,7.5169187,15.370855,-6.796422578448437,-4.377428518460194,2.418994059988243,0.2464188228184516,0.0137553351495293
w1001_1010_h1m,10:01-10:10,1m,universe,2023Q3,640,3,4928.7671875,100.0,-5.7988143,8.126968,13.925783,-19.59878329508766,-45.28343566748794,-25.684652372400286,0.2515609153465123,-0.0095508612201755
w1001_1010_h1m,10:01-10:10,1m,universe,2023Q4,600,3,4988.198333333334,100.0,-6.8388324,6.78589,13.624722,-0.0711164177062476,-33.78867669555937,-33.717560277853124,0.2663731866323742,0.0061274069260866
w1001_1010_h1m,10:01-10:10,1m,universe,2024Q1,580,3,5013.903448275863,100.0,-10.656275,6.0220222,16.678297,-20.785358148864663,-31.02677130026721,-10.241413151402549,0.2598669437026206,0.00738793064895
w1001_1010_h1m,10:01-10:10,1m,universe,2024Q2,590,3,4988.33220338983,100.0,-9.793442,6.6499977,16.443441,-41.6784058352839,-60.94865677786871,-19.270250942584813,0.2865346884819622,0.0379782018027144
w1001_1010_h1m,10:01-10:10,1m,universe,2024Q3,640,3,4935.4953125,100.0,-8.624766,5.2713227,13.89609,59.056536686311134,46.31382024620952,-12.742716440101612,0.300157097576322,-0.0022037200204699
w1001_1010_h1m,10:01-10:10,1m,universe,2024Q4,610,3,4998.622950819672,100.0,-7.2627587,12.629795,19.892553,-13.463890426920434,-63.596429722602885,-50.13253929568245,0.2344323059872671,-0.0008201156201719
w1001_1010_h1m,10:01-10:10,1m,universe,2025Q1,570,3,5022.070175438596,100.0,-7.43838,6.8697085,14.308088,13.678817019582649,-22.59490074450116,-36.273717764083806,0.2650963045539859,0.0211889809685881
w1001_1010_h1m,10:01-10:10,1m,universe,2025Q2,600,3,5037.346666666666,100.0,-6.4837594,5.8505483,12.334308,9.537784957946114,-11.690102720461116,-21.22788767840723,0.2767260231617223,-0.0051049600270138
w1001_1010_h1m,10:01-10:10,1m,universe,2025Q3,660,3,5079.184848484849,100.0,-6.549744,5.056483,11.606226,31.5442149041034,11.928058348359505,-19.6161565557439,0.2530051922784762,0.0262104743823106
w1001_1010_h1m,10:01-10:10,1m,universe,2025Q4,600,3,5084.258333333333,100.0,-5.710026,3.5951636,9.305189,8.796365841141991,0.4991727229435037,-8.297193118198487,0.232972151522363,-0.001297718635811
w1001_1010_h1m,10:01-10:10,1m,pool_L,2022Q1,580,3,3036.603448275862,100.0,-8.722869,1.6289188,10.3517885,-37.721334449474384,-20.56370334481424,17.157631104660148,0.2302741768808253,-0.0103545414473463
w1001_1010_h1m,10:01-10:10,1m,pool_L,2022Q2,590,3,3078.1220338983053,100.0,-7.9391103,3.1862364,11.125347,17.464145199906255,29.11672626034502,11.652581060438765,0.246258870527113,0.0282104827769627
w1001_1010_h1m,10:01-10:10,1m,pool_L,2022Q3,650,3,3159.84,100.0,-8.51373,1.4827924,9.996522,-34.17390946415833,-38.040342785697895,-3.866433321539563,0.2424351819066496,-0.0118767849987903
w1001_1010_h1m,10:01-10:10,1m,pool_L,2022Q4,600,3,3222.93,100.0,-7.8679566,1.0001913,8.868149,29.694518510259623,29.96721887553815,0.2727003652785342,0.2325102339084274,0.0074955582127476
w1001_1010_h1m,10:01-10:10,1m,pool_L,2023Q1,590,3,3287.5508474576272,100.0,-8.109892,0.27634245,8.386234,15.04753451758475,29.890539593046068,14.843005075461312,0.2691416912954218,0.0120712824036899
w1001_1010_h1m,10:01-10:10,1m,pool_L,2023Q2,590,3,3314.681355932204,100.0,-7.630514,1.5636164,9.194131,1.6247966319924525,24.721854261615352,23.0970576296229,0.2310656762420777,0.0105995585753919
w1001_1010_h1m,10:01-10:10,1m,pool_L,2023Q3,640,3,3384.7109375,100.0,-5.4679027,1.6772192,7.1451216,-13.252274535012264,-18.758436057408964,-5.506161522396697,0.2328044006323224,-0.0139382920392554
w1001_1010_h1m,10:01-10:10,1m,pool_L,2023Q4,600,3,3432.451666666667,100.0,-6.432473,0.82656467,7.259038,5.602254956995036,0.687883240351153,-4.914371716643883,0.2470632367510972,-0.0020705175780079
w1001_1010_h1m,10:01-10:10,1m,pool_L,2024Q1,580,3,3451.1,100.0,-10.6390915,-1.0446862,9.594405,-6.042278932219006,20.72203175610036,26.76431068831936,0.247526902991784,0.0036341944620502
w1001_1010_h1m,10:01-10:10,1m,pool_L,2024Q2,590,3,3415.58813559322,100.0,-9.944574,-0.6283438,9.31623,-32.53957073850714,-19.0950918612394,13.444478877267736,0.2830240343831774,0.0397790507931412
w1001_1010_h1m,10:01-10:10,1m,pool_L,2024Q3,640,3,3389.425,100.0,-8.2787,-0.11220831,8.1664915,67.01791067339045,73.76245959694633,6.7445489235558895,0.2907147536523569,-0.0106062347253826
w1001_1010_h1m,10:01-10:10,1m,pool_L,2024Q4,610,3,3434.8639344262297,100.0,-7.1944146,1.9310311,9.125446,-0.4914237759352612,-7.361553376929294,-6.870129600994034,0.2237930260962604,-0.0048755627301589
w1001_1010_h1m,10:01-10:10,1m,pool_L,2025Q1,570,3,3441.857894736842,100.0,-7.4497466,0.53005457,7.9798007,24.206502749726127,30.86913560557025,6.662632855844122,0.2645630813442681,0.0164265590483149
w1001_1010_h1m,10:01-10:10,1m,pool_L,2025Q2,600,3,3432.1566666666668,100.0,-6.4328365,0.8164129,7.2492495,16.50258207538111,14.786871039792656,-1.7157110355884546,0.2845617118338944,-0.0074036597292435
w1001_1010_h1m,10:01-10:10,1m,pool_L,2025Q3,660,3,3449.2818181818184,100.0,-6.3403373,0.7946646,7.135002,41.022072273485264,56.54465984167735,15.522587568192083,0.2423869832125552,0.0214956849403202
w1001_1010_h1m,10:01-10:10,1m,pool_L,2025Q4,600,3,3454.9,100.0,-5.3723674,-0.16278552,5.209582,15.0028324555863,24.022926863559803,9.020094407973502,0.2251757555034935,-0.0100111090645006
w1001_1010_h3m,10:01-10:10,3m,universe,2022Q1,580,3,4489.174137931034,100.0,-9.641389,9.974246,19.615635,-46.35301837554526,-41.17294177733726,5.180076598207995,0.1859381249123561,-0.0001320623502196
w1001_1010_h3m,10:01-10:10,3m,universe,2022Q2,590,3,4532.066101694915,100.0,-7.5800548,10.607592,18.187645,3.85789159538948,-8.450354003189046,-12.308245598578528,0.1965238920430339,0.034486369180507
w1001_1010_h3m,10:01-10:10,3m,universe,2022Q3,650,3,4635.563076923077,100.0,-9.935286,6.9852266,16.920513,-41.16556375290671,-59.92782193937444,-18.762258186467736,0.192312048614109,-0.0108802699174851
w1001_1010_h3m,10:01-10:10,3m,universe,2022Q4,600,3,4714.37,100.0,-8.406789,6.931551,15.33834,21.16301118946943,8.914170337139822,-12.248840852329607,0.1813136031929201,0.0115020308301275
w1001_1010_h3m,10:01-10:10,3m,universe,2023Q1,590,3,4803.440677966101,100.0,-8.714631,4.3039117,13.018543,9.25244423802967,14.367093370349792,5.114649132320123,0.2059994383777948,0.0185607784398977
w1001_1010_h3m,10:01-10:10,3m,universe,2023Q2,590,3,4839.4762711864405,100.0,-7.350551,7.90036,15.250911,-6.786380644793233,2.558161682803868,9.3445423275971,0.1728562642283605,0.0192051459012903
w1001_1010_h3m,10:01-10:10,3m,universe,2023Q3,640,3,4922.5328125,100.0,-4.439539,9.206093,13.645632,-19.61090664023534,-42.98937573091369,-23.37846909067836,0.182015479485196,-0.0053638078488608
w1001_1010_h3m,10:01-10:10,3m,universe,2023Q4,600,3,4983.865,100.0,-6.8662777,7.379087,14.245364,-0.0878242390760123,-29.298808395472047,-29.21098415639604,0.1977144627230506,0.0098794612135997
w1001_1010_h3m,10:01-10:10,3m,universe,2024Q1,580,3,5010.456896551724,100.0,-12.638833,3.0595357,15.698368,-20.774143879901057,-17.317929989169777,3.4562138907312816,0.1867206964169777,0.0092172364853823
w1001_1010_h3m,10:01-10:10,3m,universe,2024Q2,590,3,4982.474576271186,100.0,-10.329618,5.011853,15.341471,-41.66586199843975,-57.437462442141126,-15.771600443701372,0.2111233178698918,0.0428525314787704
w1001_1010_h3m,10:01-10:10,3m,universe,2024Q3,640,3,4927.8390625,100.0,-7.3668,6.731243,14.098043,59.0377957702036,49.11297487551796,-9.924820894685642,0.2202767814892569,-0.0015640192798319
w1001_1010_h3m,10:01-10:10,3m,universe,2024Q4,610,3,4996.708196721312,100.0,-7.0743117,11.383047,18.457357,-13.460678503805008,-59.28844779134976,-45.82776928754476,0.1652278467203279,0.0042778758440404
w1001_1010_h3m,10:01-10:10,3m,universe,2025Q1,570,3,5018.936842105263,100.0,-6.87082,6.7772827,13.648104,13.689586396554128,-23.213468137223675,-36.9030545337778,0.1900866574402193,0.0185517349883804
w1001_1010_h3m,10:01-10:10,3m,universe,2025Q2,600,3,5033.856666666667,100.0,-5.865085,6.863008,12.728093,9.540570018594062,-6.134516265625016,-15.67508628421908,0.2008911991903338,-0.0052445151331623
w1001_1010_h3m,10:01-10:10,3m,universe,2025Q3,660,3,5077.401515151515,100.0,-6.4785776,5.2324557,11.711034,31.556381817789603,14.657309675659954,-16.899072142129654,0.1788766849828298,0.021488065634829
w1001_1010_h3m,10:01-10:10,3m,universe,2025Q4,600,3,5081.666666666667,100.0,-5.303076,4.7027407,10.005816,8.792192139396056,0.6396496931644348,-8.152542446231621,0.1618049770221993,-0.0020899654651259
w1001_1010_h3m,10:01-10:10,3m,pool_L,2022Q1,580,3,3032.0482758620687,100.0,-9.376116,1.4940715,10.870187,-37.71725314036236,-15.661209517281604,22.05604362308076,0.1693487672782596,-0.0038629781986536
w1001_1010_h3m,10:01-10:10,3m,pool_L,2022Q2,590,3,3072.471186440678,100.0,-7.165974,4.7173595,11.883333,17.470727081435783,36.023697847905304,18.552970766469524,0.1837377287754989,0.0320708471463757
w1001_1010_h3m,10:01-10:10,3m,pool_L,2022Q3,650,3,3154.8584615384616,100.0,-9.676051,0.8931699,10.569221,-34.18822570246612,-36.04428147528007,-1.8560557728139468,0.1755261246492783,-0.0124662972981894
w1001_1010_h3m,10:01-10:10,3m,pool_L,2022Q4,600,3,3219.42,100.0,-8.0631695,0.81064105,8.873811,29.689052834380565,32.59099197707762,2.901939142697059,0.1619054981136484,0.0085798005992071
w1001_1010_h3m,10:01-10:10,3m,pool_L,2023Q1,590,3,3284.6169491525425,100.0,-8.498739,0.24918924,8.747929,15.059090889741409,28.593780222387423,13.534689332646016,0.1923426197531855,0.0136540187398598
w1001_1010_h3m,10:01-10:10,3m,pool_L,2023Q2,590,3,3310.850847457627,100.0,-7.1226416,2.0073097,9.129951,1.6328337566043092,26.75951045245957,25.12667669585526,0.1593677916518654,0.0144696972854763
w1001_1010_h3m,10:01-10:10,3m,pool_L,2023Q3,640,3,3381.109375,100.0,-4.089511,2.858815,6.948326,-13.247707877477607,-16.051364063266,-2.803656185788392,0.1665736219420215,-0.0100675851362253
w1001_1010_h3m,10:01-10:10,3m,pool_L,2023Q4,600,3,3430.016666666667,100.0,-6.5518885,1.4515641,8.003453,5.596716802829612,3.6172101179396994,-1.979506684889913,0.1827005040091564,0.0014795204350988
w1001_1010_h3m,10:01-10:10,3m,pool_L,2024Q1,580,3,3449.0103448275863,100.0,-12.830081,-3.8282778,9.001802,-6.035786605006668,23.352861333540503,29.38864793854717,0.1773310332323412,0.0027447187429024
w1001_1010_h3m,10:01-10:10,3m,pool_L,2024Q2,590,3,3411.962711864406,100.0,-10.70105,-2.2715905,8.42946,-32.5186027214167,-19.963399169048028,12.555203552368672,0.2084007320969158,0.0425777933837224
w1001_1010_h3m,10:01-10:10,3m,pool_L,2024Q3,640,3,3384.1625,100.0,-6.9685454,0.9794877,7.9480333,67.00188337074503,76.77616716020081,9.77428378945579,0.2117587987007113,-0.0100100042873274
w1001_1010_h3m,10:01-10:10,3m,pool_L,2024Q4,610,3,3433.588524590164,100.0,-7.088226,1.5500814,8.638307,-0.4858645148759818,-1.403834219422894,-0.9179697045469132,0.157286454200683,-0.0016432627147823
w1001_1010_h3m,10:01-10:10,3m,pool_L,2025Q1,570,3,3439.980701754386,100.0,-6.927256,0.5221556,7.4494114,24.205170163873916,31.139577306540733,6.934407142666818,0.1906414201346319,0.0163544539007069
w1001_1010_h3m,10:01-10:10,3m,pool_L,2025Q2,600,3,3430.1583333333333,100.0,-5.8765283,1.325811,7.2023387,16.51461029449015,21.16176935360147,4.647159059111322,0.2092234139340888,-0.0051832106509251
w1001_1010_h3m,10:01-10:10,3m,pool_L,2025Q3,660,3,3448.319696969697,100.0,-6.290136,1.0686,7.3587356,41.02489157241117,59.573495166469804,18.548603594058644,0.1690160316746362,0.0176574497747372
w1001_1010_h3m,10:01-10:10,3m,pool_L,2025Q4,600,3,3453.5016666666666,100.0,-4.9661727,0.9929172,5.9590898,14.993024933992784,25.178386431399947,10.185361497407165,0.1540708766716399,-0.0108838256493407
w1001_1010_h5m,10:01-10:10,5m,universe,2022Q1,580,3,4482.315517241379,100.0,-10.129864,10.345972,20.475836,-46.33197768196536,-40.221634519883,6.110343162082368,0.1585569649422835,0.0006151393887349
w1001_1010_h5m,10:01-10:10,5m,universe,2022Q2,590,3,4525.108474576271,100.0,-6.8065233,12.077238,18.88376,3.850288621989644,-9.02714161459436,-12.877430236584004,0.1666415436172922,0.0339491795839657
w1001_1010_h5m,10:01-10:10,5m,universe,2022Q3,650,3,4631.084615384615,100.0,-10.839505,6.032218,16.871723,-41.17608491425561,-54.72326173051433,-13.54717681625871,0.1646902694847705,-0.0025721633926869
w1001_1010_h5m,10:01-10:10,5m,universe,2022Q4,600,3,4709.493333333333,100.0,-8.0537195,7.456848,15.510568,21.153756947297577,12.867097074806988,-8.286659872490588,0.1501521898501678,0.0177002443163238
w1001_1010_h5m,10:01-10:10,5m,universe,2023Q1,590,3,4799.118644067797,100.0,-8.622706,4.496076,13.118783,9.26152199642564,13.80645865619032,4.544936659764683,0.1722798965567206,0.0178003422869939
w1001_1010_h5m,10:01-10:10,5m,universe,2023Q2,590,3,4835.276271186441,100.0,-6.85841,8.669481,15.527891,-6.754747414799175,6.947630556715988,13.702377971515164,0.1416542921314982,0.01981109055913
w1001_1010_h5m,10:01-10:10,5m,universe,2023Q3,640,3,4917.90625,100.0,-3.5504794,10.835656,14.386136,-19.62181714561726,-43.29674529309624,-23.674928147478973,0.1519509722756148,-0.0059762029288312
w1001_1010_h5m,10:01-10:10,5m,universe,2023Q4,600,3,4979.49,100.0,-6.978912,7.766263,14.745174,-0.0716128861851814,-30.616825583526406,-30.545212697341224,0.1592340796833595,0.0089855759914784
w1001_1010_h5m,10:01-10:10,5m,universe,2024Q1,580,3,5006.360344827586,100.0,-13.859391,2.5466182,16.40601,-20.74894462372226,-19.74522553780567,1.003719085916586,0.1484177889798008,0.0089152351827293
w1001_1010_h5m,10:01-10:10,5m,universe,2024Q2,590,3,4977.950847457627,100.0,-10.999132,4.6999116,15.699043,-41.64677865190635,-59.49390287728332,-17.847124225376973,0.1733228420675127,0.0433722117049841
w1001_1010_h5m,10:01-10:10,5m,universe,2024Q3,640,3,4919.9328125,100.0,-6.3504324,7.774938,14.125371,59.0218709794935,48.17197229440836,-10.849898685085146,0.1812609488187019,-0.0044891928914547
w1001_1010_h5m,10:01-10:10,5m,universe,2024Q4,610,3,4994.58524590164,100.0,-7.4933505,9.053801,16.54715,-13.461446937691612,-56.92068980682673,-43.45924286913511,0.1395326434473064,0.0024920190284932
w1001_1010_h5m,10:01-10:10,5m,universe,2025Q1,570,3,5015.663157894737,100.0,-6.030144,7.9099646,13.940108,13.704541247980403,-17.278668990606228,-30.98321023858663,0.1579128146343602,0.0209993970171001
w1001_1010_h5m,10:01-10:10,5m,universe,2025Q2,600,3,5032.588333333333,100.0,-5.0759234,7.615945,12.691869,9.540819345054224,-0.8031299828972842,-10.34394932795151,0.1684259522160714,-0.0016724467743619
w1001_1010_h5m,10:01-10:10,5m,universe,2025Q3,660,3,5076.59393939394,100.0,-6.4906826,5.1016126,11.592296,31.55785445104403,21.84972821397108,-9.708126237072948,0.1487077877740454,0.0228650429760491
w1001_1010_h5m,10:01-10:10,5m,universe,2025Q4,600,3,5079.9,100.0,-5.1204185,5.5041075,10.624526,8.800702856999305,5.063035031992051,-3.737667825007253,0.1327352292112438,-0.0020805023772591
w1001_1010_h5m,10:01-10:10,5m,pool_L,2022Q1,580,3,3027.2758620689656,100.0,-9.942419,1.3161527,11.258572,-37.68469163301766,-14.620417717560624,23.064273915457036,0.1443380333059467,-0.0037462032876355
w1001_1010_h5m,10:01-10:10,5m,pool_L,2022Q2,590,3,3067.7186440677965,100.0,-6.4288,5.8277235,12.256523,17.465303510341823,35.859748084692505,18.394444574350683,0.1551910231655885,0.0316691014613537
w1001_1010_h5m,10:01-10:10,5m,pool_L,2022Q3,650,3,3151.963076923077,100.0,-10.633164,-0.05632314,10.576841,-34.18446485396604,-32.164018387862995,2.0204464661030466,0.1491906319659542,-0.0047945344764846
w1001_1010_h5m,10:01-10:10,5m,pool_L,2022Q4,600,3,3216.313333333333,100.0,-7.7407503,0.9845821,8.725333,29.685095993705865,34.571972269873335,4.886876276167468,0.1323291219379696,0.0138862891480894
w1001_1010_h5m,10:01-10:10,5m,pool_L,2023Q1,590,3,3281.979661016949,100.0,-8.370945,0.64325,9.0141945,15.070220470522829,29.36911986021153,14.298899389688705,0.1601289440552612,0.0128321925989714
w1001_1010_h5m,10:01-10:10,5m,pool_L,2023Q2,590,3,3308.452542372881,100.0,-6.671584,2.609298,9.280882,1.6429555254941433,30.88389501466729,29.240939489173147,0.1285838321952151,0.0147778565892108
w1001_1010_h5m,10:01-10:10,5m,pool_L,2023Q3,640,3,3378.515625,100.0,-3.1988444,4.4432173,7.6420617,-13.25093863793058,-18.831297199718765,-5.580358561788187,0.1387641700305585,-0.0093220573634724
w1001_1010_h5m,10:01-10:10,5m,pool_L,2023Q4,600,3,3427.65,100.0,-6.747637,1.4062713,8.153909,5.614893644226623,1.726506306699785,-3.888387337526838,0.1458952698937664,0.0015713998227263
w1001_1010_h5m,10:01-10:10,5m,pool_L,2024Q1,580,3,3446.708620689655,100.0,-14.203189,-5.4624634,8.7407255,-6.017086655032756,19.90348367332757,25.920570328360327,0.1407986402295714,0.0031602914357508
w1001_1010_h5m,10:01-10:10,5m,pool_L,2024Q2,590,3,3409.450847457628,100.0,-11.588212,-3.314656,8.273556,-32.50743455818829,-19.66138919957312,12.846045358615164,0.1719235733746759,0.0430573947784856
w1001_1010_h5m,10:01-10:10,5m,pool_L,2024Q3,640,3,3378.9953125,100.0,-5.91141,1.7248211,7.6362314,66.99768151685655,73.61805891308063,6.620377396224089,0.1731071191260944,-0.0117848792040756
w1001_1010_h5m,10:01-10:10,5m,pool_L,2024Q4,610,3,3432.216393442623,100.0,-7.5320344,-0.3051639,7.2268705,-0.4888667220915647,-0.9584408991479484,-0.469574177056383,0.1329969856184271,-0.0028120892015974
w1001_1010_h5m,10:01-10:10,5m,pool_L,2025Q1,570,3,3438.124561403509,100.0,-6.1247478,1.8079038,7.9326515,24.20571290192617,31.353000899106565,7.147287997180395,0.1580349945876869,0.0177044694328284
w1001_1010_h5m,10:01-10:10,5m,pool_L,2025Q2,600,3,3429.608333333333,100.0,-5.1228385,2.32257,7.4454083,16.519612112413526,21.147634817401837,4.628022704988306,0.1755003543345296,-0.0026683423977405
w1001_1010_h5m,10:01-10:10,5m,pool_L,2025Q3,660,3,3448.04696969697,100.0,-6.299795,0.8628436,7.162639,41.00872744290879,59.53452004295141,18.52579260004262,0.1388211490137933,0.0179323719385909
w1001_1010_h5m,10:01-10:10,5m,pool_L,2025Q4,600,3,3452.673333333333,100.0,-4.8250217,1.4319472,6.2569695,14.999411704075309,23.022302931383717,8.022891227308406,0.1239835951188385,-0.0111430245335311
w1001_1010_h10m,10:01-10:10,10m,universe,2022Q1,580,3,4467.127586206897,100.0,-10.481643,13.375162,23.856804,-46.285702064419525,-47.2487148857518,-0.9630128213322696,0.1222894201254236,0.0046962857629814
w1001_1010_h10m,10:01-10:10,10m,universe,2022Q2,590,3,4512.271186440678,100.0,-7.4650598,13.787082,21.252142,3.874950631606645,-7.494748733304074,-11.36969936491072,0.1300621488473567,0.0322965653396248
w1001_1010_h10m,10:01-10:10,10m,universe,2022Q3,650,3,4617.492307692308,100.0,-12.639025,7.0213695,19.660393,-41.1938477599805,-53.211531608677504,-12.017683848697004,0.129609125647191,-0.0016404714262409
w1001_1010_h10m,10:01-10:10,10m,universe,2022Q4,600,3,4696.945,100.0,-6.3768463,9.981412,16.35826,21.16951329911389,12.802481256418368,-8.367032042695524,0.1072217638180102,0.0175295380619002
w1001_1010_h10m,10:01-10:10,10m,universe,2023Q1,590,3,4783.8525423728815,100.0,-8.522562,5.656527,14.179089,9.265603442939772,14.56990160779802,5.304298164858248,0.1288766524506855,0.0155153973127353
w1001_1010_h10m,10:01-10:10,10m,universe,2023Q2,590,3,4821.896610169491,100.0,-6.0285373,11.887429,17.915966,-6.747854999780585,10.368537046457783,17.11639204623837,0.1098808111387267,0.0204953800218964
w1001_1010_h10m,10:01-10:10,10m,universe,2023Q3,640,3,4904.1359375,100.0,-1.390598,13.987097,15.377696,-19.641621975668777,-47.84480200995797,-28.2031800342892,0.1127925248331866,-0.0096672245037485
w1001_1010_h10m,10:01-10:10,10m,universe,2023Q4,600,3,4968.99,100.0,-7.365072,7.802488,15.167561,-0.0555390091795123,-36.555578521376674,-36.50003951219716,0.1029959519689195,0.0029672078891223
w1001_1010_h10m,10:01-10:10,10m,universe,2024Q1,580,3,4997.489655172414,100.0,-11.372602,5.3800817,16.752684,-20.688000737655827,-23.38965392942764,-2.701653191771814,0.1132783720489934,0.0090809950618935
w1001_1010_h10m,10:01-10:10,10m,universe,2024Q2,590,3,4968.640677966102,100.0,-12.702058,3.907959,16.610018,-41.60918780333449,-65.75342378045555,-24.14423597712106,0.1311628453096878,0.039973155566344
w1001_1010_h10m,10:01-10:10,10m,universe,2024Q3,640,3,4894.4640625,100.0,-4.9366984,9.144393,14.081091,58.99759849707302,47.12836123424322,-11.869237262829802,0.1366062112430682,-0.0068694732814188
w1001_1010_h10m,10:01-10:10,10m,universe,2024Q4,610,3,4987.290163934426,100.0,-7.9295864,9.377975,17.307562,-13.452445223883135,-44.55010715196442,-31.097661928081283,0.1029642737881021,0.0025128772038537
w1001_1010_h10m,10:01-10:10,10m,universe,2025Q1,570,3,5008.7649122807015,100.0,-3.8250468,10.676811,14.501857,13.722200968938704,-20.613554666785515,-34.33575563572422,0.1103247884612089,0.0133242489804411
w1001_1010_h10m,10:01-10:10,10m,universe,2025Q2,600,3,5027.585,100.0,-2.44475,10.730438,13.175188,9.595770915286684,-0.6078043363885997,-10.203575251675284,0.120872862580922,-0.0083087330580686
w1001_1010_h10m,10:01-10:10,10m,universe,2025Q3,660,3,5072.806060606061,100.0,-7.288157,4.3331833,11.62134,31.57621038125197,22.18457078433955,-9.39163959691242,0.1030147707683267,0.00891996993675
w1001_1010_h10m,10:01-10:10,10m,universe,2025Q4,600,3,5072.86,100.0,-3.6847126,8.192089,11.8768015,8.819118268181365,4.012748433567333,-4.806369834614031,0.0875144821334939,-0.0117761383425091
w1001_1010_h10m,10:01-10:10,10m,pool_L,2022Q1,580,3,3016.7965517241378,100.0,-10.529489,2.2553966,12.784885,-37.60784277190571,-12.132185420123513,25.4756573517822,0.112204576004271,0.0035700477851583
w1001_1010_h10m,10:01-10:10,10m,pool_L,2022Q2,590,3,3059.1474576271185,100.0,-7.167496,7.1966896,14.364185,17.525076704287255,41.20989823566124,23.68482153137398,0.1238134655362511,0.0331799236775009
w1001_1010_h10m,10:01-10:10,10m,pool_L,2022Q3,650,3,3142.612307692308,100.0,-12.515597,-0.6572964,11.858301,-34.18570789202243,-27.03390899083718,7.151798901185248,0.1170843754057569,-0.0031109953354459
w1001_1010_h10m,10:01-10:10,10m,pool_L,2022Q4,600,3,3208.09,100.0,-6.168392,2.1023107,8.270703,29.71124372447541,35.30659826312632,5.595354538650908,0.090603201213269,0.0140332316956458
w1001_1010_h10m,10:01-10:10,10m,pool_L,2023Q1,590,3,3271.694915254237,100.0,-8.28628,0.80513257,9.091413,15.098681838995972,29.830885078745805,14.732203239749833,0.1185299805348114,0.0111952311832366
w1001_1010_h10m,10:01-10:10,10m,pool_L,2023Q2,590,3,3300.8050847457625,100.0,-6.0158515,4.683026,10.698877,1.606963405274466,39.78101465008925,38.174051244814784,0.0983109143499583,0.0169790712572305
w1001_1010_h10m,10:01-10:10,10m,pool_L,2023Q3,640,3,3370.5515625,100.0,-1.0614567,7.92025,8.981707,-13.26454812324064,-19.213937903945364,-5.949389780704722,0.1021320237222374,-0.0126027548800528
w1001_1010_h10m,10:01-10:10,10m,pool_L,2023Q4,600,3,3421.863333333333,100.0,-7.3219314,0.789312,8.111243,5.631765811977527,-0.7135065626940854,-6.345272374671612,0.0899990099487069,-0.0025303617222891
w1001_1010_h10m,10:01-10:10,10m,pool_L,2024Q1,580,3,3441.3155172413794,100.0,-11.734831,-4.2880435,7.4467874,-5.948508830723776,21.092202169724963,27.040711000448734,0.1043608878923783,0.0047480162811301
w1001_1010_h10m,10:01-10:10,10m,pool_L,2024Q2,590,3,3404.3627118644067,100.0,-13.747704,-5.6204977,8.127206,-32.52648532953907,-25.12683121833732,7.399654111201754,0.1302946937854463,0.0412423005504107
w1001_1010_h10m,10:01-10:10,10m,pool_L,2024Q3,640,3,3361.5328125,100.0,-4.4502416,3.019525,7.469766,66.9252550364906,73.10360613620877,6.1783510997181725,0.1301230165345835,-0.0133230290379199
w1001_1010_h10m,10:01-10:10,10m,pool_L,2024Q4,610,3,3427.119672131148,100.0,-8.040211,-0.7842865,7.255925,-0.4607246544676894,2.8202702779662348,3.280994932433925,0.0971258084915478,-0.0025240317462432
w1001_1010_h10m,10:01-10:10,10m,pool_L,2025Q1,570,3,3434.198245614035,100.0,-3.9065135,4.1025662,8.00908,24.24056975125848,32.80903516536381,8.56846541410533,0.1091773334397064,0.0133960126279451
w1001_1010_h10m,10:01-10:10,10m,pool_L,2025Q2,600,3,3427.2166666666667,100.0,-2.4443111,3.9480567,6.392368,16.5746777769644,23.49326525263536,6.918587475670955,0.127142289129756,-0.0055691123061273
w1001_1010_h10m,10:01-10:10,10m,pool_L,2025Q3,660,3,3446.371212121212,100.0,-7.1920323,1.1331518,8.325184,41.00676239472839,57.57553657802556,16.568774183297172,0.0972095515287903,0.0091372895590918
w1001_1010_h10m,10:01-10:10,10m,pool_L,2025Q4,600,3,3448.9216666666666,100.0,-3.4490557,3.4667187,6.915774,14.990022755322638,26.12572973672841,11.135706981405772,0.0786392187143406,-0.0173625860446489
w1001_1010_h1h,10:01-10:10,1h,universe,2022Q1,580,3,4360.565517241379,100.0,-10.708459,31.733236,42.441696,-46.19178996355911,-44.68861977669976,1.5031701868593508,0.0487068200650476,0.005702362637047
w1001_1010_h1h,10:01-10:10,1h,universe,2022Q2,590,3,4404.106779661017,100.0,-4.2582593,18.892338,23.150597,4.485038667434779,-24.12987746741412,-28.614916134848905,0.0622042354858757,0.0248198320368476
w1001_1010_h1h,10:01-10:10,1h,universe,2022Q3,650,3,4498.6876923076925,100.0,-15.76998,8.768588,24.538568,-41.20328525219646,-62.57692617554595,-21.373640923349488,0.0535053926852169,0.0009462991839219
w1001_1010_h1h,10:01-10:10,1h,universe,2022Q4,600,3,4561.953333333333,100.0,10.216946,23.995516,13.778571,21.480920475954328,-1.453664198797962,-22.93458467475229,0.0399191456771508,0.0138207438178068
w1001_1010_h1h,10:01-10:10,1h,universe,2023Q1,590,3,4665.435593220339,100.0,-12.415887,3.4127142,15.828602,9.57448479921376,14.79419342631733,5.21970862710357,0.0420908900655817,0.0173713363462716
w1001_1010_h1h,10:01-10:10,1h,universe,2023Q2,590,3,4699.528813559322,100.0,-7.3884525,20.440233,27.828684,-6.553838391730466,6.944703947072515,13.49854233880298,0.0501369712578598,0.021597384370824
w1001_1010_h1h,10:01-10:10,1h,universe,2023Q3,640,3,4780.85,100.0,-7.851077,10.494387,18.345463,-19.585517134205592,-50.96757382048842,-31.38205668628283,0.038012099412447,-0.0002569402230485
w1001_1010_h1h,10:01-10:10,1h,universe,2023Q4,600,3,4850.21,100.0,-2.6815438,14.53262,17.214165,-0.1082909318468836,-34.847253324378386,-34.738962392531505,0.0281858997097101,0.0095450361025309
w1001_1010_h1h,10:01-10:10,1h,universe,2024Q1,580,3,4911.691379310345,100.0,-16.008553,5.2522388,21.260792,-20.20562961061339,-6.68620138261892,13.51942822799447,0.0578103109217518,0.0358938197233248
w1001_1010_h1h,10:01-10:10,1h,universe,2024Q2,590,3,4832.38813559322,100.0,-8.918564,9.419043,18.337606,-41.09920388677277,-73.3825919344818,-32.28338804770903,0.0602203978128777,0.0303725720315967
w1001_1010_h1h,10:01-10:10,1h,universe,2024Q3,640,3,4673.15,100.0,13.038478,26.983181,13.944705,60.95922006696357,54.05808764229802,-6.901132424665546,0.0619968217563482,-0.0040123758516638
w1001_1010_h1h,10:01-10:10,1h,universe,2024Q4,610,3,4929.444262295082,100.0,5.5365915,39.494278,33.957687,-13.420296840669996,-55.03880170619705,-41.61850486552706,0.0467950700281079,0.0124899240520916
w1001_1010_h1h,10:01-10:10,1h,universe,2025Q1,570,3,4924.336842105263,100.0,0.7879062,24.76313,23.975224,13.770680471421551,-18.86753871308063,-32.63821918450218,0.0428345254090164,0.0074235829910085
w1001_1010_h1h,10:01-10:10,1h,universe,2025Q2,600,3,4933.893333333333,100.0,-8.627233,5.0512786,13.678511,9.635571509695708,-8.004355100754411,-17.639926610450118,0.0483934143401968,0.0067981525242565
w1001_1010_h1h,10:01-10:10,1h,universe,2025Q3,660,3,5011.85,100.0,-4.8180046,7.4544144,12.27242,31.7221918475088,6.878141992322052,-24.844049855186743,0.0460913478443901,-0.0028563248988383
w1001_1010_h1h,10:01-10:10,1h,universe,2025Q4,600,3,4994.995,100.0,0.4882891,14.586905,14.098615,9.001812924256383,7.048921630846303,-1.9528912934100788,0.0364025611024342,0.0081152773762439
w1001_1010_h1h,10:01-10:10,1h,pool_L,2022Q1,580,3,2948.887931034483,100.0,-12.094803,4.2959614,16.390764,-37.39307525116895,-10.020689326976976,27.37238592419197,0.0385634233404506,0.0041396990383387
w1001_1010_h1h,10:01-10:10,1h,pool_L,2022Q2,590,3,2987.7796610169494,100.0,-3.1814458,11.59128,14.772726,18.171050746854988,34.06936592855523,15.89831518170024,0.061450410082157,0.0273107759696386
w1001_1010_h1h,10:01-10:10,1h,pool_L,2022Q3,650,3,3064.96,100.0,-16.033213,-4.147699,11.885512,-33.99375975770073,-33.97647540487865,0.0172843528220862,0.0458729994757591,0.0002490845911781
w1001_1010_h1h,10:01-10:10,1h,pool_L,2022Q4,600,3,3121.4333333333334,100.0,10.931422,16.118868,5.187446,29.998242228058487,37.51462312083581,7.516380892777319,0.0304326874629494,0.0132846925854444
w1001_1010_h1h,10:01-10:10,1h,pool_L,2023Q1,590,3,3194.3033898305084,100.0,-12.354546,-4.4708304,7.8837156,15.371751694334105,29.784145131537624,14.41239343720352,0.0343914561366573,0.0172842154077756
w1001_1010_h1h,10:01-10:10,1h,pool_L,2023Q2,590,3,3226.608474576271,100.0,-7.4037476,9.022686,16.426434,1.8053212082776529,38.82710144894556,37.02178024066791,0.0416793026616725,0.021928073133091
w1001_1010_h1h,10:01-10:10,1h,pool_L,2023Q3,640,3,3297.828125,100.0,-7.948288,0.74221265,8.6905,-13.139876899657889,-19.33382035961155,-6.193943459953664,0.033888033726959,0.000843798544576
w1001_1010_h1h,10:01-10:10,1h,pool_L,2023Q4,600,3,3350.971666666667,100.0,-2.8866348,3.47284,6.3594747,5.567064253251252,7.928540063461775,2.3614758102105227,0.0199928492328534,0.0085328460424976
w1001_1010_h1h,10:01-10:10,1h,pool_L,2024Q1,580,3,3388.403448275862,100.0,-16.564938,-8.169703,8.395235,-5.563515228090053,32.71962890422031,38.28314413231037,0.0533045388070661,0.0377353029247162
w1001_1010_h1h,10:01-10:10,1h,pool_L,2024Q2,590,3,3311.8898305084745,100.0,-9.726058,-1.0393356,8.686722,-32.2136205544008,-33.3584133448224,-1.144792790421603,0.0591578950239174,0.0297653372442109
w1001_1010_h1h,10:01-10:10,1h,pool_L,2024Q3,640,3,3206.8109375,100.0,15.089685,21.625217,6.535534,68.818109261628,74.63593810935261,5.817828847724609,0.0619496481896287,-0.0059141863906863
w1001_1010_h1h,10:01-10:10,1h,pool_L,2024Q4,610,3,3388.011475409836,100.0,5.12997,18.848324,13.718354,-0.2894287790854885,4.862120725469946,5.151549504555435,0.0439940480454044,0.0131804481591207
w1001_1010_h1h,10:01-10:10,1h,pool_L,2025Q1,570,3,3379.754385964912,100.0,0.3190641,15.147737,14.828673,24.291862500178148,40.31504334320003,16.023180843021883,0.0405491176539254,0.0135001126591498
w1001_1010_h1h,10:01-10:10,1h,pool_L,2025Q2,600,3,3371.411666666667,100.0,-9.217789,-3.7575455,5.460243,16.65197087370046,30.27792257148444,13.62595169778398,0.0523622006319203,0.0154053661401865
w1001_1010_h1h,10:01-10:10,1h,pool_L,2025Q3,660,3,3411.292424242424,100.0,-4.590686,4.2152767,8.805963,41.09713409529826,54.07588260477576,12.9787485094775,0.0445115821343325,-0.0020842235903326
w1001_1010_h1h,10:01-10:10,1h,pool_L,2025Q4,600,3,3403.593333333333,100.0,0.70470405,6.4696064,5.7649026,15.164961981254228,25.175645641442102,10.010683660187876,0.0321279808409817,0.0082905248658236
w1001_1010_hclose,10:01-10:10,close,universe,2022Q1,580,3,4589.993103448276,100.0,-24.99074,19.414465,44.405205,-46.69324288109436,-27.93517746075743,18.758065420336926,0.0436912373467365,0.0217666233042282
w1001_1010_hclose,10:01-10:10,close,universe,2022Q2,590,3,4635.205084745763,100.0,6.349495,32.12338,25.773882,3.479007729578142,-8.724867656879496,-12.20387538645764,0.0618654535346897,0.0416419559309822
w1001_1010_hclose,10:01-10:10,close,universe,2022Q3,650,3,4723.22,100.0,-22.749102,4.2820063,27.031105,-41.046725151525344,-45.44173432517766,-4.395009173652317,0.0485522645476578,0.0210220884805734
w1001_1010_hclose,10:01-10:10,close,universe,2022Q4,600,3,4814.046666666667,100.0,3.6702816,32.37774,28.707458,21.054116734428305,22.28003657447142,1.2259198400431155,0.0444702421500205,0.0279056053535972
w1001_1010_hclose,10:01-10:10,close,universe,2023Q1,590,3,4894.530508474576,100.0,-4.3694706,27.55322,31.922693,9.154470594859236,20.789686332181837,11.635215737322596,0.0453668125156574,0.0231216474513922
w1001_1010_hclose,10:01-10:10,close,universe,2023Q2,590,3,4936.84406779661,100.0,0.76140475,41.003788,40.242382,-7.089546423641808,13.715538989904486,20.80508541354629,0.0488027263469464,0.0281512701236328
w1001_1010_hclose,10:01-10:10,close,universe,2023Q3,640,3,5012.8140625,100.0,-11.701993,18.829391,30.531384,-19.513841618419807,-38.61955543519233,-19.105713816772525,0.0307889315900086,0.0073835551121194
w1001_1010_hclose,10:01-10:10,close,universe,2023Q4,600,3,5048.383333333333,100.0,-1.1344644,23.803312,24.937777,-0.0545071594377607,-8.60924465779583,-8.554737498358069,0.0370855768817357,0.0203810313051522
w1001_1010_hclose,10:01-10:10,close,universe,2024Q1,580,3,5060.489655172414,100.0,-9.324011,35.141876,44.46589,-21.22044820103056,4.421195345999544,25.641643547030103,0.0673874619423871,0.0491058834026156
w1001_1010_hclose,10:01-10:10,close,universe,2024Q2,590,3,5063.5,100.0,-16.27954,12.852981,29.132519,-42.33791228322347,-64.30063095699427,-21.962718673770805,0.0552817467420156,0.0354338043869893
w1001_1010_hclose,10:01-10:10,close,universe,2024Q3,640,3,5054.1046875,100.0,17.83324,52.513325,34.68008,58.74045031284114,60.47760027247407,1.7371499596329243,0.0538154956093421,0.0074683347120101
w1001_1010_hclose,10:01-10:10,close,universe,2024Q4,610,3,5027.863934426229,100.0,-6.4117327,19.606424,26.018156,-13.5462607142184,-30.97363568472106,-17.42737497050266,0.0563369411941822,0.0388062038336062
w1001_1010_hclose,10:01-10:10,close,universe,2025Q1,570,3,5075.88947368421,100.0,-1.3516651,27.03639,28.388054,13.658642230350637,5.696509637609322,-7.962132592741314,0.0475859999917445,0.0243754506403498
w1001_1010_hclose,10:01-10:10,close,universe,2025Q2,600,3,5080.341666666666,100.0,-0.9411241,31.055237,31.99636,9.49403212011202,24.458963384629225,14.964931264517206,0.0476735809362112,0.0319632901246508
w1001_1010_hclose,10:01-10:10,close,universe,2025Q3,660,3,5102.684848484849,100.0,11.08733,28.529833,17.442503,31.47436748419419,26.15639850971426,-5.31796897447993,0.0291737549541351,-0.0011823947979597
w1001_1010_hclose,10:01-10:10,close,universe,2025Q4,600,3,5114.435,100.0,3.6156235,36.814575,33.19895,8.733114435336294,17.65321017210747,8.920095736771179,0.033232641546604,0.0190351460487049
w1001_1010_hclose,10:01-10:10,close,pool_L,2022Q1,580,3,3093.2206896551725,100.0,-25.61107,-0.85342115,24.757648,-38.17966801069297,-9.9414676497737,28.238200360919272,0.0348968112371589,0.0117789356263148
w1001_1010_hclose,10:01-10:10,close,pool_L,2022Q2,590,3,3139.928813559322,100.0,8.232926,23.27402,15.041092,17.27311833385215,33.11044740424244,15.837329070390297,0.05352482003432,0.0359074168802346
w1001_1010_hclose,10:01-10:10,close,pool_L,2022Q3,650,3,3208.444615384615,100.0,-22.665333,-11.776429,10.888906,-34.18177412455168,-29.624872298853784,4.556901825697901,0.0361380268208422,0.0136489752950504
w1001_1010_hclose,10:01-10:10,close,pool_L,2022Q4,600,3,3278.2533333333336,100.0,5.061305,20.721592,15.660287,29.54316435031117,40.59163615990149,11.048471809590318,0.0330604615595946,0.0186962089219608
w1001_1010_hclose,10:01-10:10,close,pool_L,2023Q1,590,3,3336.828813559322,100.0,-4.3524714,14.717075,19.069546,15.062179200214086,30.596938236291724,15.534759036077636,0.0319579150313547,0.0174967636892934
w1001_1010_hclose,10:01-10:10,close,pool_L,2023Q2,590,3,3361.3033898305084,100.0,1.8693407,31.8101,29.940758,1.6158302327285892,37.26375094489111,35.64792071216252,0.0398223950385558,0.0191315843833727
w1001_1010_hclose,10:01-10:10,close,pool_L,2023Q3,640,3,3424.05625,100.0,-11.669628,-0.2670744,11.4025545,-13.222937192863096,-18.103563138507692,-4.880625945644597,0.0186335234230152,-0.0009627937320324
w1001_1010_hclose,10:01-10:10,close,pool_L,2023Q4,600,3,3457.846666666667,100.0,-0.45265883,13.188805,13.641463,5.637572903760476,13.027240169391645,7.389667265631166,0.0236567489704713,0.0112322089499288
w1001_1010_hclose,10:01-10:10,close,pool_L,2024Q1,580,3,3470.5310344827585,100.0,-6.262427,22.609554,28.871983,-6.276410833923762,28.815611257178876,35.09202209110264,0.0627787021518412,0.0455946707720013
w1001_1010_hclose,10:01-10:10,close,pool_L,2024Q2,590,3,3453.169491525424,100.0,-16.676992,0.34228164,17.019274,-32.61984583503431,-36.06843675902443,-3.448590923990115,0.0461013077755827,0.0233177677567884
w1001_1010_hclose,10:01-10:10,close,pool_L,2024Q3,640,3,3460.8203125,100.0,19.245779,34.535,15.28922,66.73071825185939,76.15344886275682,9.42273061089743,0.0414735688339222,-0.0013666887676378
w1001_1010_hclose,10:01-10:10,close,pool_L,2024Q4,610,3,3452.727868852459,100.0,-4.778308,9.611917,14.390224,-0.5846076335693969,3.0170775104661884,3.601685144035585,0.0411468167093489,0.0247705417510011
w1001_1010_hclose,10:01-10:10,close,pool_L,2025Q1,570,3,3471.6105263157897,100.0,-0.5717269,21.448671,22.020397,24.185713402841284,42.98028667131912,18.794573268477837,0.0367106799122936,0.0155993699940697
w1001_1010_hclose,10:01-10:10,close,pool_L,2025Q2,600,3,3452.86,100.0,-1.1928588,12.072501,13.26536,16.532814998138793,36.044006191150736,19.511191193011943,0.0374686300010104,0.0254694172816196
w1001_1010_hclose,10:01-10:10,close,pool_L,2025Q3,660,3,3458.9242424242425,100.0,12.597246,24.172995,11.57575,41.01590851254537,54.824399964011626,13.808491451466246,0.0222712017538631,-0.0077101057222567
w1001_1010_hclose,10:01-10:10,close,pool_L,2025Q4,600,3,3467.998333333333,100.0,3.721285,20.119268,16.397984,14.978233136798291,26.35903964540352,11.38080650860523,0.0249329065796511,0.0146114121104708
w1401_1410_h1m,14:01-14:10,1m,universe,2022Q1,580,3,4358.627586206897,100.0,-8.212883,6.1867304,14.399614,-30.014592929582413,-68.36671721468835,-38.35212428510594,0.3597748325936015,-0.0053795049580916
w1401_1410_h1m,14:01-14:10,1m,universe,2022Q2,590,3,4397.489830508474,100.0,-9.831278,4.7634935,14.594771,-10.611413875753412,-36.515734217438656,-25.90432034168525,0.3730631636770427,0.0313383959533421
w1401_1410_h1m,14:01-14:10,1m,universe,2022Q3,650,3,4489.361538461539,100.0,-7.721549,4.308036,12.029585,-25.221208364402514,-48.6114655717284,-23.39025720732588,0.3786113516541012,0.0005506915483917
w1401_1410_h1m,14:01-14:10,1m,universe,2022Q4,600,3,4600.68,100.0,-8.436793,3.5416467,11.97844,11.591482445005717,-10.826826386124717,-22.41830883113043,0.3891369425581184,0.0179523937963532
w1401_1410_h1m,14:01-14:10,1m,universe,2023Q1,590,3,4672.845762711864,100.0,-7.0443854,2.9728532,10.017239,11.22843830560626,4.550935675352662,-6.677502630253598,0.3914460869381657,0.0243834843378498
w1401_1410_h1m,14:01-14:10,1m,universe,2023Q2,590,3,4708.927118644067,100.0,-7.3046684,4.328425,11.633093,-14.124535900492422,-31.49347549334896,-17.368939592856538,0.3740702410616239,0.0165424927497296
w1401_1410_h1m,14:01-14:10,1m,universe,2023Q3,640,3,4803.46875,100.0,-6.7983446,3.7115643,10.509909,-16.503093050480068,-54.42288139771764,-37.91978834723757,0.3866178575766699,0.0032257871325386
w1401_1410_h1m,14:01-14:10,1m,universe,2023Q4,600,3,4871.068333333334,100.0,-6.6446667,3.5839832,10.22865,-4.79876587479227,-32.402341560786084,-27.603575685993818,0.3913127415121198,0.0166551035162746
w1401_1410_h1m,14:01-14:10,1m,universe,2024Q1,580,3,4921.305172413793,100.0,-7.9962864,5.562581,13.558868,-21.11651510882208,-38.39486220056157,-17.278347091739484,0.3659033861641276,0.0006001349087155
w1401_1410_h1m,14:01-14:10,1m,universe,2024Q2,590,3,4850.11186440678,100.0,-8.843889,3.8150487,12.658937,-33.99777337379404,-67.22480752987263,-33.227034156078595,0.4086641042205721,0.0341285725011291
w1401_1410_h1m,14:01-14:10,1m,universe,2024Q3,640,3,4718.9703125,100.0,-9.380064,2.4999719,11.880036,29.36789483613124,3.850642741302425,-25.51725209482881,0.4227414041257051,-0.0045045134355953
w1401_1410_h1m,14:01-14:10,1m,universe,2024Q4,610,3,4908.042622950819,100.0,-8.858016,8.75112,17.609137,-12.867966579360418,-68.57805768975423,-55.71009111039382,0.3678493359402738,0.0073301689816036
w1401_1410_h1m,14:01-14:10,1m,universe,2025Q1,570,3,4919.668421052632,100.0,-6.7160287,6.0163097,12.732339,18.710488508491387,-6.680484047654889,-25.39097255614628,0.3721337323854702,0.0256247620085387
w1401_1410_h1m,14:01-14:10,1m,universe,2025Q2,600,3,4912.516666666666,100.0,-6.6721873,3.6149378,10.287125,10.297572907586693,-19.488547352689068,-29.78612026027576,0.3848727666184628,0.0041269383695646
w1401_1410_h1m,14:01-14:10,1m,universe,2025Q3,660,3,5004.742424242424,100.0,-6.109302,3.3942223,9.503525,22.250964873505502,4.152823695761777,-18.098141177743727,0.3521761585002565,0.0304412278415707
w1401_1410_h1m,14:01-14:10,1m,universe,2025Q4,600,3,4994.566666666667,100.0,-5.4562497,2.2300541,7.6863036,-1.5527524494410725,-19.325512666537644,-17.77276021709657,0.352877976313948,0.0068864304306326
w1401_1410_h1m,14:01-14:10,1m,pool_L,2022Q1,580,3,2953.277586206897,100.0,-7.8975635,0.5620624,8.459626,-19.319761298484416,-21.131578236541788,-1.8118169380573768,0.3467402699706435,-0.0103659700099815
w1401_1410_h1m,14:01-14:10,1m,pool_L,2022Q2,590,3,2989.0745762711863,100.0,-9.423085,-0.026560213,9.396525,1.2556969498956516,2.1809055406121787,0.9252085907165272,0.3618222584541917,0.0269446029674751
w1401_1410_h1m,14:01-14:10,1m,pool_L,2022Q3,650,3,3059.904615384615,100.0,-7.3175135,0.7882953,8.105809,-16.781308074087494,-18.959404862241016,-2.178096788153524,0.3669278171209945,-0.0001030814781101
w1401_1410_h1m,14:01-14:10,1m,pool_L,2022Q4,600,3,3149.998333333333,100.0,-8.024701,-0.27056405,7.7541375,19.98099847917961,16.415815351820136,-3.5651831273594765,0.3769275132533163,0.0138100814372248
w1401_1410_h1m,14:01-14:10,1m,pool_L,2023Q1,590,3,3200.5677966101694,100.0,-6.9059,0.12384707,7.029747,17.170510044575106,24.551517537819496,7.381007493244392,0.3842171375677396,0.0217063098892841
w1401_1410_h1m,14:01-14:10,1m,pool_L,2023Q2,590,3,3233.3745762711865,100.0,-7.13844,0.78821033,7.92665,-6.302556735789145,-4.510176293760633,1.7923804420285112,0.3714535273764309,0.0142689477887432
w1401_1410_h1m,14:01-14:10,1m,pool_L,2023Q3,640,3,3312.2859375,100.0,-6.5245714,-0.041391674,6.4831796,-9.136125788856244,-13.280173841846588,-4.144048052990343,0.3813159082979956,-0.003217768761672
w1401_1410_h1m,14:01-14:10,1m,pool_L,2023Q4,600,3,3366.345,100.0,-6.209129,-0.050547827,6.1585813,1.0465382548112654,1.671195427278766,0.6246571724675009,0.3776163635217847,0.0073798064716565
w1401_1410_h1m,14:01-14:10,1m,pool_L,2024Q1,580,3,3395.456896551724,100.0,-7.838513,1.1219094,8.9604225,-8.5222275664304,5.148718560049129,13.670946126479528,0.3557387701025449,-0.0037607475670538
w1401_1410_h1m,14:01-14:10,1m,pool_L,2024Q2,590,3,3327.494915254237,100.0,-8.882428,0.051921908,8.93435,-24.664318815801508,-23.64774332305573,1.0165754927457755,0.4123756783279206,0.03979405433486
w1401_1410_h1m,14:01-14:10,1m,pool_L,2024Q3,640,3,3242.8828125,100.0,-9.183202,-0.6293648,8.553837,36.63485604925919,38.40902499890783,1.7741689496486406,0.4200447976991876,-0.0120280791963533
w1401_1410_h1m,14:01-14:10,1m,pool_L,2024Q4,610,3,3382.4639344262296,100.0,-8.694832,0.9979196,9.692751,0.8805851044526773,-11.553491660491336,-12.434076764944017,0.3612245854432784,0.0027299696534485
w1401_1410_h1m,14:01-14:10,1m,pool_L,2025Q1,570,3,3380.50350877193,100.0,-6.697381,1.0387853,7.736166,29.42817653046164,35.71815170538195,6.289975174920317,0.372733622607005,0.0196177702199341
w1401_1410_h1m,14:01-14:10,1m,pool_L,2025Q2,600,3,3363.2066666666665,100.0,-6.538242,-0.21877098,6.319471,18.275396385814958,18.154501140092886,-0.1208952457220679,0.3930261223503067,0.0034784575300262
w1401_1410_h1m,14:01-14:10,1m,pool_L,2025Q3,660,3,3408.810606060606,100.0,-5.915004,0.066374704,5.9813786,31.005028576706973,37.129153784695504,6.124125207988536,0.3422683283128496,0.0239112868955329
w1401_1410_h1m,14:01-14:10,1m,pool_L,2025Q4,600,3,3408.096666666667,100.0,-5.1393003,-0.27246872,4.866832,5.0560367164608335,5.405350341110986,0.3493136246501522,0.3477959709290161,-0.0004349143536401
w1401_1410_h3m,14:01-14:10,3m,universe,2022Q1,580,3,4355.517241379311,100.0,-8.051218,7.5873814,15.638599,-30.04242335663432,-59.970639893070896,-29.92821653643658,0.3026766664138976,0.0037659121202474
w1401_1410_h3m,14:01-14:10,3m,universe,2022Q2,590,3,4396.045762711864,100.0,-10.968964,5.3885956,16.35756,-10.634095736321523,-34.114879066388525,-23.480783330067,0.317040768585337,0.0378663990519114
w1401_1410_h3m,14:01-14:10,3m,universe,2022Q3,650,3,4488.9353846153845,100.0,-7.564486,5.3874025,12.951888,-25.22895078991036,-42.4139104842821,-17.184959694371738,0.3170364807028112,0.0092937831723952
w1401_1410_h3m,14:01-14:10,3m,universe,2022Q4,600,3,4598.723333333333,100.0,-9.200104,2.9000952,12.1002,11.562202715365354,-4.789589191652061,-16.351791907017414,0.321420083288434,0.0249177582639203
w1401_1410_h3m,14:01-14:10,3m,universe,2023Q1,590,3,4676.133898305085,100.0,-6.933088,3.7113206,10.644408,11.229297290938709,8.13296454952846,-3.0963327414102464,0.3314471042442909,0.0322780602334097
w1401_1410_h3m,14:01-14:10,3m,universe,2023Q2,590,3,4711.237288135593,100.0,-7.2812862,5.0400705,12.321357,-14.150940775787504,-23.43836643505645,-9.28742565926895,0.3146856343125186,0.0255546921919176
w1401_1410_h3m,14:01-14:10,3m,universe,2023Q3,640,3,4804.95625,100.0,-6.7986503,3.9498305,10.748481,-16.491307300485836,-54.681107940663786,-38.18980064017795,0.3254442023055656,0.0040594824036528
w1401_1410_h3m,14:01-14:10,3m,universe,2023Q4,600,3,4869.631666666667,100.0,-6.2824802,4.512742,10.795222,-4.78696970783165,-25.588538852720884,-20.80156914488923,0.3288639096572083,0.0185312535813057
w1401_1410_h3m,14:01-14:10,3m,universe,2024Q1,580,3,4919.577586206897,100.0,-6.9435616,7.6556735,14.599234,-21.113135872304703,-44.77429935041072,-23.661163478106005,0.3011818973621299,0.0048913693842724
w1401_1410_h3m,14:01-14:10,3m,universe,2024Q2,590,3,4846.51186440678,100.0,-10.017171,3.517001,13.534172,-34.02979222380737,-62.32945578434456,-28.299663560537194,0.3439902279257562,0.0410350842000381
w1401_1410_h3m,14:01-14:10,3m,universe,2024Q3,640,3,4713.1921875,100.0,-10.086455,2.6564784,12.742934,29.411362146691204,12.110652943710935,-17.300709202980265,0.3635240449188972,-0.0006500590156126
w1401_1410_h3m,14:01-14:10,3m,universe,2024Q4,610,3,4903.637704918033,100.0,-10.227018,8.583351,18.81037,-12.868992363161642,-57.95012232924141,-45.08112996607976,0.3132571341890277,0.022539853016641
w1401_1410_h3m,14:01-14:10,3m,universe,2025Q1,570,3,4917.171929824562,100.0,-6.5001698,6.6685615,13.168731,18.705236407027893,-0.7226600949373884,-19.42789650196528,0.3057549187836534,0.0323997758828568
w1401_1410_h3m,14:01-14:10,3m,universe,2025Q2,600,3,4910.388333333333,100.0,-6.472573,4.157541,10.630113,10.285283134292277,-11.912991127769704,-22.19827426206198,0.3215517906936631,0.0121436903173793
w1401_1410_h3m,14:01-14:10,3m,universe,2025Q3,660,3,5003.740909090909,100.0,-6.5611978,2.931376,9.492574,22.24589133455416,4.082485916850352,-18.16340541770381,0.2804213282919485,0.0351794158488843
w1401_1410_h3m,14:01-14:10,3m,universe,2025Q4,600,3,4993.86,100.0,-5.2389674,2.1427147,7.381682,-1.5577648947526488,-22.876696879522925,-21.31893198477028,0.2865439151399059,0.0121704568592049
w1401_1410_h3m,14:01-14:10,3m,pool_L,2022Q1,580,3,2950.65,100.0,-7.7232785,1.5909595,9.314238,-19.324458084396035,-16.80775971829558,2.5166983661004565,0.2890470047969526,-0.0044675153683409
w1401_1410_h3m,14:01-14:10,3m,pool_L,2022Q2,590,3,2987.898305084746,100.0,-10.591907,-0.1711563,10.420752,1.216472291509371,3.394572701265284,2.178100409755912,0.3058905803486539,0.0305971479949275
w1401_1410_h3m,14:01-14:10,3m,pool_L,2022Q3,650,3,3059.3215384615382,100.0,-7.143232,1.4225435,8.565775,-16.809549835630573,-12.480777171122057,4.328772664508515,0.3048958708953265,0.0065652089295504
w1401_1410_h3m,14:01-14:10,3m,pool_L,2022Q4,600,3,3148.185,100.0,-8.7414465,-0.82856596,7.912881,19.93477233170915,19.186081191664385,-0.7486911400447672,0.3093016671763855,0.0190424008221477
w1401_1410_h3m,14:01-14:10,3m,pool_L,2023Q1,590,3,3202.915254237288,100.0,-6.763898,0.77436686,7.5382648,17.164445597866603,23.25740795269766,6.092962354831058,0.3229706954992386,0.0255595693790289
w1401_1410_h3m,14:01-14:10,3m,pool_L,2023Q2,590,3,3234.815254237288,100.0,-7.045911,1.4973089,8.5432205,-6.3366201231119135,-1.4897509498964765,4.8468691732154365,0.3111139912301638,0.0191045165194699
w1401_1410_h3m,14:01-14:10,3m,pool_L,2023Q3,640,3,3313.1390625,100.0,-6.4833055,0.2535699,6.736875,-9.13161721707452,-13.245487752992844,-4.113870535918322,0.3194363803073135,-0.002027027252011
w1401_1410_h3m,14:01-14:10,3m,pool_L,2023Q4,600,3,3365.556666666667,100.0,-5.8093576,0.5998668,6.4092245,1.043130107212008,5.747190425342501,4.704060318130492,0.3136771453645586,0.0081080785998481
w1401_1410_h3m,14:01-14:10,3m,pool_L,2024Q1,580,3,3394.3,100.0,-6.7566543,2.4867728,9.243426,-8.523648815206323,-2.883780340010868,5.639868475195455,0.2914402903150836,-0.0027527243657246
w1401_1410_h3m,14:01-14:10,3m,pool_L,2024Q2,590,3,3324.7305084745763,100.0,-10.07794,-0.7726587,9.305281,-24.688611845542056,-21.95484660027378,2.7337652452682755,0.3492398837910649,0.0428942812647425
w1401_1410_h3m,14:01-14:10,3m,pool_L,2024Q3,640,3,3238.4390625,100.0,-9.893309,-0.81045085,9.082857,36.70885067491686,40.32865190136828,3.6198012264514112,0.361686765139436,-0.0114401818167091
w1401_1410_h3m,14:01-14:10,3m,pool_L,2024Q4,610,3,3379.17868852459,100.0,-9.986779,0.8138452,10.800625,0.8832334196821061,-2.434723175214789,-3.317956594896896,0.306053696746297,0.0134687777207281
w1401_1410_h3m,14:01-14:10,3m,pool_L,2025Q1,570,3,3378.584210526316,100.0,-6.49344,1.7309146,8.224355,29.43066268979677,36.38011622658619,6.949453536789422,0.3044314166238954,0.0245263930657021
w1401_1410_h3m,14:01-14:10,3m,pool_L,2025Q2,600,3,3361.6916666666666,100.0,-6.291486,0.18776383,6.4792495,18.260987066512044,20.67765206999337,2.41666500348133,0.328836298821945,0.0093659345562862
w1401_1410_h3m,14:01-14:10,3m,pool_L,2025Q3,660,3,3407.7727272727275,100.0,-6.3486505,-0.54022187,5.808429,31.00154948393099,36.7256947514494,5.724145267518408,0.2692958998328726,0.0246446051119858
w1401_1410_h3m,14:01-14:10,3m,pool_L,2025Q4,600,3,3407.4333333333334,100.0,-4.8949723,-0.029687347,4.865285,5.071437760834404,4.092488638612355,-0.9789491222220488,0.2800876081135663,0.0028964796302303
w1401_1410_h5m,14:01-14:10,5m,universe,2022Q1,580,3,4356.2206896551725,100.0,-7.7880487,7.7731977,15.561247,-30.070229727842477,-52.2143032188941,-22.144073491051625,0.2680311307378288,0.0074742340379303
w1401_1410_h5m,14:01-14:10,5m,universe,2022Q2,590,3,4398.466101694915,100.0,-11.541489,4.8216214,16.36311,-10.639176940053858,-25.912908842270745,-15.273731902216886,0.2827423928957436,0.0408674667361092
w1401_1410_h5m,14:01-14:10,5m,universe,2022Q3,650,3,4493.236923076923,100.0,-7.358699,5.530598,12.889297,-25.246999391364923,-39.0456966151393,-13.798697223774372,0.2838564491933864,0.0148467230295478
w1401_1410_h5m,14:01-14:10,5m,universe,2022Q4,600,3,4602.676666666666,100.0,-9.861924,1.6999474,11.561872,11.558168416421754,0.7959933295276872,-10.762175086894068,0.2867659391354717,0.0290089984568445
w1401_1410_h5m,14:01-14:10,5m,universe,2023Q1,590,3,4680.789830508475,100.0,-6.6010113,4.377538,10.97855,11.22435127124546,8.34719877465856,-2.877152496586898,0.2943840184474542,0.0287620105830239
w1401_1410_h5m,14:01-14:10,5m,universe,2023Q2,590,3,4714.847457627118,100.0,-7.1219974,5.292113,12.41411,-14.180753811546646,-23.999741869940607,-9.818988058393964,0.2791550519837946,0.0236951616790898
w1401_1410_h5m,14:01-14:10,5m,universe,2023Q3,640,3,4805.9796875,100.0,-6.3369064,4.3500853,10.686992,-16.46498009987156,-50.7247126908201,-34.25973259094853,0.2943724807063058,0.0086345005745254
w1401_1410_h5m,14:01-14:10,5m,universe,2023Q4,600,3,4868.496666666667,100.0,-6.031433,4.9268427,10.958277,-4.792793849070279,-24.63853909223849,-19.845745243168214,0.2970820803478967,0.0223048871864395
w1401_1410_h5m,14:01-14:10,5m,universe,2024Q1,580,3,4918.191379310345,100.0,-6.026113,8.656418,14.682531,-21.103539504780382,-34.885171278579605,-13.781631773799225,0.2632395418355995,0.0090784827224074
w1401_1410_h5m,14:01-14:10,5m,universe,2024Q2,590,3,4850.406779661017,100.0,-11.099092,2.5705397,13.669631,-34.03605013164026,-55.49218761755661,-21.456137485916354,0.3063782181004545,0.0425877356118534
w1401_1410_h5m,14:01-14:10,5m,universe,2024Q3,640,3,4721.0,100.0,-11.130605,1.4941287,12.624733,29.39796090987121,6.630419589370358,-22.76754132050085,0.326602491068971,0.0003120393454019
w1401_1410_h5m,14:01-14:10,5m,universe,2024Q4,610,3,4903.2213114754095,100.0,-11.225807,7.5760646,18.801872,-12.874964216528255,-55.47848559149167,-42.60352137496341,0.2812445114590669,0.0228021209138236
w1401_1410_h5m,14:01-14:10,5m,universe,2025Q1,570,3,4917.108771929825,100.0,-5.993844,7.3714066,13.365251,18.68969888235042,-2.4400851359048903,-21.12978401825531,0.2684060174523756,0.0353067961474388
w1401_1410_h5m,14:01-14:10,5m,universe,2025Q2,600,3,4914.605,100.0,-6.1755023,4.6768146,10.852317,10.317399350303871,-10.26478403327887,-20.58218338358274,0.2837630477361966,0.0143198017860256
w1401_1410_h5m,14:01-14:10,5m,universe,2025Q3,660,3,5005.819696969697,100.0,-6.782817,2.0116777,8.794495,22.25251162024897,8.859480331211014,-13.393031289037957,0.2429591716581959,0.0345405042259473
w1401_1410_h5m,14:01-14:10,5m,universe,2025Q4,600,3,4995.446666666667,100.0,-5.316693,2.1307251,7.4474177,-1.562105486979522,-22.703739686709373,-21.141634199729847,0.2537795176291846,0.0104502736991872
w1401_1410_h5m,14:01-14:10,5m,pool_L,2022Q1,580,3,2951.044827586207,100.0,-7.45747,1.9026781,9.360147,-19.326648584116064,-14.57078390889492,4.755864675221149,0.2522929616726546,-0.0036658257867179
w1401_1410_h5m,14:01-14:10,5m,pool_L,2022Q2,590,3,2989.8169491525423,100.0,-11.184477,-0.6987681,10.485709,1.2148241893017675,7.223719992865611,6.008895803563843,0.2693683693897774,0.0325732237065444
w1401_1410_h5m,14:01-14:10,5m,pool_L,2022Q3,650,3,3062.653846153846,100.0,-6.9030595,1.9871516,8.890211,-16.845656627071037,-11.125297753464068,5.720358873606967,0.2715308677407048,0.009944621137564
w1401_1410_h5m,14:01-14:10,5m,pool_L,2022Q4,600,3,3151.04,100.0,-9.338604,-1.348565,7.990039,19.915929475354627,20.480144464174604,0.5642149888199764,0.2749604614421532,0.0212931476769486
w1401_1410_h5m,14:01-14:10,5m,pool_L,2023Q1,590,3,3206.2389830508478,100.0,-6.412169,1.5509999,7.9631686,17.154549165320084,22.955231854747275,5.800682689427192,0.2858789397735379,0.0223582569963036
w1401_1410_h5m,14:01-14:10,5m,pool_L,2023Q2,590,3,3237.442372881356,100.0,-6.85489,1.766867,8.621757,-6.361120832394706,-1.4401022254042262,4.92101860699048,0.2743013136979836,0.0168627927059623
w1401_1410_h5m,14:01-14:10,5m,pool_L,2023Q3,640,3,3314.4140625,100.0,-5.9688816,0.9447465,6.9136286,-9.108496583172435,-15.305249457125296,-6.196752873952859,0.286417318647348,-0.0006377663854863
w1401_1410_h5m,14:01-14:10,5m,pool_L,2023Q4,600,3,3364.95,100.0,-5.5422044,1.2038538,6.746058,1.0305825076183146,4.159037096664981,3.128454589046666,0.2811746368038584,0.009382863860056
w1401_1410_h5m,14:01-14:10,5m,pool_L,2024Q1,580,3,3393.4741379310344,100.0,-5.874301,3.370141,9.244442,-8.506171932513066,3.8860210620468014,12.39219299455987,0.2532079142227568,-6.41279767173055e-05
w1401_1410_h5m,14:01-14:10,5m,pool_L,2024Q2,590,3,3327.579661016949,100.0,-11.151738,-1.6391653,9.512573,-24.703466160762925,-20.38032926528212,4.3231368954808085,0.3118068839989345,0.0421803739483947
w1401_1410_h5m,14:01-14:10,5m,pool_L,2024Q3,640,3,3244.73125,100.0,-10.9499235,-1.8811872,9.068736,36.69739521059916,36.95287786170447,0.2554826511053116,0.3249785567568274,-0.0105107165130518
w1401_1410_h5m,14:01-14:10,5m,pool_L,2024Q4,610,3,3379.070491803279,100.0,-10.93407,0.12908407,11.063154,0.899621776707638,-3.4035952089978747,-4.303216985705514,0.2733857542852951,0.0140561483871884
w1401_1410_h5m,14:01-14:10,5m,pool_L,2025Q1,570,3,3378.321052631579,100.0,-6.0110927,2.5580347,8.569127,29.426451692911385,36.56340479905538,7.136953106143992,0.2662656038098157,0.0259665682178104
w1401_1410_h5m,14:01-14:10,5m,pool_L,2025Q2,600,3,3364.498333333333,100.0,-5.970666,0.37684426,6.347511,18.28788459298534,19.92231240285486,1.6344278098695206,0.2901291422215791,0.0099912241051545
w1401_1410_h5m,14:01-14:10,5m,pool_L,2025Q3,660,3,3409.440909090909,100.0,-6.557687,-1.2526591,5.305028,31.00885957280813,38.98923321796491,7.980373645156775,0.2303852926607937,0.0237767556668377
w1401_1410_h5m,14:01-14:10,5m,pool_L,2025Q4,600,3,3408.295,100.0,-4.9506764,0.12624471,5.076921,5.080213909443793,3.720229094825256,-1.3599848146185365,0.2471092268323098,0.000629848503097
