case,window,label,pool,variant,run_id,groups,months,candidate_rows,selected_rows,pool_short_mean_bps,selected_short_mean_bps,short_internal_excess_bps,pool_next_mean_bps,selected_next_mean_bps,next_internal_excess_bps,short_rank_ic,next_rank_ic,short_positive_months,next_positive_months,short_positive_clocks,next_positive_clocks
w0931_0940_h1m,09:31-09:40,1m,universe,w0931_0940_h1m,nn_ds350_w0931_0940_h1m_36m_grouped_gated_v2_mse_v1,9690,48,4948.55221878225,100.0,-8.59841,15.020394,23.618805,2.3825026422007927,4.8817236331231015,2.4992209909223093,0.1606464004188513,0.012884489783414,48,22,10,4
w0931_0940_h1m,09:31-09:40,1m,pool_L,w0931_0940_h1m,nn_ds350_w0931_0940_h1m_36m_grouped_gated_v2_mse_v1,9690,48,3373.667285861713,100.0,-8.254118,3.6174226,11.87154,11.158507185691578,29.59869796598501,18.440190780293435,0.145892357611957,0.0083044743743929,48,38,10,10
w0931_0940_h3m,09:31-09:40,3m,universe,w0931_0940_h3m,nn_ds350_w0931_0940_h3m_36m_grouped_gated_v2_mse_v1,9690,48,4945.336222910217,100.0,-7.5991464,18.17743,25.776573,2.3918817616400694,11.784348674209294,9.392466912569224,0.1076948152492202,0.0137779282682506,48,30,10,8
w0931_0940_h3m,09:31-09:40,3m,pool_L,w0931_0940_h3m,nn_ds350_w0931_0940_h3m_36m_grouped_gated_v2_mse_v1,9690,48,3371.8131062951497,100.0,-7.364012,5.3509564,12.714969,11.164375599822762,31.358969499276576,20.19459389945381,0.0957291210292942,0.008734401709288,48,39,10,10
w0931_0940_h5m,09:31-09:40,5m,universe,w0931_0940_h5m,nn_ds350_w0931_0940_h5m_36m_grouped_gated_v2_mse_v1,9690,48,4942.731682146543,100.0,-6.867989,21.501495,28.369486,2.4051119939692973,12.782900519593728,10.37778852562443,0.0880609956224308,0.0131024940538852,48,31,10,8
w0931_0940_h5m,09:31-09:40,5m,pool_L,w0931_0940_h5m,nn_ds350_w0931_0940_h5m_36m_grouped_gated_v2_mse_v1,9690,48,3370.4669762641897,100.0,-6.6992383,6.827141,13.526378,11.173095268859733,32.33906406684694,21.165968797987205,0.0769700130627846,0.0093885947599944,48,38,10,10
w0931_0940_h10m,09:31-09:40,10m,universe,w0931_0940_h10m,nn_ds350_w0931_0940_h10m_36m_grouped_gated_v2_mse_v1,9690,48,4935.066357069143,100.0,-5.7767158,25.917252,31.693966,2.4323730897603717,12.270866367560505,9.838493277800133,0.0659480284503621,0.0114308906743641,48,29,10,8
w0931_0940_h10m,09:31-09:40,10m,pool_L,w0931_0940_h10m,nn_ds350_w0931_0940_h10m_36m_grouped_gated_v2_mse_v1,9690,48,3366.092156862745,100.0,-5.6600266,9.309738,14.969765,11.195914710686292,32.55465730552707,21.358742594840784,0.056573046043146,0.0087003482184481,48,39,10,10
w0931_0940_h1h,09:31-09:40,1h,universe,w0931_0940_h1h,nn_ds350_w0931_0940_h1h_36m_grouped_gated_v2_mse_v1,9690,48,4828.87729618163,100.0,-1.8603239,43.51408,45.374405,2.82307014338385,9.450599798501177,6.627529655117327,0.0340356496661094,0.0099160137594443,48,27,10,8
w0931_0940_h1h,09:31-09:40,1h,pool_L,w0931_0940_h1h,nn_ds350_w0931_0940_h1h_36m_grouped_gated_v2_mse_v1,9690,48,3300.239628482972,100.0,-1.902492,16.23865,18.141142,11.59614297471948,34.40433750665709,22.808194531937616,0.0270195702953607,0.0102133940076893,46,39,10,10
w0931_0940_hclose,09:31-09:40,close,universe,w0931_0940_hclose,nn_ds350_w0931_0940_hclose_36m_grouped_gated_v2_mse_v1,9690,48,4969.555211558308,100.0,0.10031109,51.97124,51.87093,2.2526693864871903,19.128616418734808,16.875947032247616,0.0357433744291075,0.0213372772489393,48,33,10,10
w0931_0940_hclose,09:31-09:40,close,pool_L,w0931_0940_hclose,nn_ds350_w0931_0940_hclose_36m_grouped_gated_v2_mse_v1,9690,48,3383.46346749226,100.0,0.94053066,25.671711,24.731178,11.08059384293854,36.50963869217936,25.42904484924081,0.0269824319701017,0.0169784742215962,46,41,10,10
w1001_1010_h1m,10:01-10:10,1m,universe,w1001_1010_h1m,nn_ds350_w1001_1010_h1m_36m_grouped_gated_v2_mse_v1,9690,48,4883.997832817337,100.0,-7.8491726,7.075137,14.92431,-1.7786368387901268,-20.717753774673955,-18.939116935883828,0.2618075181034522,0.0082316307500105,48,12,10,0
w1001_1010_h1m,10:01-10:10,1m,pool_L,w1001_1010_h1m,nn_ds350_w1001_1010_h1m_36m_grouped_gated_v2_mse_v1,9690,48,3337.2478844169245,100.0,-7.624649,0.8660246,8.490674,7.0598620319308445,14.53101492726203,7.471152895331185,0.2495392866930043,0.0040810911157189,48,30,10,10
w1001_1010_h3m,10:01-10:10,3m,universe,w1001_1010_h3m,nn_ds350_w1001_1010_h3m_36m_grouped_gated_v2_mse_v1,9690,48,4879.06769865841,100.0,-7.7764683,7.0693336,14.845802,-1.779757966839282,-15.799598146283367,-14.019840179444088,0.1893581271399574,0.0100587808394667,48,18,10,0
w1001_1010_h3m,10:01-10:10,3m,pool_L,w1001_1010_h3m,nn_ds350_w1001_1010_h3m_36m_grouped_gated_v2_mse_v1,9690,48,3334.1191950464395,100.0,-7.6060724,0.94474584,8.550818,7.061567850058864,17.313829569038546,10.25226171897968,0.179264288158387,0.0057175733299907,48,33,10,10
w1001_1010_h5m,10:01-10:10,5m,universe,w1001_1010_h5m,nn_ds350_w1001_1010_h5m_36m_grouped_gated_v2_mse_v1,9690,48,4874.923839009288,100.0,-7.674364,7.366366,15.0407295,-1.7743857809525134,-13.793270676306586,-12.018884895354072,0.1572498088928972,0.0110741654206338,48,17,10,0
w1001_1010_h5m,10:01-10:10,5m,pool_L,w1001_1010_h5m,nn_ds350_w1001_1010_h5m_36m_grouped_gated_v2_mse_v1,9690,48,3331.6016511867906,100.0,-7.549738,1.0329043,8.582643,7.066368858450021,17.253642817828485,10.187273959378466,0.1480643991432047,0.0066680266235735,48,34,10,10
w1001_1010_h10m,10:01-10:10,10m,universe,w1001_1010_h10m,nn_ds350_w1001_1010_h10m_36m_grouped_gated_v2_mse_v1,9690,48,4863.591847265222,100.0,-7.138739,9.053374,16.192114,-1.758242739314109,-14.55225812567377,-12.79401538635966,0.11561674032328,0.0077903514687866,48,19,10,0
w1001_1010_h10m,10:01-10:10,10m,pool_L,w1001_1010_h10m,nn_ds350_w1001_1010_h10m_36m_grouped_gated_v2_mse_v1,9690,48,3324.507636738906,100.0,-7.106538,1.894222,9.00076,7.08050876275728,18.74332383785328,11.662815075096,0.1079135541251911,0.0053675088888047,48,32,10,10
w1001_1010_h1h,10:01-10:10,1h,universe,w1001_1010_h1h,nn_ds350_w1001_1010_h1h_36m_grouped_gated_v2_mse_v1,9690,48,4752.710216718267,100.0,-4.293177,16.50567,20.79885,-1.4476866033935818,-18.095281726060318,-16.64759512266673,0.0477121462196219,0.0114031196088893,48,15,10,0
w1001_1010_h1h,10:01-10:10,1h,pool_L,w1001_1010_h1h,nn_ds350_w1001_1010_h1h_36m_grouped_gated_v2_mse_v1,9690,48,3253.7679050567594,100.0,-4.308178,5.6325755,9.940753,7.398959895953456,19.5611680613002,12.16220816534674,0.0434214729943585,0.0123510962580124,46,35,10,10
w1001_1010_hclose,10:01-10:10,close,universe,w1001_1010_hclose,nn_ds350_w1001_1010_hclose_36m_grouped_gated_v2_mse_v1,9690,48,4953.075128998968,100.0,-3.4046166,27.626509,31.031124,-1.9445188631443355,-1.736527807843456,0.2079910553008794,0.0467522997260747,0.0243919293274264,48,23,10,5
w1001_1010_hclose,10:01-10:10,close,pool_L,w1001_1010_hclose,nn_ds350_w1001_1010_hclose_36m_grouped_gated_v2_mse_v1,9690,48,3374.8874097007224,100.0,-2.6276193,14.652681,17.280302,6.970337888698391,20.564684625276406,13.594346736578013,0.0363193745881727,0.0163188638904193,47,39,10,10
w1401_1410_h1m,14:01-14:10,1m,universe,w1401_1410_h1m,nn_ds350_w1401_1410_h1m_36m_grouped_gated_v2_mse_v1,9690,48,4758.997316821466,100.0,-7.6210938,4.3084974,11.929591,-4.026913843609496,-30.45551948240441,-26.428605638794917,0.379537176235158,0.0130114154159388,48,5,10,0
w1401_1410_h1m,14:01-14:10,1m,pool_L,w1401_1410_h1m,nn_ds350_w1401_1410_h1m_36m_grouped_gated_v2_mse_v1,9690,48,3261.2907120743034,100.0,-7.3885217,0.24459481,7.6331162,4.905460002746703,5.825884976604595,0.9204249738578916,0.3733081622242856,0.0088495651708982,48,26,10,7
w1401_1410_h3m,14:01-14:10,3m,universe,w1401_1410_h3m,nn_ds350_w1401_1410_h3m_36m_grouped_gated_v2_mse_v1,9690,48,4757.551496388029,100.0,-7.8203406,4.7665563,12.586897,-4.033006437323501,-26.178150902918084,-22.145144465594583,0.317229206693792,0.0196089685056085,48,5,10,0
w1401_1410_h3m,14:01-14:10,3m,pool_L,w1401_1410_h3m,nn_ds350_w1401_1410_h3m_36m_grouped_gated_v2_mse_v1,9690,48,3260.09226006192,100.0,-7.5635867,0.49545088,8.059037,4.899137652183809,7.534001417414672,2.634863765230863,0.3104763970497498,0.0127225553038081,48,29,10,9
w1401_1410_h5m,14:01-14:10,5m,universe,w1401_1410_h5m,nn_ds350_w1401_1410_h5m_36m_grouped_gated_v2_mse_v1,9690,48,4759.9157894736845,100.0,-7.9051924,4.658642,12.563834,-4.036989741316677,-23.204732955636075,-19.167743214319398,0.2821233087913524,0.0214289276869552,48,7,10,0
w1401_1410_h5m,14:01-14:10,5m,pool_L,w1401_1410_h5m,nn_ds350_w1401_1410_h5m_36m_grouped_gated_v2_mse_v1,9690,48,3261.9001031991743,100.0,-7.6324925,0.54218936,8.174682,4.896848991292227,8.134600476319433,3.2377514850272053,0.274612359048369,0.0132359904096918,48,29,10,10
