case,window,label,pool,year,half,months,short_internal_excess_bps,next_internal_excess_bps,short_rank_ic,next_rank_ic,short_positive_months,next_positive_months
w0931_0940_h1m,09:31-09:40,1m,universe,2022,H1,6,34.94067,9.913172156177382,0.1858198139306895,0.0222860568053515,6,3
w0931_0940_h1m,09:31-09:40,1m,universe,2022,H2,6,27.744593,7.193441341344062,0.1712711360648154,0.0138885670615516,6,3
w0931_0940_h1m,09:31-09:40,1m,universe,2023,H1,6,23.434397,23.045378522645134,0.1664562266315096,0.0200778010071126,6,5
w0931_0940_h1m,09:31-09:40,1m,universe,2023,H2,6,21.340353,-0.5545974994443373,0.1600995330655331,-0.0011678614979677,6,2
w0931_0940_h1m,09:31-09:40,1m,universe,2024,H1,6,25.196383,6.4093643250434456,0.1590467583849987,0.0318765581910273,6,3
w0931_0940_h1m,09:31-09:40,1m,universe,2024,H2,6,26.451607,0.6340208098796563,0.1676403075049806,0.0004701706188958,6,2
w0931_0940_h1m,09:31-09:40,1m,universe,2025,H1,6,17.261156,-13.236407231232215,0.1360018674430504,0.0074957853147071,6,1
w0931_0940_h1m,09:31-09:40,1m,universe,2025,H2,6,13.06321,-5.165683246491722,0.1344338512695502,0.0117541292928625,6,3
w0931_0940_h1m,09:31-09:40,1m,pool_L,2022,H1,6,18.864769,28.949221200856712,0.1658724165795162,0.0184765360574051,6,6
w0931_0940_h1m,09:31-09:40,1m,pool_L,2022,H2,6,14.531929,11.021637837674405,0.1502056624424063,0.0121356299901067,6,4
w0931_0940_h1m,09:31-09:40,1m,pool_L,2023,H1,6,12.772223,33.649582443990475,0.1478523454126818,0.0137845166176827,6,6
w0931_0940_h1m,09:31-09:40,1m,pool_L,2023,H2,6,9.516021,11.914313382565911,0.1383972119476519,-0.0100715604318791,6,5
w0931_0940_h1m,09:31-09:40,1m,pool_L,2024,H1,6,12.2115555,20.034981700511675,0.1430009552161122,0.0262311736330318,6,5
w0931_0940_h1m,09:31-09:40,1m,pool_L,2024,H2,6,12.455265,12.53754449135208,0.1567527424881682,-0.0049443711109351,6,4
w0931_0940_h1m,09:31-09:40,1m,pool_L,2025,H1,6,7.506993,15.85345837954162,0.1337641044907462,0.0061140002908465,6,4
w0931_0940_h1m,09:31-09:40,1m,pool_L,2025,H2,6,7.456831,17.54185914362834,0.1258966564615959,0.0073295354043064,6,4
w0931_0940_h3m,09:31-09:40,3m,universe,2022,H1,6,39.331684,20.30301659374595,0.1373542789292985,0.0256042845984191,6,4
w0931_0940_h3m,09:31-09:40,3m,universe,2022,H2,6,29.69539,15.968923731657648,0.1204908895491106,0.0172358451864091,6,5
w0931_0940_h3m,09:31-09:40,3m,universe,2023,H1,6,25.343851,29.18641580418387,0.1120334260971439,0.020847957617546,6,5
w0931_0940_h3m,09:31-09:40,3m,universe,2023,H2,6,23.732887,5.782377147340092,0.1115906202349473,0.0034808824021788,6,3
w0931_0940_h3m,09:31-09:40,3m,universe,2024,H1,6,26.826025,13.216799120339797,0.1000625005896234,0.0315188454985902,6,4
w0931_0940_h3m,09:31-09:40,3m,universe,2024,H2,6,27.282211,6.731049306529897,0.1105100498405313,0.0027269509301453,6,3
w0931_0940_h3m,09:31-09:40,3m,universe,2025,H1,6,18.857553,-5.236640600844119,0.0794173824049487,0.0056503750229281,6,3
w0931_0940_h3m,09:31-09:40,3m,universe,2025,H2,6,15.519051,-2.1226585572739443,0.0868423058488147,0.0087172407138834,6,3
w0931_0940_h3m,09:31-09:40,3m,pool_L,2022,H1,6,21.53943,33.18979963225068,0.1213946342345645,0.0208404108516813,6,6
w0931_0940_h3m,09:31-09:40,3m,pool_L,2022,H2,6,15.370128,13.182716453483025,0.1037208780987305,0.0149844376072457,6,4
w0931_0940_h3m,09:31-09:40,3m,pool_L,2023,H1,6,13.998688,36.01319458145185,0.0973242137773827,0.013478863542049,6,6
w0931_0940_h3m,09:31-09:40,3m,pool_L,2023,H2,6,11.082569,14.897174955936242,0.0941681709171203,-0.0054454831787312,6,5
w0931_0940_h3m,09:31-09:40,3m,pool_L,2024,H1,6,12.2216,19.980781676055056,0.0869530136980231,0.0238210692074931,6,5
w0931_0940_h3m,09:31-09:40,3m,pool_L,2024,H2,6,12.3091545,15.768806175437186,0.1024419936857826,-0.0028616597776065,6,5
w0931_0940_h3m,09:31-09:40,3m,pool_L,2025,H1,6,6.8717866,16.439130305564152,0.0772889205056741,0.0048175424201452,6,4
w0931_0940_h3m,09:31-09:40,3m,pool_L,2025,H2,6,8.808977,17.373846680741334,0.0787260988375685,0.0044389133198394,6,4
w0931_0940_h5m,09:31-09:40,5m,universe,2022,H1,6,42.716015,28.206239453974685,0.1176546981264813,0.0234163464962672,6,5
w0931_0940_h5m,09:31-09:40,5m,universe,2022,H2,6,31.595383,16.90471754202208,0.1045378509796344,0.0202355442118562,6,5
w0931_0940_h5m,09:31-09:40,5m,universe,2023,H1,6,26.521807,30.07999595851926,0.0938740348558782,0.025248384812358,6,5
w0931_0940_h5m,09:31-09:40,5m,universe,2023,H2,6,26.976404,6.283367970353567,0.0907631790569541,0.0051634197055208,6,4
w0931_0940_h5m,09:31-09:40,5m,universe,2024,H1,6,29.784887,9.353546716009916,0.0803508911577327,0.0262799753382053,6,3
w0931_0940_h5m,09:31-09:40,5m,universe,2024,H2,6,30.498962,7.418797432993235,0.0867534184026435,0.0026555948510611,6,3
w0931_0940_h5m,09:31-09:40,5m,universe,2025,H1,6,21.96692,-3.550935615639639,0.063329448433866,0.0055610040420784,6,3
w0931_0940_h5m,09:31-09:40,5m,universe,2025,H2,6,17.703491,-0.6341375709132538,0.0646960658862433,0.0016736576168272,6,3
w0931_0940_h5m,09:31-09:40,5m,pool_L,2022,H1,6,23.142958,35.591615406344495,0.1028609283881234,0.0202799839997119,6,6
w0931_0940_h5m,09:31-09:40,5m,pool_L,2022,H2,6,15.7558975,14.96274391757908,0.0896810823730186,0.0183015160942041,6,5
w0931_0940_h5m,09:31-09:40,5m,pool_L,2023,H1,6,14.665001,36.80730680316488,0.0803551841728032,0.0179237998283561,6,6
w0931_0940_h5m,09:31-09:40,5m,pool_L,2023,H2,6,13.266185,14.41451072311368,0.0747516458913503,-0.0029788134581511,6,5
w0931_0940_h5m,09:31-09:40,5m,pool_L,2024,H1,6,12.25126,19.49968375714121,0.0668513031774129,0.0199038860710546,6,4
w0931_0940_h5m,09:31-09:40,5m,pool_L,2024,H2,6,12.59242,17.077985438084497,0.0792490062056575,-0.0014091435817208,6,4
w0931_0940_h5m,09:31-09:40,5m,pool_L,2025,H1,6,7.76988,20.025551295172168,0.0613717275322229,0.0070598238375384,6,4
w0931_0940_h5m,09:31-09:40,5m,pool_L,2025,H2,6,9.2576,17.22816205077066,0.0573321113067209,-9.108799979465344e-05,6,4
w0931_0940_h10m,09:31-09:40,10m,universe,2022,H1,6,49.07147,26.729745204062382,0.0971948544270272,0.025651968700728,6,5
w0931_0940_h10m,09:31-09:40,10m,universe,2022,H2,6,36.06564,19.72650431099442,0.0787436017224684,0.021022795802739,6,5
w0931_0940_h10m,09:31-09:40,10m,universe,2023,H1,6,29.216238,31.664801255783026,0.071072237242442,0.0206040742363269,6,5
w0931_0940_h10m,09:31-09:40,10m,universe,2023,H2,6,32.130367,1.745889507056751,0.0708526555700453,0.0055036622603707,6,2
w0931_0940_h10m,09:31-09:40,10m,universe,2024,H1,6,29.969864,9.071503883827416,0.0585111445787852,0.0228670262596856,6,3
w0931_0940_h10m,09:31-09:40,10m,universe,2024,H2,6,35.772076,7.040877874784994,0.0605422962444097,0.0016436555794867,6,3
w0931_0940_h10m,09:31-09:40,10m,universe,2025,H1,6,24.895365,-1.0539758538410628,0.0436033801498431,0.0046509259055809,6,3
w0931_0940_h10m,09:31-09:40,10m,universe,2025,H2,6,17.552923,-5.784815600825603,0.0458528284743621,-0.0039722592101479,6,3
w0931_0940_h10m,09:31-09:40,10m,pool_L,2022,H1,6,26.874178,38.112919955192766,0.082766113602219,0.0227241988389633,6,6
w0931_0940_h10m,09:31-09:40,10m,pool_L,2022,H2,6,17.664717,15.333058102831544,0.0656826404696686,0.0175095403221069,6,5
w0931_0940_h10m,09:31-09:40,10m,pool_L,2023,H1,6,16.381721,37.48208401947492,0.0597683466073416,0.0141580461264694,6,6
w0931_0940_h10m,09:31-09:40,10m,pool_L,2023,H2,6,16.695219,14.579217438652918,0.058351732455577,-0.0009336470170057,6,5
w0931_0940_h10m,09:31-09:40,10m,pool_L,2024,H1,6,11.320506,15.845725240244072,0.0453013729087092,0.0138903003049351,6,4
w0931_0940_h10m,09:31-09:40,10m,pool_L,2024,H2,6,13.658371,16.7426262774478,0.0537664878647503,-0.0005339923776463,6,4
w0931_0940_h10m,09:31-09:40,10m,pool_L,2025,H1,6,8.706435,18.924986499015077,0.0403852868333891,0.0057497669168765,6,5
w0931_0940_h10m,09:31-09:40,10m,pool_L,2025,H2,6,9.368873,19.19115189737278,0.0442432080600388,0.001389825796855,6,4
w0931_0940_h1h,09:31-09:40,1h,universe,2022,H1,6,66.552376,21.524170437067813,0.056641961269824,0.0231932018730431,6,4
w0931_0940_h1h,09:31-09:40,1h,universe,2022,H2,6,49.357758,16.352817015714333,0.0445948011472687,0.0195720237399352,6,5
w0931_0940_h1h,09:31-09:40,1h,universe,2023,H1,6,40.113003,28.236759993380414,0.0374647457734416,0.0189667907073664,6,5
w0931_0940_h1h,09:31-09:40,1h,universe,2023,H2,6,45.766247,-7.759946055360271,0.0325687417483203,2.5489543535920912e-05,6,2
w0931_0940_h1h,09:31-09:40,1h,universe,2024,H1,6,45.91313,11.570565985913593,0.0374674501813267,0.019863145380053,6,2
w0931_0940_h1h,09:31-09:40,1h,universe,2024,H2,6,54.952305,7.428421971943432,0.0274745757349393,0.001843508673343,6,3
w0931_0940_h1h,09:31-09:40,1h,universe,2025,H1,6,36.103916,-9.609096466141432,0.0221678272445006,0.006390581357741,6,3
w0931_0940_h1h,09:31-09:40,1h,universe,2025,H2,6,26.585337,-3.5949421635846237,0.0180433662512712,-0.0033799947064815,6,3
w0931_0940_h1h,09:31-09:40,1h,pool_L,2022,H1,6,30.126795,43.26544421671368,0.0448198834492146,0.0222306577349307,6,6
w0931_0940_h1h,09:31-09:40,1h,pool_L,2022,H2,6,20.890825,19.501471347766927,0.0342999469591051,0.0190166970863538,6,5
w0931_0940_h1h,09:31-09:40,1h,pool_L,2023,H1,6,20.955349,40.675463734744014,0.0300905284961499,0.0169401959896911,6,5
w0931_0940_h1h,09:31-09:40,1h,pool_L,2023,H2,6,23.85594,11.365119722143511,0.0254685831288162,-0.0012178447825363,6,4
w0931_0940_h1h,09:31-09:40,1h,pool_L,2024,H1,6,11.4643135,16.95642139528397,0.0249919092521447,0.0137418461728548,5,4
w0931_0940_h1h,09:31-09:40,1h,pool_L,2024,H2,6,14.389221,18.06991763917977,0.0216831507265455,0.0042852105244727,6,4
w0931_0940_h1h,09:31-09:40,1h,pool_L,2025,H1,6,10.571509,16.441934982729606,0.0210372003826666,0.0109544710349046,5,5
w0931_0940_h1h,09:31-09:40,1h,pool_L,2025,H2,6,15.856929,22.889007564336648,0.0168250002117611,0.0013797715938433,6,6
w0931_0940_hclose,09:31-09:40,close,universe,2022,H1,6,72.09145,31.76114544232941,0.055074879231261,0.0378453975290093,6,5
w0931_0940_hclose,09:31-09:40,close,universe,2022,H2,6,50.325672,27.907701383738114,0.0452844268082723,0.0316800062636258,6,5
w0931_0940_hclose,09:31-09:40,close,universe,2023,H1,6,45.494644,29.990648459648344,0.0308882189428932,0.0208538324929482,6,5
w0931_0940_hclose,09:31-09:40,close,universe,2023,H2,6,49.04256,6.533624489249086,0.0346826220204623,0.0167228357605494,6,4
w0931_0940_hclose,09:31-09:40,close,universe,2024,H1,6,71.25844,26.49346208748849,0.049445242930669,0.0299948335714331,6,4
w0931_0940_hclose,09:31-09:40,close,universe,2024,H2,6,60.78511,9.814065192606202,0.036104767054254,0.0189403762340046,6,3
w0931_0940_hclose,09:31-09:40,close,universe,2025,H1,6,40.976063,6.049654830696988,0.0213853575534535,0.0144476467342806,6,3
w0931_0940_hclose,09:31-09:40,close,universe,2025,H2,6,32.96306,9.275641821739468,0.0189455693672401,0.0065333375914805,6,4
w0931_0940_hclose,09:31-09:40,close,pool_L,2022,H1,6,40.125072,47.854437312705386,0.0468226965148002,0.0350437760040364,6,6
w0931_0940_hclose,09:31-09:40,close,pool_L,2022,H2,6,22.583725,21.459950776934388,0.0344234715742454,0.0246151335139474,6,5
w0931_0940_hclose,09:31-09:40,close,pool_L,2023,H1,6,25.113962,32.33927340547838,0.0211686770408696,0.0125133946092747,6,5
w0931_0940_hclose,09:31-09:40,close,pool_L,2023,H2,6,22.618856,12.83601064473983,0.0245533953079597,0.0103813440373437,6,5
w0931_0940_hclose,09:31-09:40,close,pool_L,2024,H1,6,33.67544,30.081431027186262,0.037556949497305,0.0204829258448505,5,4
w0931_0940_hclose,09:31-09:40,close,pool_L,2024,H2,6,22.611053,21.78691342114914,0.0258248109773334,0.0177433836592216,6,5
w0931_0940_hclose,09:31-09:40,close,pool_L,2025,H1,6,17.655869,23.90128874448329,0.0143619538550304,0.0127747406711242,5,5
w0931_0940_hclose,09:31-09:40,close,pool_L,2025,H2,6,19.634626,21.577966514443816,0.0163810782757625,0.0074358706747388,6,6
w1001_1010_h1m,10:01-10:10,1m,universe,2022,H1,6,18.56284,-14.81886020349242,0.2562239986418943,0.013749091954353,6,2
w1001_1010_h1m,10:01-10:10,1m,universe,2022,H2,6,15.564298,-19.367252162468564,0.2585060704048059,0.0016379995880558,6,1
w1001_1010_h1m,10:01-10:10,1m,universe,2023,H1,6,14.220342,1.8747071548959304,0.2652323026653802,0.0155576211203585,6,3
w1001_1010_h1m,10:01-10:10,1m,universe,2023,H2,6,13.7595825,-30.03375552575828,0.2586406276340265,-0.0024059932313052,6,0
w1001_1010_h1m,10:01-10:10,1m,universe,2024,H1,6,16.52505,-11.502039945040456,0.271495046534233,0.0256017413957809,6,1
w1001_1010_h1m,10:01-10:10,1m,universe,2024,H2,6,16.967714,-28.302227270923765,0.2673894622183061,-0.0012796552255411,6,1
w1001_1010_h1m,10:01-10:10,1m,universe,2025,H1,6,13.326469,-27.56207001476572,0.2709661225550264,0.0080899076002933,6,2
w1001_1010_h1m,10:01-10:10,1m,universe,2025,H2,6,10.497737,-14.730175927096134,0.2425940327558293,0.0104855752160505,6,2
w1001_1010_h1m,10:01-10:10,1m,pool_L,2022,H1,6,10.69769,14.775433962265744,0.2378561548236556,0.010728399569853,6,4
w1001_1010_h1m,10:01-10:10,1m,pool_L,2022,H2,6,9.420655,-1.4002170263165652,0.2368913778808245,-0.0016320492313013,6,3
w1001_1010_h1m,10:01-10:10,1m,pool_L,2023,H1,6,8.758035,18.31176789873888,0.2496597748489651,0.012077170002999,6,5
w1001_1010_h1m,10:01-10:10,1m,pool_L,2023,H2,6,7.213674,-5.608028702747846,0.239497105926237,-0.0088069726468743,6,1
w1001_1010_h1m,10:01-10:10,1m,pool_L,2024,H1,6,9.49454,21.992701032647687,0.2633756721338074,0.0246808986257094,6,6
w1001_1010_h1m,10:01-10:10,1m,pool_L,2024,H2,6,8.702696,1.1565556630299474,0.2573225529244917,-0.0074699208990839,6,3
w1001_1010_h1m,10:01-10:10,1m,pool_L,2025,H1,6,7.627065,3.1374408126954934,0.274677126227238,0.0045738530263355,6,4
w1001_1010_h1m,10:01-10:10,1m,pool_L,2025,H2,6,6.1876683,11.362984296428726,0.2330914585953206,0.003887036794646,6,4
w1001_1010_h3m,10:01-10:10,3m,universe,2022,H1,6,18.78765,-3.5111503418054277,0.1911686447431927,0.0188792464940385,6,3
w1001_1010_h3m,10:01-10:10,3m,universe,2022,H2,6,16.009703,-14.840875988809628,0.1864860070214242,0.001585359661234,6,2
w1001_1010_h3m,10:01-10:10,3m,universe,2023,H1,6,14.047175,6.217338194208625,0.1891668787048457,0.0197461818018476,6,4
w1001_1010_h3m,10:01-10:10,3m,universe,2023,H2,6,13.976611,-26.650380188480657,0.1897075132848686,0.0015103418286291,6,0
w1001_1010_h3m,10:01-10:10,3m,universe,2024,H1,6,15.337878,-2.2813933928493517,0.1974083215322146,0.0293865580467108,6,2
w1001_1010_h3m,10:01-10:10,3m,universe,2024,H2,6,16.33,-24.48622023449602,0.193177964338103,0.0016451461276471,6,2
w1001_1010_h3m,10:01-10:10,3m,universe,2025,H1,6,13.207124,-24.84392637869125,0.1954979839728196,0.0067514340117681,6,2
w1001_1010_h3m,10:01-10:10,3m,universe,2025,H2,6,10.902112,-13.306999901392157,0.1701202109574856,0.0078923537885774,6,3
w1001_1010_h3m,10:01-10:10,3m,pool_L,2022,H1,6,11.366298,20.69236366192981,0.1765660352465441,0.0160927290762926,6,5
w1001_1010_h3m,10:01-10:10,3m,pool_L,2022,H2,6,9.667268,0.7363992867048935,0.1678569709629764,-0.0013268361852146,6,3
w1001_1010_h3m,10:01-10:10,3m,pool_L,2023,H1,6,8.900144,18.68539263529928,0.1755757773548229,0.0148428533472336,6,5
w1001_1010_h3m,10:01-10:10,3m,pool_L,2023,H2,6,7.5244613,-2.838296420879462,0.1743902100109337,-0.0051556184504187,6,3
w1001_1010_h3m,10:01-10:10,3m,pool_L,2024,H1,6,8.649136,23.0583609959359,0.1913067900465712,0.0259390035162047,6,6
w1001_1010_h3m,10:01-10:10,3m,pool_L,2024,H2,6,8.34991,5.821629835492015,0.185031603918956,-0.0055368767537097,6,3
w1001_1010_h3m,10:01-10:10,3m,pool_L,2025,H1,6,7.3731866,6.647372854206299,0.1999942251891125,0.0056597864218483,6,4
w1001_1010_h3m,10:01-10:10,3m,pool_L,2025,H2,6,6.6686707,13.405307493179407,0.1610550176804245,0.0016884855808382,6,4
w1001_1010_h5m,10:01-10:10,5m,universe,2022,H1,6,19.580593,-3.273970198745413,0.1628725280847099,0.018978341219582,6,2
w1001_1010_h5m,10:01-10:10,5m,universe,2022,H2,6,16.052,-10.565681666962702,0.156921888982855,0.0084383545561271,6,2
w1001_1010_h5m,10:01-10:10,5m,universe,2023,H1,6,14.1942215,8.034599397638786,0.1567096497793116,0.0196595177084793,6,4
w1001_1010_h5m,10:01-10:10,5m,universe,2023,H2,6,14.590434,-27.45162035794332,0.1554611493004663,0.0007594368593514,6,0
w1001_1010_h5m,10:01-10:10,5m,universe,2024,H1,6,15.788479,-4.540061387386394,0.1594806943019434,0.0296653920811264,6,2
w1001_1010_h5m,10:01-10:10,5m,universe,2024,H2,6,15.409291,-24.051488981459443,0.1612776361956455,-0.0005719159807674,6,2
w1001_1010_h5m,10:01-10:10,5m,universe,2025,H1,6,13.351333,-19.22457499669852,0.163089487620844,0.009623426056006,6,2
w1001_1010_h5m,10:01-10:10,5m,universe,2025,H2,6,11.144543,-7.400168528080378,0.1404518810727261,0.0086538265139736,6,3
w1001_1010_h5m,10:01-10:10,5m,pool_L,2022,H1,6,11.778802,21.33680010634957,0.1501267806393021,0.0159366429404584,6,5
w1001_1010_h5m,10:01-10:10,5m,pool_L,2022,H2,6,9.551914,3.532860298709449,0.1397229579216347,0.004794730164441,6,4
w1001_1010_h5m,10:01-10:10,5m,pool_L,2023,H1,6,9.075381,21.23582146700112,0.1440074539319457,0.0145861713049797,6,5
w1001_1010_h5m,10:01-10:10,5m,pool_L,2023,H2,6,7.9588413,-5.233861158089229,0.1421246253777681,-0.0047189448687221,6,3
w1001_1010_h5m,10:01-10:10,5m,pool_L,2024,H1,6,8.415674,21.351740005021828,0.1551002313116537,0.0264106157989159,6,6
w1001_1010_h5m,10:01-10:10,5m,pool_L,2024,H2,6,7.508991,4.433809196775252,0.1540524999795282,-0.0068472647627764,6,3
w1001_1010_h5m,10:01-10:10,5m,pool_L,2025,H1,6,7.7392755,6.718856931596302,0.1667190324835009,0.0074574085839935,6,4
w1001_1010_h5m,10:01-10:10,5m,pool_L,2025,H2,6,6.700207,12.467956199638204,0.1309113410554365,0.0017894544196722,6,4
w1001_1010_h10m,10:01-10:10,10m,universe,2022,H1,6,22.402178,-6.128082910520931,0.1264120550041951,0.0199811240584615,6,3
w1001_1010_h10m,10:01-10:10,10m,universe,2022,H2,6,17.917444,-9.851154256413048,0.1178716376412869,0.008795910340099,6,2
w1001_1010_h10m,10:01-10:10,10m,universe,2023,H1,6,15.836068,9.718918198866016,0.1194969115475532,0.0187557874653739,6,4
w1001_1010_h10m,10:01-10:10,10m,universe,2023,H2,6,15.372208,-32.5303513768932,0.1078208281832615,-0.0041183733543553,6,0
w1001_1010_h10m,10:01-10:10,10m,universe,2024,H1,6,16.21943,-8.384310131625385,0.1212525192042134,0.0285048272143399,6,2
w1001_1010_h10m,10:01-10:10,10m,universe,2024,H2,6,15.806229,-18.92647873725433,0.1210073259917781,-0.0016921827267868,6,2
w1001_1010_h10m,10:01-10:10,10m,universe,2025,H1,6,13.902462,-20.76341077263975,0.1156737607522814,0.0026993561941389,6,3
w1001_1010_h10m,10:01-10:10,10m,universe,2025,H2,6,11.761707,-7.755843642834928,0.0948969650276744,-0.003133041331306,6,3
w1001_1010_h10m,10:01-10:10,10m,pool_L,2022,H1,6,13.554404,24.783931458997863,0.1182559891225385,0.0201454920586498,6,6
w1001_1010_h10m,10:01-10:10,10m,pool_L,2022,H2,6,9.947489,6.357480304266029,0.1027639170469912,0.0056759722903718,6,3
w1001_1010_h10m,10:01-10:10,10m,pool_L,2023,H1,6,9.807628,25.668639619320928,0.1085449749955089,0.0148913860742681,6,5
w1001_1010_h10m,10:01-10:10,10m,pool_L,2023,H2,6,8.647433,-6.636303388543186,0.0958998726191108,-0.0084993140508698,6,2
w1001_1010_h10m,10:01-10:10,10m,pool_L,2024,H1,6,7.5919127,20.14988788011256,0.1164661613475443,0.0265423635520223,6,4
w1001_1010_h10m,10:01-10:10,10m,pool_L,2024,H2,6,7.4624534,5.661596975588023,0.1150046698594833,-0.0073946537182966,6,4
w1001_1010_h10m,10:01-10:10,10m,pool_L,2025,H1,6,7.3073044,8.748573039578268,0.1182243893511161,0.0040405229248854,6,4
w1001_1010_h10m,10:01-10:10,10m,pool_L,2025,H2,6,7.5973735,13.287327812579186,0.0873368262340337,-0.0057101960159496,6,4
w1001_1010_h1h,10:01-10:10,1h,universe,2022,H1,6,32.41145,-13.507088590132144,0.056022511147461,0.0160603136742303,6,2
w1001_1010_h1h,10:01-10:10,1h,universe,2022,H2,6,19.20436,-21.957584721130885,0.0470360195521455,0.0082373034824733,6,1
w1001_1010_h1h,10:01-10:10,1h,universe,2023,H1,6,21.23554,7.5828175906330975,0.0463753187181676,0.019780110162254,6,4
w1001_1010_h1h,10:01-10:10,1h,universe,2023,H2,6,17.770088,-33.458396006346966,0.0324529167205093,0.0038932528168355,6,0
w1001_1010_h1h,10:01-10:10,1h,universe,2024,H1,6,19.735514,-2.793094155130754,0.0587656726186243,0.0358976102089063,6,2
w1001_1010_h1h,10:01-10:10,1h,universe,2024,H2,6,24.658972,-22.383962544598635,0.0550566229573559,0.0041374323032182,6,1
w1001_1010_h1h,10:01-10:10,1h,universe,2025,H1,6,19.062033,-23.54605954221668,0.0455575109286841,0.0072842265233315,6,2
w1001_1010_h1h,10:01-10:10,1h,universe,2025,H2,6,12.85745,-14.425651633866236,0.0410280906066543,0.0024994603933517,6,3
w1001_1010_h1h,10:01-10:10,1h,pool_L,2022,H1,6,15.817298,21.81512103504174,0.0509172563068176,0.0169569928588542,6,5
w1001_1010_h1h,10:01-10:10,1h,pool_L,2022,H2,6,8.496094,3.978681869631291,0.0379726817612164,0.0070659270280376,6,3
w1001_1010_h1h,10:01-10:10,1h,pool_L,2023,H1,6,11.906367,24.514199858475692,0.0383936755386719,0.020074937288016,6,5
w1001_1010_h1h,10:01-10:10,1h,pool_L,2023,H2,6,7.412983,-2.469534290694253,0.0260207520659662,0.0037485313186551,6,4
w1001_1010_h1h,10:01-10:10,1h,pool_L,2024,H1,6,8.617,22.38826986000068,0.0556447045080001,0.0360589654940347,5,4
w1001_1010_h1h,10:01-10:10,1h,pool_L,2024,H2,6,10.662323,6.057445494991476,0.053653320318826,0.0034988733345863,6,4
w1001_1010_h1h,10:01-10:10,1h,pool_L,2025,H1,6,10.458894,15.960959774883024,0.0463364257945193,0.0145030593464205,6,5
w1001_1010_h1h,10:01-10:10,1h,pool_L,2025,H2,6,6.9919667,10.64812963556544,0.0380808511692254,0.0030933083839268,5,5
w1001_1010_hclose,10:01-10:10,close,universe,2022,H1,6,34.84884,3.083058613661945,0.052730799869152,0.0324384102080573,6,2
w1001_1010_hclose,10:01-10:10,close,universe,2022,H2,6,28.234375,-1.4121893971565804,0.0467210634594957,0.0242678926574588,6,3
w1001_1010_hclose,10:01-10:10,close,universe,2023,H1,6,35.08218,14.705860232712912,0.0468967295394534,0.0259021416953735,6,4
w1001_1010_hclose,10:01-10:10,close,universe,2023,H2,6,27.36255,-14.57262272654952,0.0330486969044159,0.0129303568007443,6,2
w1001_1010_hclose,10:01-10:10,close,universe,2024,H1,6,38.71318,7.024708730273344,0.062481265929906,0.0457745547359854,6,3
w1001_1010_hclose,10:01-10:10,close,universe,2024,H2,6,30.805273,-6.7926179521811,0.054404733670412,0.0224666816962346,6,3
w1001_1010_hclose,10:01-10:10,close,universe,2025,H1,6,30.642815,4.367687879848938,0.0476620298592952,0.0278348130050465,6,4
w1001_1010_hclose,10:01-10:10,close,universe,2025,H2,6,25.086931,1.8896564712928043,0.0313751645599953,0.0100994879194759,6,2
w1001_1010_hclose,10:01-10:10,close,pool_L,2022,H1,6,19.683084,22.03418247175369,0.0441588932099214,0.0248233740434102,6,6
w1001_1010_hclose,10:01-10:10,close,pool_L,2022,H2,6,13.185383,7.602178299394347,0.0344865316644714,0.0154742432729166,6,4
w1001_1010_hclose,10:01-10:10,close,pool_L,2023,H1,6,23.932272,24.51604082822304,0.0358604847863275,0.0188540562391002,6,5
w1001_1010_hclose,10:01-10:10,close,pool_L,2023,H2,6,12.384822,0.5781919258204565,0.0200466489986188,0.0040547056843759,5,5
w1001_1010_hclose,10:01-10:10,close,pool_L,2024,H1,6,24.386564,18.960941517257808,0.0555061997240987,0.0375315508805974,6,4
w1001_1010_hclose,10:01-10:10,close,pool_L,2024,H2,6,15.05882,6.989374815257993,0.040707727315018,0.0112985275773165,6,5
w1001_1010_hclose,10:01-10:10,close,pool_L,2025,H1,6,18.085295,20.033282217062936,0.0371167995855659,0.0200790111254656,6,5
w1001_1010_hclose,10:01-10:10,close,pool_L,2025,H2,6,13.752574,12.302585173751469,0.0237082999849392,0.0046416130320409,6,5
w1401_1410_h1m,14:01-14:10,1m,universe,2022,H1,6,14.3581505,-31.47699852123692,0.3663055916659891,0.0137622643632831,6,0
w1401_1410_h1m,14:01-14:10,1m,universe,2022,H2,6,11.969136,-22.351043841228275,0.3839044516012548,0.0107915224591562,6,0
w1401_1410_h1m,14:01-14:10,1m,universe,2023,H1,6,10.804025,-12.48758226992112,0.3828774186694303,0.0209914017634696,6,2
w1401_1410_h1m,14:01-14:10,1m,universe,2023,H2,6,10.374669,-33.26143400590132,0.38864585662381,0.0091915783676435,6,0
w1401_1410_h1m,14:01-14:10,1m,universe,2024,H1,6,13.251655,-23.22918817547972,0.3862836008939355,0.01948846797341,6,1
w1401_1410_h1m,14:01-14:10,1m,universe,2024,H2,6,14.84616,-39.88968521392393,0.3955268802069809,0.0013236108415542,6,1
w1401_1410_h1m,14:01-14:10,1m,universe,2025,H1,6,11.529499,-27.34940931871938,0.3790955999011952,0.0148525700580402,6,0
w1401_1410_h1m,14:01-14:10,1m,universe,2025,H2,6,8.613603,-18.544248982691045,0.3518392120063876,0.0165728143727781,6,1
w1401_1410_h1m,14:01-14:10,1m,pool_L,2022,H1,6,8.869594,-0.2935058145812787,0.3541930262325763,0.0091707359333315,6,4
w1401_1410_h1m,14:01-14:10,1m,pool_L,2022,H2,6,7.948422,-2.677032623026008,0.3715912748946658,0.0078993736331078,6,1
w1401_1410_h1m,14:01-14:10,1m,pool_L,2023,H1,6,7.470598,4.17910579558139,0.3778712094838929,0.0183443115205483,6,4
w1401_1410_h1m,14:01-14:10,1m,pool_L,2023,H2,6,6.3246193,-2.1632972922493674,0.3789952190740611,0.0011891781620701,6,3
w1401_1410_h1m,14:01-14:10,1m,pool_L,2024,H1,6,9.113353,8.845968275759907,0.3827107576179396,0.0201618509520787,6,4
w1401_1410_h1m,14:01-14:10,1m,pool_L,2024,H2,6,9.1942,-5.294770888746355,0.3907926683201573,-0.0048512988969792,6,2
w1401_1410_h1m,14:01-14:10,1m,pool_L,2025,H1,6,7.0516133,3.141880932319204,0.3835636500980512,0.0115789460238564,6,4
w1401_1410_h1m,14:01-14:10,1m,pool_L,2025,H2,6,5.429329,2.7217699179042736,0.3440323459648299,0.0096833567290067,6,4
w1401_1410_h3m,14:01-14:10,3m,universe,2022,H1,6,15.840888,-25.91919285870109,0.3094902498660324,0.0215214613921863,6,0
w1401_1410_h3m,14:01-14:10,3m,universe,2022,H2,6,12.491149,-16.470811480631028,0.319323814730598,0.0181822708680239,6,0
w1401_1410_h3m,14:01-14:10,3m,universe,2023,H1,6,11.445224,-6.365772730839647,0.3233657879035479,0.0294658788854278,6,2
w1401_1410_h3m,14:01-14:10,3m,universe,2023,H2,6,10.815376,-29.76398549290625,0.3269194094622074,0.010596418198443,6,0
w1401_1410_h3m,14:01-14:10,3m,universe,2024,H1,6,14.20848,-24.483553260184923,0.3217286572384376,0.0245269862186608,6,1
w1401_1410_h3m,14:01-14:10,3m,universe,2024,H2,6,15.887404,-30.52707311259871,0.3387320753610903,0.0109979412879917,6,1
w1401_1410_h3m,14:01-14:10,3m,universe,2025,H1,6,11.943683,-20.661663823267507,0.3143492851107819,0.0221493863237877,6,1
w1401_1410_h3m,14:01-14:10,3m,universe,2025,H2,6,8.454274,-20.23389717480408,0.2826099067028293,0.0218104427714776,6,0
w1401_1410_h3m,14:01-14:10,3m,pool_L,2022,H1,6,9.779569,2.4233507850583647,0.2970752601841436,0.0138491411332363,6,4
w1401_1410_h3m,14:01-14:10,3m,pool_L,2022,H2,6,8.267074,1.881498861000782,0.3068559494887262,0.0134500083156891,6,3
w1401_1410_h3m,14:01-14:10,3m,pool_L,2023,H1,6,8.026225,5.344437823409936,0.3172598129463702,0.0227452259747439,6,4
w1401_1410_h3m,14:01-14:10,3m,pool_L,2023,H2,6,6.5830994,-0.1408096833632471,0.3161641386556635,0.0021797689310741,6,3
w1401_1410_h3m,14:01-14:10,3m,pool_L,2024,H1,6,9.451725,4.962866372029004,0.3193274034093488,0.021721452582393,6,4
w1401_1410_h3m,14:01-14:10,3m,pool_L,2024,H2,6,10.04219,0.4290032708826681,0.3341275628931699,0.0010046041329073,6,3
w1401_1410_h3m,14:01-14:10,3m,pool_L,2025,H1,6,7.396578,4.679276720194807,0.3174476667501011,0.0168961509163224,6,4
w1401_1410_h3m,14:01-14:10,3m,pool_L,2025,H2,6,5.334741,1.8767599754683384,0.2735114113489337,0.0118911084524586,6,4
w1401_1410_h5m,14:01-14:10,5m,universe,2022,H1,6,15.82307,-17.861462142723862,0.2749092854347272,0.0247905887448506,6,1
w1401_1410_h5m,14:01-14:10,5m,universe,2022,H2,6,12.205753,-12.338352222866453,0.2854332999591509,0.0227288909117285,6,0
w1401_1410_h5m,14:01-14:10,5m,universe,2023,H1,6,11.667175,-6.424123160970946,0.2872762549438623,0.0267484214622853,6,2
w1401_1410_h5m,14:01-14:10,5m,universe,2023,H2,6,10.850005,-27.133540917503638,0.2956713542939431,0.0148244431319219,6,0
w1401_1410_h5m,14:01-14:10,5m,universe,2024,H1,6,14.300522,-15.928749407791829,0.2840599802442392,0.0274511118266378,6,1
w1401_1410_h5m,14:01-14:10,5m,universe,2024,H2,6,15.768138,-32.16664311309504,0.3043356059217414,0.0115363201174486,6,1
w1401_1410_h5m,14:01-14:10,5m,universe,2025,H1,6,12.170924,-20.684553321611496,0.2767935886758352,0.0246231989693416,6,1
w1401_1410_h5m,14:01-14:10,5m,universe,2025,H2,6,8.095653,-17.7886387109218,0.2473368948631226,0.0206096664757611,6,1
w1401_1410_h5m,14:01-14:10,5m,pool_L,2022,H1,6,9.830461,5.48738689465658,0.2602654943278909,0.0151298434879736,6,4
w1401_1410_h5m,14:01-14:10,5m,pool_L,2022,H2,6,8.451425,3.0172582277563547,0.2730448765226755,0.01598767682162,6,4
w1401_1410_h5m,14:01-14:10,5m,pool_L,2023,H1,6,8.281949,5.149936998878762,0.2805581890315767,0.0200054328640329,6,4
w1401_1410_h5m,14:01-14:10,5m,pool_L,2023,H2,6,6.8464103,-1.8744919472474848,0.2836168710190636,0.0035987152207342,6,2
w1401_1410_h5m,14:01-14:10,5m,pool_L,2024,H1,6,9.55158,9.286520638475272,0.281685682658821,0.0228012645041013,6,4
w1401_1410_h5m,14:01-14:10,5m,pool_L,2024,H2,6,10.156457,-1.9030081379151416,0.2995549744091006,0.0017284498835721,6,3
w1401_1410_h5m,14:01-14:10,5m,pool_L,2025,H1,6,7.522922,4.363545005055865,0.2790570109308357,0.0179002675202348,6,5
w1401_1410_h5m,14:01-14:10,5m,pool_L,2025,H2,6,5.1665177,2.721381414652463,0.2374047638989775,0.0102470792159087,6,3
