case,window,label,test_fold,epochs_trained,best_epoch,train_loss,validation_loss,train_rows,features,gpu,config_sha256,source_revision,feature_input,label_input
w0931_0940_h1m,09:31-09:40,1m,2022-01,10,10,1.0583429988444588,1.05162096875,28460161,350,NVIDIA H20,dbb97c377e4daee6625419bcb310ccc659d398fa59244d8e47394a251cc34342,d44521d,/mnt/output/opening_strength_fit/datasets/opening_0931_0940_features_350,/mnt/output/opening_strength_fit/datasets/opening_0931_0940_labels_h1m_v2
w0931_0940_h1m,09:31-09:40,1m,2022-07,10,9,1.0671773104216036,1.076139015625,29678007,350,NVIDIA A100 80GB PCIe,dbb97c377e4daee6625419bcb310ccc659d398fa59244d8e47394a251cc34342,d44521d,/mnt/output/opening_strength_fit/datasets/opening_0931_0940_features_350,/mnt/output/opening_strength_fit/datasets/opening_0931_0940_labels_h1m_v2
w0931_0940_h1m,09:31-09:40,1m,2023-01,10,8,1.08123766082568,1.077619515625,31086033,350,NVIDIA H20,dbb97c377e4daee6625419bcb310ccc659d398fa59244d8e47394a251cc34342,d44521d,/mnt/output/opening_strength_fit/datasets/opening_0931_0940_features_350,/mnt/output/opening_strength_fit/datasets/opening_0931_0940_labels_h1m_v2
w0931_0940_h1m,09:31-09:40,1m,2023-07,10,10,1.0896603948244588,1.095504328125,32495338,350,NVIDIA A100 80GB PCIe,dbb97c377e4daee6625419bcb310ccc659d398fa59244d8e47394a251cc34342,d44521d,/mnt/output/opening_strength_fit/datasets/opening_0931_0940_features_350,/mnt/output/opening_strength_fit/datasets/opening_0931_0940_labels_h1m_v2
w0931_0940_h1m,09:31-09:40,1m,2024-01,10,10,1.0992270533416626,1.0975919140625,33766250,350,NVIDIA H20,dbb97c377e4daee6625419bcb310ccc659d398fa59244d8e47394a251cc34342,d44521d,/mnt/output/opening_strength_fit/datasets/opening_0931_0940_features_350,/mnt/output/opening_strength_fit/datasets/opening_0931_0940_labels_h1m_v2
w0931_0940_h1m,09:31-09:40,1m,2024-07,10,10,1.1038690364023873,1.10759865625,34776925,350,NVIDIA H20,dbb97c377e4daee6625419bcb310ccc659d398fa59244d8e47394a251cc34342,d44521d,/mnt/output/opening_strength_fit/datasets/opening_0931_0940_features_350,/mnt/output/opening_strength_fit/datasets/opening_0931_0940_labels_h1m_v2
w0931_0940_h1m,09:31-09:40,1m,2025-01,10,9,1.1056319159973198,1.10226734375,35548142,350,NVIDIA H20,dbb97c377e4daee6625419bcb310ccc659d398fa59244d8e47394a251cc34342,d44521d,/mnt/output/opening_strength_fit/datasets/opening_0931_0940_features_350,/mnt/output/opening_strength_fit/datasets/opening_0931_0940_labels_h1m_v2
w0931_0940_h1m,09:31-09:40,1m,2025-07,10,10,1.1105932534839464,1.12166115625,36119812,350,NVIDIA H20,db0d5b2f915feda5e2989533100ca9b08f3c16f31af8699c8235b3ec6c15b49e,ead87f9,/mnt/output/opening_strength_fit/datasets/opening_0931_0940_features_350,/mnt/output/opening_strength_fit/datasets/opening_0931_0940_labels_h1m_v2
w0931_0940_h3m,09:31-09:40,3m,2022-01,10,10,1.1279577072238096,1.140071328125,28429508,350,NVIDIA A100 80GB PCIe,dbb97c377e4daee6625419bcb310ccc659d398fa59244d8e47394a251cc34342,d44521d,/mnt/output/opening_strength_fit/datasets/opening_0931_0940_features_350,/mnt/output/opening_strength_fit/datasets/opening_0931_0940_labels_h3m_v2
w0931_0940_h3m,09:31-09:40,3m,2022-07,10,10,1.135327769080287,1.162564546875,29645636,350,NVIDIA H20,dbb97c377e4daee6625419bcb310ccc659d398fa59244d8e47394a251cc34342,d44521d,/mnt/output/opening_strength_fit/datasets/opening_0931_0940_features_350,/mnt/output/opening_strength_fit/datasets/opening_0931_0940_labels_h3m_v2
w0931_0940_h3m,09:31-09:40,3m,2023-01,10,9,1.1463522005508817,1.1499502890625,31056994,350,NVIDIA A100 80GB PCIe,dbb97c377e4daee6625419bcb310ccc659d398fa59244d8e47394a251cc34342,d44521d,/mnt/output/opening_strength_fit/datasets/opening_0931_0940_features_350,/mnt/output/opening_strength_fit/datasets/opening_0931_0940_labels_h3m_v2
w0931_0940_h3m,09:31-09:40,3m,2023-07,10,10,1.1524996019267404,1.15580834375,32466314,350,NVIDIA H20,dbb97c377e4daee6625419bcb310ccc659d398fa59244d8e47394a251cc34342,d44521d,/mnt/output/opening_strength_fit/datasets/opening_0931_0940_features_350,/mnt/output/opening_strength_fit/datasets/opening_0931_0940_labels_h3m_v2
w0931_0940_h3m,09:31-09:40,3m,2024-01,10,10,1.1587437652680914,1.1654905859375,33737732,350,NVIDIA H20,dbb97c377e4daee6625419bcb310ccc659d398fa59244d8e47394a251cc34342,d44521d,/mnt/output/opening_strength_fit/datasets/opening_0931_0940_features_350,/mnt/output/opening_strength_fit/datasets/opening_0931_0940_labels_h3m_v2
w0931_0940_h3m,09:31-09:40,3m,2024-07,10,10,1.1610261522770167,1.175150859375,34749484,350,NVIDIA H20,dbb97c377e4daee6625419bcb310ccc659d398fa59244d8e47394a251cc34342,d44521d,/mnt/output/opening_strength_fit/datasets/opening_0931_0940_features_350,/mnt/output/opening_strength_fit/datasets/opening_0931_0940_labels_h3m_v2
w0931_0940_h3m,09:31-09:40,3m,2025-01,10,10,1.1616084257600054,1.1704835546875,35520832,350,NVIDIA H20,dbb97c377e4daee6625419bcb310ccc659d398fa59244d8e47394a251cc34342,d44521d,/mnt/output/opening_strength_fit/datasets/opening_0931_0940_features_350,/mnt/output/opening_strength_fit/datasets/opening_0931_0940_labels_h3m_v2
w0931_0940_h3m,09:31-09:40,3m,2025-07,10,10,1.1634535382395927,1.1630843046875,36094596,350,NVIDIA H20,dbb97c377e4daee6625419bcb310ccc659d398fa59244d8e47394a251cc34342,d44521d,/mnt/output/opening_strength_fit/datasets/opening_0931_0940_features_350,/mnt/output/opening_strength_fit/datasets/opening_0931_0940_labels_h3m_v2
w0931_0940_h5m,09:31-09:40,5m,2022-01,10,10,1.1592534787263635,1.152400859375,28400134,350,NVIDIA A100 80GB PCIe,08326320e6c97f267a09057f12ff0ae91b7341d629083428b3bac7d774c6c723,4163dee,/mnt/output/opening_strength_fit/datasets/opening_0931_0940_features_350,/mnt/output/opening_strength_fit/datasets/opening_0931_0940_labels_h5m_v2
w0931_0940_h5m,09:31-09:40,5m,2022-07,10,10,1.1669461293491563,1.1565666875,29615667,350,NVIDIA A100 80GB PCIe,08326320e6c97f267a09057f12ff0ae91b7341d629083428b3bac7d774c6c723,4163dee,/mnt/output/opening_strength_fit/datasets/opening_0931_0940_features_350,/mnt/output/opening_strength_fit/datasets/opening_0931_0940_labels_h5m_v2
w0931_0940_h5m,09:31-09:40,5m,2023-01,10,10,1.1770270501129667,1.171413890625,31028339,350,NVIDIA H20,08326320e6c97f267a09057f12ff0ae91b7341d629083428b3bac7d774c6c723,4163dee,/mnt/output/opening_strength_fit/datasets/opening_0931_0940_features_350,/mnt/output/opening_strength_fit/datasets/opening_0931_0940_labels_h5m_v2
w0931_0940_h5m,09:31-09:40,5m,2023-07,10,9,1.1821818414356402,1.184260390625,32437127,350,NVIDIA A100 80GB PCIe,08326320e6c97f267a09057f12ff0ae91b7341d629083428b3bac7d774c6c723,4163dee,/mnt/output/opening_strength_fit/datasets/opening_0931_0940_features_350,/mnt/output/opening_strength_fit/datasets/opening_0931_0940_labels_h5m_v2
w0931_0940_h5m,09:31-09:40,5m,2024-01,10,10,1.1869574954655584,1.1893002890625,33708468,350,NVIDIA A100 80GB PCIe,08326320e6c97f267a09057f12ff0ae91b7341d629083428b3bac7d774c6c723,4163dee,/mnt/output/opening_strength_fit/datasets/opening_0931_0940_features_350,/mnt/output/opening_strength_fit/datasets/opening_0931_0940_labels_h5m_v2
w0931_0940_h5m,09:31-09:40,5m,2024-07,10,10,1.1891710668196498,1.1809185390625,34722119,350,NVIDIA H20,08326320e6c97f267a09057f12ff0ae91b7341d629083428b3bac7d774c6c723,4163dee,/mnt/output/opening_strength_fit/datasets/opening_0931_0940_features_350,/mnt/output/opening_strength_fit/datasets/opening_0931_0940_labels_h5m_v2
w0931_0940_h5m,09:31-09:40,5m,2025-01,10,10,1.188172397408747,1.195220328125,35498680,350,NVIDIA H20,08326320e6c97f267a09057f12ff0ae91b7341d629083428b3bac7d774c6c723,4163dee,/mnt/output/opening_strength_fit/datasets/opening_0931_0940_features_350,/mnt/output/opening_strength_fit/datasets/opening_0931_0940_labels_h5m_v2
w0931_0940_h5m,09:31-09:40,5m,2025-07,10,9,1.1885790219036587,1.187466671875,36074526,350,NVIDIA A100 80GB PCIe,08326320e6c97f267a09057f12ff0ae91b7341d629083428b3bac7d774c6c723,4163dee,/mnt/output/opening_strength_fit/datasets/opening_0931_0940_features_350,/mnt/output/opening_strength_fit/datasets/opening_0931_0940_labels_h5m_v2
w0931_0940_h10m,09:31-09:40,10m,2022-01,10,10,1.2040844146012801,1.1961319375,28332894,350,NVIDIA A100 80GB PCIe,dbb97c377e4daee6625419bcb310ccc659d398fa59244d8e47394a251cc34342,d44521d,/mnt/output/opening_strength_fit/datasets/opening_0931_0940_features_350,/mnt/output/opening_strength_fit/datasets/opening_0931_0940_labels_h10m_v1
w0931_0940_h10m,09:31-09:40,10m,2022-07,10,10,1.211707039648003,1.21759140625,29545469,350,NVIDIA A100 80GB PCIe,dbb97c377e4daee6625419bcb310ccc659d398fa59244d8e47394a251cc34342,d44521d,/mnt/output/opening_strength_fit/datasets/opening_0931_0940_features_350,/mnt/output/opening_strength_fit/datasets/opening_0931_0940_labels_h10m_v1
w0931_0940_h10m,09:31-09:40,10m,2023-01,10,10,1.2212961794115307,1.22237153125,30960137,350,NVIDIA H20,dbb97c377e4daee6625419bcb310ccc659d398fa59244d8e47394a251cc34342,d44521d,/mnt/output/opening_strength_fit/datasets/opening_0931_0940_features_350,/mnt/output/opening_strength_fit/datasets/opening_0931_0940_labels_h10m_v1
w0931_0940_h10m,09:31-09:40,10m,2023-07,10,10,1.2251304694018526,1.23982546875,32365798,350,NVIDIA H20,dbb97c377e4daee6625419bcb310ccc659d398fa59244d8e47394a251cc34342,d44521d,/mnt/output/opening_strength_fit/datasets/opening_0931_0940_features_350,/mnt/output/opening_strength_fit/datasets/opening_0931_0940_labels_h10m_v1
w0931_0940_h10m,09:31-09:40,10m,2024-01,10,10,1.228054715958777,1.22662275,33635735,350,NVIDIA H20,dbb97c377e4daee6625419bcb310ccc659d398fa59244d8e47394a251cc34342,d44521d,/mnt/output/opening_strength_fit/datasets/opening_0931_0940_features_350,/mnt/output/opening_strength_fit/datasets/opening_0931_0940_labels_h10m_v1
w0931_0940_h10m,09:31-09:40,10m,2024-07,10,10,1.2281366830482896,1.2318734375,34652676,350,NVIDIA H20,dbb97c377e4daee6625419bcb310ccc659d398fa59244d8e47394a251cc34342,d44521d,/mnt/output/opening_strength_fit/datasets/opening_0931_0940_features_350,/mnt/output/opening_strength_fit/datasets/opening_0931_0940_labels_h10m_v1
w0931_0940_h10m,09:31-09:40,10m,2025-01,10,10,1.2273949524474854,1.217662484375,35433865,350,NVIDIA H20,dbb97c377e4daee6625419bcb310ccc659d398fa59244d8e47394a251cc34342,d44521d,/mnt/output/opening_strength_fit/datasets/opening_0931_0940_features_350,/mnt/output/opening_strength_fit/datasets/opening_0931_0940_labels_h10m_v1
w0931_0940_h10m,09:31-09:40,10m,2025-07,10,9,1.2268771751403602,1.22431775,36014215,350,NVIDIA H20,dbb97c377e4daee6625419bcb310ccc659d398fa59244d8e47394a251cc34342,d44521d,/mnt/output/opening_strength_fit/datasets/opening_0931_0940_features_350,/mnt/output/opening_strength_fit/datasets/opening_0931_0940_labels_h10m_v1
w0931_0940_h1h,09:31-09:40,1h,2022-01,10,9,1.3289515570112929,1.3079490546875,27494576,350,NVIDIA A100 80GB PCIe,dbb97c377e4daee6625419bcb310ccc659d398fa59244d8e47394a251cc34342,d44521d,/mnt/output/opening_strength_fit/datasets/opening_0931_0940_features_350,/mnt/output/opening_strength_fit/datasets/opening_0931_0940_labels_h1h_v1
w0931_0940_h1h,09:31-09:40,1h,2022-07,10,10,1.3364214492033437,1.332108984375,28643835,350,NVIDIA A100 80GB PCIe,dbb97c377e4daee6625419bcb310ccc659d398fa59244d8e47394a251cc34342,d44521d,/mnt/output/opening_strength_fit/datasets/opening_0931_0940_features_350,/mnt/output/opening_strength_fit/datasets/opening_0931_0940_labels_h1h_v1
w0931_0940_h1h,09:31-09:40,1h,2023-01,10,10,1.3439528673902414,1.340510015625,30087100,350,NVIDIA H20,dbb97c377e4daee6625419bcb310ccc659d398fa59244d8e47394a251cc34342,d44521d,/mnt/output/opening_strength_fit/datasets/opening_0931_0940_features_350,/mnt/output/opening_strength_fit/datasets/opening_0931_0940_labels_h1h_v1
w0931_0940_h1h,09:31-09:40,1h,2023-07,10,10,1.3486347034209605,1.355766390625,31483747,350,NVIDIA H20,dbb97c377e4daee6625419bcb310ccc659d398fa59244d8e47394a251cc34342,d44521d,/mnt/output/opening_strength_fit/datasets/opening_0931_0940_features_350,/mnt/output/opening_strength_fit/datasets/opening_0931_0940_labels_h1h_v1
w0931_0940_h1h,09:31-09:40,1h,2024-01,10,10,1.3489093191705106,1.33506596875,32739998,350,NVIDIA H20,dbb97c377e4daee6625419bcb310ccc659d398fa59244d8e47394a251cc34342,d44521d,/mnt/output/opening_strength_fit/datasets/opening_0931_0940_features_350,/mnt/output/opening_strength_fit/datasets/opening_0931_0940_labels_h1h_v1
w0931_0940_h1h,09:31-09:40,1h,2024-07,10,10,1.3455903975540628,1.34684346875,33812969,350,NVIDIA H20,dbb97c377e4daee6625419bcb310ccc659d398fa59244d8e47394a251cc34342,d44521d,/mnt/output/opening_strength_fit/datasets/opening_0931_0940_features_350,/mnt/output/opening_strength_fit/datasets/opening_0931_0940_labels_h1h_v1
w0931_0940_h1h,09:31-09:40,1h,2025-01,10,10,1.3410894676657443,1.3411294609375,34563226,350,NVIDIA H20,dbb97c377e4daee6625419bcb310ccc659d398fa59244d8e47394a251cc34342,d44521d,/mnt/output/opening_strength_fit/datasets/opening_0931_0940_features_350,/mnt/output/opening_strength_fit/datasets/opening_0931_0940_labels_h1h_v1
w0931_0940_h1h,09:31-09:40,1h,2025-07,10,10,1.3393486186071508,1.322787546875,35196879,350,NVIDIA H20,dbb97c377e4daee6625419bcb310ccc659d398fa59244d8e47394a251cc34342,d44521d,/mnt/output/opening_strength_fit/datasets/opening_0931_0940_features_350,/mnt/output/opening_strength_fit/datasets/opening_0931_0940_labels_h1h_v1
w0931_0940_hclose,09:31-09:40,close,2022-01,10,10,1.427132628982015,1.423473609375,28716556,350,NVIDIA A100 80GB PCIe,dbb97c377e4daee6625419bcb310ccc659d398fa59244d8e47394a251cc34342,d44521d,/mnt/output/opening_strength_fit/datasets/opening_0931_0940_features_350,/mnt/output/opening_strength_fit/datasets/opening_0931_0940_labels_hclose_v1
w0931_0940_hclose,09:31-09:40,close,2022-07,10,10,1.4324803152713432,1.421738640625,29947355,350,NVIDIA H20,dbb97c377e4daee6625419bcb310ccc659d398fa59244d8e47394a251cc34342,d44521d,/mnt/output/opening_strength_fit/datasets/opening_0931_0940_features_350,/mnt/output/opening_strength_fit/datasets/opening_0931_0940_labels_hclose_v1
w0931_0940_hclose,09:31-09:40,close,2023-01,10,10,1.4372002067977838,1.4420328515625,31331979,350,NVIDIA A100 80GB PCIe,dbb97c377e4daee6625419bcb310ccc659d398fa59244d8e47394a251cc34342,d44521d,/mnt/output/opening_strength_fit/datasets/opening_0931_0940_features_350,/mnt/output/opening_strength_fit/datasets/opening_0931_0940_labels_hclose_v1
w0931_0940_hclose,09:31-09:40,close,2023-07,10,10,1.4385642666269414,1.445204171875,32743950,350,NVIDIA H20,dbb97c377e4daee6625419bcb310ccc659d398fa59244d8e47394a251cc34342,d44521d,/mnt/output/opening_strength_fit/datasets/opening_0931_0940_features_350,/mnt/output/opening_strength_fit/datasets/opening_0931_0940_labels_hclose_v1
w0931_0940_hclose,09:31-09:40,close,2024-01,10,10,1.4380023267946886,1.4738638125,33996800,350,NVIDIA H20,dbb97c377e4daee6625419bcb310ccc659d398fa59244d8e47394a251cc34342,d44521d,/mnt/output/opening_strength_fit/datasets/opening_0931_0940_features_350,/mnt/output/opening_strength_fit/datasets/opening_0931_0940_labels_hclose_v1
w0931_0940_hclose,09:31-09:40,close,2024-07,10,10,1.4353692279189385,1.4345232890625,34981256,350,NVIDIA H20,dbb97c377e4daee6625419bcb310ccc659d398fa59244d8e47394a251cc34342,d44521d,/mnt/output/opening_strength_fit/datasets/opening_0931_0940_features_350,/mnt/output/opening_strength_fit/datasets/opening_0931_0940_labels_hclose_v1
w0931_0940_hclose,09:31-09:40,close,2025-01,10,10,1.4311385409219477,1.419932171875,35734583,350,NVIDIA H20,dbb97c377e4daee6625419bcb310ccc659d398fa59244d8e47394a251cc34342,d44521d,/mnt/output/opening_strength_fit/datasets/opening_0931_0940_features_350,/mnt/output/opening_strength_fit/datasets/opening_0931_0940_labels_hclose_v1
w0931_0940_hclose,09:31-09:40,close,2025-07,10,10,1.4293725994044388,1.4429937109375,36277453,350,NVIDIA H20,dbb97c377e4daee6625419bcb310ccc659d398fa59244d8e47394a251cc34342,d44521d,/mnt/output/opening_strength_fit/datasets/opening_0931_0940_features_350,/mnt/output/opening_strength_fit/datasets/opening_0931_0940_labels_hclose_v1
w1001_1010_h1m,10:01-10:10,1m,2022-01,10,9,0.9864703628660265,0.98572615625,27896457,350,NVIDIA A100 80GB PCIe,dbb97c377e4daee6625419bcb310ccc659d398fa59244d8e47394a251cc34342,d44521d,/mnt/output/opening_strength_fit/datasets/opening_1001_1010_features_350,/mnt/output/opening_strength_fit/datasets/opening_1001_1010_labels_h1m_v2
w1001_1010_h1m,10:01-10:10,1m,2022-07,10,10,0.9901675423203287,0.9883154765625,29084281,350,NVIDIA H20,dbb97c377e4daee6625419bcb310ccc659d398fa59244d8e47394a251cc34342,d44521d,/mnt/output/opening_strength_fit/datasets/opening_1001_1010_features_350,/mnt/output/opening_strength_fit/datasets/opening_1001_1010_labels_h1m_v2
w1001_1010_h1m,10:01-10:10,1m,2023-01,10,9,1.0071296846774203,0.997410546875,30506564,350,NVIDIA A100 80GB PCIe,dbb97c377e4daee6625419bcb310ccc659d398fa59244d8e47394a251cc34342,d44521d,/mnt/output/opening_strength_fit/datasets/opening_1001_1010_features_350,/mnt/output/opening_strength_fit/datasets/opening_1001_1010_labels_h1m_v2
w1001_1010_h1m,10:01-10:10,1m,2023-07,10,10,1.0136089411176123,1.0170623515625,31923618,350,NVIDIA H20,dbb97c377e4daee6625419bcb310ccc659d398fa59244d8e47394a251cc34342,d44521d,/mnt/output/opening_strength_fit/datasets/opening_1001_1010_features_350,/mnt/output/opening_strength_fit/datasets/opening_1001_1010_labels_h1m_v2
w1001_1010_h1m,10:01-10:10,1m,2024-01,10,10,1.02353150105865,1.044678140625,33200219,350,NVIDIA H20,dbb97c377e4daee6625419bcb310ccc659d398fa59244d8e47394a251cc34342,d44521d,/mnt/output/opening_strength_fit/datasets/opening_1001_1010_features_350,/mnt/output/opening_strength_fit/datasets/opening_1001_1010_labels_h1m_v2
w1001_1010_h1m,10:01-10:10,1m,2024-07,10,8,1.024047501955569,1.0314129296875,34255126,350,NVIDIA H20,dbb97c377e4daee6625419bcb310ccc659d398fa59244d8e47394a251cc34342,d44521d,/mnt/output/opening_strength_fit/datasets/opening_1001_1010_features_350,/mnt/output/opening_strength_fit/datasets/opening_1001_1010_labels_h1m_v2
w1001_1010_h1m,10:01-10:10,1m,2025-01,10,9,1.0204210423311637,1.0215589375,35042287,350,NVIDIA H20,dbb97c377e4daee6625419bcb310ccc659d398fa59244d8e47394a251cc34342,d44521d,/mnt/output/opening_strength_fit/datasets/opening_1001_1010_features_350,/mnt/output/opening_strength_fit/datasets/opening_1001_1010_labels_h1m_v2
w1001_1010_h1m,10:01-10:10,1m,2025-07,10,10,1.0231110846630445,0.9991116328125,35641013,350,NVIDIA H20,dbb97c377e4daee6625419bcb310ccc659d398fa59244d8e47394a251cc34342,d44521d,/mnt/output/opening_strength_fit/datasets/opening_1001_1010_features_350,/mnt/output/opening_strength_fit/datasets/opening_1001_1010_labels_h1m_v2
w1001_1010_h3m,10:01-10:10,3m,2022-01,10,10,1.0682718685633525,1.070489515625,27857054,350,NVIDIA A100 80GB PCIe,dbb97c377e4daee6625419bcb310ccc659d398fa59244d8e47394a251cc34342,d44521d,/mnt/output/opening_strength_fit/datasets/opening_1001_1010_features_350,/mnt/output/opening_strength_fit/datasets/opening_1001_1010_labels_h3m_v2
w1001_1010_h3m,10:01-10:10,3m,2022-07,10,10,1.071688813293662,1.0625761875,29039020,350,NVIDIA H20,dbb97c377e4daee6625419bcb310ccc659d398fa59244d8e47394a251cc34342,d44521d,/mnt/output/opening_strength_fit/datasets/opening_1001_1010_features_350,/mnt/output/opening_strength_fit/datasets/opening_1001_1010_labels_h3m_v2
w1001_1010_h3m,10:01-10:10,3m,2023-01,10,10,1.0830350306924472,1.0782505,30462404,350,NVIDIA A100 80GB PCIe,dbb97c377e4daee6625419bcb310ccc659d398fa59244d8e47394a251cc34342,d44521d,/mnt/output/opening_strength_fit/datasets/opening_1001_1010_features_350,/mnt/output/opening_strength_fit/datasets/opening_1001_1010_labels_h3m_v2
w1001_1010_h3m,10:01-10:10,3m,2023-07,10,10,1.0884336159344625,1.0873793125,31879330,350,NVIDIA H20,dbb97c377e4daee6625419bcb310ccc659d398fa59244d8e47394a251cc34342,d44521d,/mnt/output/opening_strength_fit/datasets/opening_1001_1010_features_350,/mnt/output/opening_strength_fit/datasets/opening_1001_1010_labels_h3m_v2
w1001_1010_h3m,10:01-10:10,3m,2024-01,10,10,1.0950138228241368,1.0980528984375,33155460,350,NVIDIA H20,dbb97c377e4daee6625419bcb310ccc659d398fa59244d8e47394a251cc34342,d44521d,/mnt/output/opening_strength_fit/datasets/opening_1001_1010_features_350,/mnt/output/opening_strength_fit/datasets/opening_1001_1010_labels_h3m_v2
w1001_1010_h3m,10:01-10:10,3m,2024-07,10,8,1.0940697657440202,1.099673359375,34212863,350,NVIDIA H20,dbb97c377e4daee6625419bcb310ccc659d398fa59244d8e47394a251cc34342,d44521d,/mnt/output/opening_strength_fit/datasets/opening_1001_1010_features_350,/mnt/output/opening_strength_fit/datasets/opening_1001_1010_labels_h3m_v2
w1001_1010_h3m,10:01-10:10,3m,2025-01,10,10,1.0918886043223481,1.102301046875,35001105,350,NVIDIA H20,dbb97c377e4daee6625419bcb310ccc659d398fa59244d8e47394a251cc34342,d44521d,/mnt/output/opening_strength_fit/datasets/opening_1001_1010_features_350,/mnt/output/opening_strength_fit/datasets/opening_1001_1010_labels_h3m_v2
w1001_1010_h3m,10:01-10:10,3m,2025-07,10,9,1.0927245602534925,1.0871224140625,35604573,350,NVIDIA H20,dbb97c377e4daee6625419bcb310ccc659d398fa59244d8e47394a251cc34342,d44521d,/mnt/output/opening_strength_fit/datasets/opening_1001_1010_features_350,/mnt/output/opening_strength_fit/datasets/opening_1001_1010_labels_h3m_v2
w1001_1010_h5m,10:01-10:10,5m,2022-01,10,10,1.102411902752898,1.098117421875,27817594,350,NVIDIA A100 80GB PCIe,08326320e6c97f267a09057f12ff0ae91b7341d629083428b3bac7d774c6c723,4163dee,/mnt/output/opening_strength_fit/datasets/opening_1001_1010_features_350,/mnt/output/opening_strength_fit/datasets/opening_1001_1010_labels_h5m_v2
w1001_1010_h5m,10:01-10:10,5m,2022-07,10,8,1.1053358544027856,1.093845484375,28996639,350,NVIDIA A100 80GB PCIe,08326320e6c97f267a09057f12ff0ae91b7341d629083428b3bac7d774c6c723,4163dee,/mnt/output/opening_strength_fit/datasets/opening_1001_1010_features_350,/mnt/output/opening_strength_fit/datasets/opening_1001_1010_labels_h5m_v2
w1001_1010_h5m,10:01-10:10,5m,2023-01,10,9,1.1144350003451455,1.1307031875,30423872,350,NVIDIA A100 80GB PCIe,08326320e6c97f267a09057f12ff0ae91b7341d629083428b3bac7d774c6c723,4163dee,/mnt/output/opening_strength_fit/datasets/opening_1001_1010_features_350,/mnt/output/opening_strength_fit/datasets/opening_1001_1010_labels_h5m_v2
w1001_1010_h5m,10:01-10:10,5m,2023-07,10,9,1.119571516279064,1.1194646875,31842468,350,NVIDIA H20,08326320e6c97f267a09057f12ff0ae91b7341d629083428b3bac7d774c6c723,4163dee,/mnt/output/opening_strength_fit/datasets/opening_1001_1010_features_350,/mnt/output/opening_strength_fit/datasets/opening_1001_1010_labels_h5m_v2
w1001_1010_h5m,10:01-10:10,5m,2024-01,10,8,1.1243822761182336,1.1324543125,33117929,350,NVIDIA A100 80GB PCIe,08326320e6c97f267a09057f12ff0ae91b7341d629083428b3bac7d774c6c723,4163dee,/mnt/output/opening_strength_fit/datasets/opening_1001_1010_features_350,/mnt/output/opening_strength_fit/datasets/opening_1001_1010_labels_h5m_v2
w1001_1010_h5m,10:01-10:10,5m,2024-07,10,10,1.1232100997810224,1.1350724296875,34177146,350,NVIDIA H20,08326320e6c97f267a09057f12ff0ae91b7341d629083428b3bac7d774c6c723,4163dee,/mnt/output/opening_strength_fit/datasets/opening_1001_1010_features_350,/mnt/output/opening_strength_fit/datasets/opening_1001_1010_labels_h5m_v2
w1001_1010_h5m,10:01-10:10,5m,2025-01,10,8,1.1211709846201345,1.129502171875,34965169,350,NVIDIA H20,08326320e6c97f267a09057f12ff0ae91b7341d629083428b3bac7d774c6c723,4163dee,/mnt/output/opening_strength_fit/datasets/opening_1001_1010_features_350,/mnt/output/opening_strength_fit/datasets/opening_1001_1010_labels_h5m_v2
w1001_1010_h5m,10:01-10:10,5m,2025-07,10,9,1.121554206555093,1.130713296875,35574093,350,NVIDIA A100 80GB PCIe,08326320e6c97f267a09057f12ff0ae91b7341d629083428b3bac7d774c6c723,4163dee,/mnt/output/opening_strength_fit/datasets/opening_1001_1010_features_350,/mnt/output/opening_strength_fit/datasets/opening_1001_1010_labels_h5m_v2
w1001_1010_h10m,10:01-10:10,10m,2022-01,10,10,1.146245512537383,1.1349546953125,27726169,350,NVIDIA A100 80GB PCIe,dbb97c377e4daee6625419bcb310ccc659d398fa59244d8e47394a251cc34342,d44521d,/mnt/output/opening_strength_fit/datasets/opening_1001_1010_features_350,/mnt/output/opening_strength_fit/datasets/opening_1001_1010_labels_h10m_v1
w1001_1010_h10m,10:01-10:10,10m,2022-07,10,10,1.148512321406242,1.1605962109375,28903857,350,NVIDIA A100 80GB PCIe,dbb97c377e4daee6625419bcb310ccc659d398fa59244d8e47394a251cc34342,d44521d,/mnt/output/opening_strength_fit/datasets/opening_1001_1010_features_350,/mnt/output/opening_strength_fit/datasets/opening_1001_1010_labels_h10m_v1
w1001_1010_h10m,10:01-10:10,10m,2023-01,10,10,1.1552281208063984,1.179394609375,30333218,350,NVIDIA H20,dbb97c377e4daee6625419bcb310ccc659d398fa59244d8e47394a251cc34342,d44521d,/mnt/output/opening_strength_fit/datasets/opening_1001_1010_features_350,/mnt/output/opening_strength_fit/datasets/opening_1001_1010_labels_h10m_v1
w1001_1010_h10m,10:01-10:10,10m,2023-07,10,10,1.1603948301660465,1.165108484375,31748654,350,NVIDIA H20,dbb97c377e4daee6625419bcb310ccc659d398fa59244d8e47394a251cc34342,d44521d,/mnt/output/opening_strength_fit/datasets/opening_1001_1010_features_350,/mnt/output/opening_strength_fit/datasets/opening_1001_1010_labels_h10m_v1
w1001_1010_h10m,10:01-10:10,10m,2024-01,10,10,1.1632414003024178,1.165040046875,33019783,350,NVIDIA H20,dbb97c377e4daee6625419bcb310ccc659d398fa59244d8e47394a251cc34342,d44521d,/mnt/output/opening_strength_fit/datasets/opening_1001_1010_features_350,/mnt/output/opening_strength_fit/datasets/opening_1001_1010_labels_h10m_v1
w1001_1010_h10m,10:01-10:10,10m,2024-07,10,10,1.1614651568155347,1.16338834375,34086890,350,NVIDIA H20,dbb97c377e4daee6625419bcb310ccc659d398fa59244d8e47394a251cc34342,d44521d,/mnt/output/opening_strength_fit/datasets/opening_1001_1010_features_350,/mnt/output/opening_strength_fit/datasets/opening_1001_1010_labels_h10m_v1
w1001_1010_h10m,10:01-10:10,10m,2025-01,10,10,1.158783862547564,1.175015265625,34868969,350,NVIDIA H20,dbb97c377e4daee6625419bcb310ccc659d398fa59244d8e47394a251cc34342,d44521d,/mnt/output/opening_strength_fit/datasets/opening_1001_1010_features_350,/mnt/output/opening_strength_fit/datasets/opening_1001_1010_labels_h10m_v1
w1001_1010_h10m,10:01-10:10,10m,2025-07,10,9,1.1585652400171635,1.205526625,35487342,350,NVIDIA H20,dbb97c377e4daee6625419bcb310ccc659d398fa59244d8e47394a251cc34342,d44521d,/mnt/output/opening_strength_fit/datasets/opening_1001_1010_features_350,/mnt/output/opening_strength_fit/datasets/opening_1001_1010_labels_h10m_v1
w1001_1010_h1h,10:01-10:10,1h,2022-01,10,10,1.2730114538222674,1.2716391171875,26862682,350,NVIDIA A100 80GB PCIe,dbb97c377e4daee6625419bcb310ccc659d398fa59244d8e47394a251cc34342,d44521d,/mnt/output/opening_strength_fit/datasets/opening_1001_1010_features_350,/mnt/output/opening_strength_fit/datasets/opening_1001_1010_labels_h1h_v1
w1001_1010_h1h,10:01-10:10,1h,2022-07,10,9,1.2763444731754698,1.2846045390625,28004716,350,NVIDIA A100 80GB PCIe,dbb97c377e4daee6625419bcb310ccc659d398fa59244d8e47394a251cc34342,d44521d,/mnt/output/opening_strength_fit/datasets/opening_1001_1010_features_350,/mnt/output/opening_strength_fit/datasets/opening_1001_1010_labels_h1h_v1
w1001_1010_h1h,10:01-10:10,1h,2023-01,10,10,1.2811808491842205,1.284288125,29457277,350,NVIDIA H20,dbb97c377e4daee6625419bcb310ccc659d398fa59244d8e47394a251cc34342,d44521d,/mnt/output/opening_strength_fit/datasets/opening_1001_1010_features_350,/mnt/output/opening_strength_fit/datasets/opening_1001_1010_labels_h1h_v1
w1001_1010_h1h,10:01-10:10,1h,2023-07,10,10,1.2827324174346262,1.283557171875,30876292,350,NVIDIA H20,dbb97c377e4daee6625419bcb310ccc659d398fa59244d8e47394a251cc34342,d44521d,/mnt/output/opening_strength_fit/datasets/opening_1001_1010_features_350,/mnt/output/opening_strength_fit/datasets/opening_1001_1010_labels_h1h_v1
w1001_1010_h1h,10:01-10:10,1h,2024-01,10,10,1.2825148082961981,1.2773382109375,32133550,350,NVIDIA H20,dbb97c377e4daee6625419bcb310ccc659d398fa59244d8e47394a251cc34342,d44521d,/mnt/output/opening_strength_fit/datasets/opening_1001_1010_features_350,/mnt/output/opening_strength_fit/datasets/opening_1001_1010_labels_h1h_v1
w1001_1010_h1h,10:01-10:10,1h,2024-07,10,10,1.2765182893525848,1.28304684375,33238103,350,NVIDIA H20,dbb97c377e4daee6625419bcb310ccc659d398fa59244d8e47394a251cc34342,d44521d,/mnt/output/opening_strength_fit/datasets/opening_1001_1010_features_350,/mnt/output/opening_strength_fit/datasets/opening_1001_1010_labels_h1h_v1
w1001_1010_h1h,10:01-10:10,1h,2025-01,10,10,1.2728832509202888,1.2871488515625,33985608,350,NVIDIA H20,dbb97c377e4daee6625419bcb310ccc659d398fa59244d8e47394a251cc34342,d44521d,/mnt/output/opening_strength_fit/datasets/opening_1001_1010_features_350,/mnt/output/opening_strength_fit/datasets/opening_1001_1010_labels_h1h_v1
w1001_1010_h1h,10:01-10:10,1h,2025-07,10,10,1.2711821426886012,1.269104453125,34625265,350,NVIDIA H20,dbb97c377e4daee6625419bcb310ccc659d398fa59244d8e47394a251cc34342,d44521d,/mnt/output/opening_strength_fit/datasets/opening_1001_1010_features_350,/mnt/output/opening_strength_fit/datasets/opening_1001_1010_labels_h1h_v1
w1001_1010_hclose,10:01-10:10,close,2022-01,10,10,1.3783176420196843,1.3740851484375,28613709,350,NVIDIA A100 80GB PCIe,dbb97c377e4daee6625419bcb310ccc659d398fa59244d8e47394a251cc34342,d44521d,/mnt/output/opening_strength_fit/datasets/opening_1001_1010_features_350,/mnt/output/opening_strength_fit/datasets/opening_1001_1010_labels_hclose_v1
w1001_1010_hclose,10:01-10:10,close,2022-07,10,10,1.3801572815353895,1.3924838359375,29837418,350,NVIDIA A100 80GB PCIe,dbb97c377e4daee6625419bcb310ccc659d398fa59244d8e47394a251cc34342,d44521d,/mnt/output/opening_strength_fit/datasets/opening_1001_1010_features_350,/mnt/output/opening_strength_fit/datasets/opening_1001_1010_labels_hclose_v1
w1001_1010_hclose,10:01-10:10,close,2023-01,10,10,1.3826837515680088,1.3677983828125,31208053,350,NVIDIA H20,dbb97c377e4daee6625419bcb310ccc659d398fa59244d8e47394a251cc34342,d44521d,/mnt/output/opening_strength_fit/datasets/opening_1001_1010_features_350,/mnt/output/opening_strength_fit/datasets/opening_1001_1010_labels_hclose_v1
w1001_1010_hclose,10:01-10:10,close,2023-07,10,10,1.3819137122696834,1.37704459375,32626128,350,NVIDIA H20,dbb97c377e4daee6625419bcb310ccc659d398fa59244d8e47394a251cc34342,d44521d,/mnt/output/opening_strength_fit/datasets/opening_1001_1010_features_350,/mnt/output/opening_strength_fit/datasets/opening_1001_1010_labels_hclose_v1
w1001_1010_hclose,10:01-10:10,close,2024-01,10,10,1.3791324147850863,1.37432753125,33881404,350,NVIDIA H20,dbb97c377e4daee6625419bcb310ccc659d398fa59244d8e47394a251cc34342,d44521d,/mnt/output/opening_strength_fit/datasets/opening_1001_1010_features_350,/mnt/output/opening_strength_fit/datasets/opening_1001_1010_labels_hclose_v1
w1001_1010_hclose,10:01-10:10,close,2024-07,10,10,1.3760439315270998,1.36755065625,34869039,350,NVIDIA H20,dbb97c377e4daee6625419bcb310ccc659d398fa59244d8e47394a251cc34342,d44521d,/mnt/output/opening_strength_fit/datasets/opening_1001_1010_features_350,/mnt/output/opening_strength_fit/datasets/opening_1001_1010_labels_hclose_v1
w1001_1010_hclose,10:01-10:10,close,2025-01,10,10,1.3719244400349813,1.3880405625,35621685,350,NVIDIA H20,dbb97c377e4daee6625419bcb310ccc659d398fa59244d8e47394a251cc34342,d44521d,/mnt/output/opening_strength_fit/datasets/opening_1001_1010_features_350,/mnt/output/opening_strength_fit/datasets/opening_1001_1010_labels_hclose_v1
w1001_1010_hclose,10:01-10:10,close,2025-07,10,10,1.3704485521806433,1.362178859375,36166180,350,NVIDIA H20,dbb97c377e4daee6625419bcb310ccc659d398fa59244d8e47394a251cc34342,d44521d,/mnt/output/opening_strength_fit/datasets/opening_1001_1010_features_350,/mnt/output/opening_strength_fit/datasets/opening_1001_1010_labels_hclose_v1
w1401_1410_h1m,14:01-14:10,1m,2022-01,10,10,0.9068159972799551,0.923131578125,26952225,350,NVIDIA A100 80GB PCIe,dbb97c377e4daee6625419bcb310ccc659d398fa59244d8e47394a251cc34342,d44521d,/mnt/output/opening_strength_fit/datasets/opening_1401_1410_features_350,/mnt/output/opening_strength_fit/datasets/opening_1401_1410_labels_h1m_v2
w1401_1410_h1m,14:01-14:10,1m,2022-07,10,10,0.9009071646346332,0.906089234375,28077108,350,NVIDIA H20,dbb97c377e4daee6625419bcb310ccc659d398fa59244d8e47394a251cc34342,d44521d,/mnt/output/opening_strength_fit/datasets/opening_1401_1410_features_350,/mnt/output/opening_strength_fit/datasets/opening_1401_1410_labels_h1m_v2
w1401_1410_h1m,14:01-14:10,1m,2023-01,10,9,0.911958827208072,0.9236162109375,29479863,350,NVIDIA A100 80GB PCIe,dbb97c377e4daee6625419bcb310ccc659d398fa59244d8e47394a251cc34342,d44521d,/mnt/output/opening_strength_fit/datasets/opening_1401_1410_features_350,/mnt/output/opening_strength_fit/datasets/opening_1401_1410_labels_h1m_v2
w1401_1410_h1m,14:01-14:10,1m,2023-07,10,9,0.90820817396503,0.9104337890625,30875862,350,NVIDIA H20,dbb97c377e4daee6625419bcb310ccc659d398fa59244d8e47394a251cc34342,d44521d,/mnt/output/opening_strength_fit/datasets/opening_1401_1410_features_350,/mnt/output/opening_strength_fit/datasets/opening_1401_1410_labels_h1m_v2
w1401_1410_h1m,14:01-14:10,1m,2024-01,10,10,0.9121771139319133,0.9191732734375,32152352,350,NVIDIA H20,dbb97c377e4daee6625419bcb310ccc659d398fa59244d8e47394a251cc34342,d44521d,/mnt/output/opening_strength_fit/datasets/opening_1401_1410_features_350,/mnt/output/opening_strength_fit/datasets/opening_1401_1410_labels_h1m_v2
w1401_1410_h1m,14:01-14:10,1m,2024-07,10,10,0.9098097279360825,0.8939399609375,33277997,350,NVIDIA H20,dbb97c377e4daee6625419bcb310ccc659d398fa59244d8e47394a251cc34342,d44521d,/mnt/output/opening_strength_fit/datasets/opening_1401_1410_features_350,/mnt/output/opening_strength_fit/datasets/opening_1401_1410_labels_h1m_v2
w1401_1410_h1m,14:01-14:10,1m,2025-01,10,8,0.9019791020513489,0.897321671875,34063093,350,NVIDIA H20,dbb97c377e4daee6625419bcb310ccc659d398fa59244d8e47394a251cc34342,d44521d,/mnt/output/opening_strength_fit/datasets/opening_1401_1410_features_350,/mnt/output/opening_strength_fit/datasets/opening_1401_1410_labels_h1m_v2
w1401_1410_h1m,14:01-14:10,1m,2025-07,10,8,0.9046053124520983,0.921998921875,34692291,350,NVIDIA H20,dbb97c377e4daee6625419bcb310ccc659d398fa59244d8e47394a251cc34342,d44521d,/mnt/output/opening_strength_fit/datasets/opening_1401_1410_features_350,/mnt/output/opening_strength_fit/datasets/opening_1401_1410_labels_h1m_v2
w1401_1410_h3m,14:01-14:10,3m,2022-01,10,9,0.9970861604190379,1.0239608046875,26956262,350,NVIDIA A100 80GB PCIe,dbb97c377e4daee6625419bcb310ccc659d398fa59244d8e47394a251cc34342,d44521d,/mnt/output/opening_strength_fit/datasets/opening_1401_1410_features_350,/mnt/output/opening_strength_fit/datasets/opening_1401_1410_labels_h3m_v2
w1401_1410_h3m,14:01-14:10,3m,2022-07,10,10,0.9934570384267888,1.0089158359375,28076795,350,NVIDIA A100 80GB PCIe,dbb97c377e4daee6625419bcb310ccc659d398fa59244d8e47394a251cc34342,d44521d,/mnt/output/opening_strength_fit/datasets/opening_1401_1410_features_350,/mnt/output/opening_strength_fit/datasets/opening_1401_1410_labels_h3m_v2
w1401_1410_h3m,14:01-14:10,3m,2023-01,10,10,1.0011147648863512,0.9873328828125,29475135,350,NVIDIA H20,dbb97c377e4daee6625419bcb310ccc659d398fa59244d8e47394a251cc34342,d44521d,/mnt/output/opening_strength_fit/datasets/opening_1401_1410_features_350,/mnt/output/opening_strength_fit/datasets/opening_1401_1410_labels_h3m_v2
w1401_1410_h3m,14:01-14:10,3m,2023-07,10,9,0.9988967992622056,0.9955259453125,30876387,350,NVIDIA H20,dbb97c377e4daee6625419bcb310ccc659d398fa59244d8e47394a251cc34342,d44521d,/mnt/output/opening_strength_fit/datasets/opening_1401_1410_features_350,/mnt/output/opening_strength_fit/datasets/opening_1401_1410_labels_h3m_v2
w1401_1410_h3m,14:01-14:10,3m,2024-01,10,8,1.0016070781428545,1.0250960234375,32152765,350,NVIDIA H20,dbb97c377e4daee6625419bcb310ccc659d398fa59244d8e47394a251cc34342,d44521d,/mnt/output/opening_strength_fit/datasets/opening_1401_1410_features_350,/mnt/output/opening_strength_fit/datasets/opening_1401_1410_labels_h3m_v2
w1401_1410_h3m,14:01-14:10,3m,2024-07,10,10,0.9995640131127707,1.016901796875,33275143,350,NVIDIA H20,dbb97c377e4daee6625419bcb310ccc659d398fa59244d8e47394a251cc34342,d44521d,/mnt/output/opening_strength_fit/datasets/opening_1401_1410_features_350,/mnt/output/opening_strength_fit/datasets/opening_1401_1410_labels_h3m_v2
w1401_1410_h3m,14:01-14:10,3m,2025-01,10,10,0.9925351725147996,1.0094738828125,34052868,350,NVIDIA H20,dbb97c377e4daee6625419bcb310ccc659d398fa59244d8e47394a251cc34342,d44521d,/mnt/output/opening_strength_fit/datasets/opening_1401_1410_features_350,/mnt/output/opening_strength_fit/datasets/opening_1401_1410_labels_h3m_v2
w1401_1410_h3m,14:01-14:10,3m,2025-07,9,6,0.9968157449526562,1.02810959375,34682022,350,NVIDIA H20,dbb97c377e4daee6625419bcb310ccc659d398fa59244d8e47394a251cc34342,d44521d,/mnt/output/opening_strength_fit/datasets/opening_1401_1410_features_350,/mnt/output/opening_strength_fit/datasets/opening_1401_1410_labels_h3m_v2
w1401_1410_h5m,14:01-14:10,5m,2022-01,10,9,1.0361225776395089,1.0335434375,26959420,350,NVIDIA A100 80GB PCIe,08326320e6c97f267a09057f12ff0ae91b7341d629083428b3bac7d774c6c723,4163dee,/mnt/output/opening_strength_fit/datasets/opening_1401_1410_features_350,/mnt/output/opening_strength_fit/datasets/opening_1401_1410_labels_h5m_v2
w1401_1410_h5m,14:01-14:10,5m,2022-07,10,9,1.0334923960725724,1.0507755859375,28081290,350,NVIDIA A100 80GB PCIe,08326320e6c97f267a09057f12ff0ae91b7341d629083428b3bac7d774c6c723,4163dee,/mnt/output/opening_strength_fit/datasets/opening_1401_1410_features_350,/mnt/output/opening_strength_fit/datasets/opening_1401_1410_labels_h5m_v2
w1401_1410_h5m,14:01-14:10,5m,2023-01,10,10,1.0388539079527785,1.0637969296875,29485763,350,NVIDIA A100 80GB PCIe,08326320e6c97f267a09057f12ff0ae91b7341d629083428b3bac7d774c6c723,4163dee,/mnt/output/opening_strength_fit/datasets/opening_1401_1410_features_350,/mnt/output/opening_strength_fit/datasets/opening_1401_1410_labels_h5m_v2
w1401_1410_h5m,14:01-14:10,5m,2023-07,10,8,1.0365665791413756,1.0521371796875,30895303,350,NVIDIA H20,08326320e6c97f267a09057f12ff0ae91b7341d629083428b3bac7d774c6c723,4163dee,/mnt/output/opening_strength_fit/datasets/opening_1401_1410_features_350,/mnt/output/opening_strength_fit/datasets/opening_1401_1410_labels_h5m_v2
w1401_1410_h5m,14:01-14:10,5m,2024-01,10,9,1.0392423673822058,1.0562583046875,32168479,350,NVIDIA H20,08326320e6c97f267a09057f12ff0ae91b7341d629083428b3bac7d774c6c723,4163dee,/mnt/output/opening_strength_fit/datasets/opening_1401_1410_features_350,/mnt/output/opening_strength_fit/datasets/opening_1401_1410_labels_h5m_v2
w1401_1410_h5m,14:01-14:10,5m,2024-07,10,10,1.0368707349669808,1.042369203125,33291188,350,NVIDIA A100 80GB PCIe,08326320e6c97f267a09057f12ff0ae91b7341d629083428b3bac7d774c6c723,4163dee,/mnt/output/opening_strength_fit/datasets/opening_1401_1410_features_350,/mnt/output/opening_strength_fit/datasets/opening_1401_1410_labels_h5m_v2
w1401_1410_h5m,14:01-14:10,5m,2025-01,10,9,1.0312027954001657,1.0138034765625,34070960,350,NVIDIA H20,08326320e6c97f267a09057f12ff0ae91b7341d629083428b3bac7d774c6c723,4163dee,/mnt/output/opening_strength_fit/datasets/opening_1401_1410_features_350,/mnt/output/opening_strength_fit/datasets/opening_1401_1410_labels_h5m_v2
w1401_1410_h5m,14:01-14:10,5m,2025-07,10,10,1.0322276917721358,1.07540628125,34700772,350,NVIDIA A100 80GB PCIe,08326320e6c97f267a09057f12ff0ae91b7341d629083428b3bac7d774c6c723,4163dee,/mnt/output/opening_strength_fit/datasets/opening_1401_1410_features_350,/mnt/output/opening_strength_fit/datasets/opening_1401_1410_labels_h5m_v2
